EI	EL	assocID	chemsIncludedInEvidenceBySource	diseaseClasses_DO	diseaseClasses_HPO	diseaseClasses_MSH	diseaseClasses_UMLS_ST	diseaseName	diseaseType	diseaseUMLSCUI	diseaseVocabularies	disease_inheritance	disease_prevalence_class	disease_prevalence_geo_area	disease_prevalence_type	geneDPI	geneDSI	geneEnsemblIDs	geneNcbiID	geneNcbiType	geneProteinClassIDs	geneProteinClassNames	geneProteinStrIDs	genepLI	numCTsupportingAssociation	numChemsIncludedInEvidences	numPMIDSWithChemsIncludedInEvidences	numPMIDs	numberChemsFiltered	numberPmidsWithChemsFiltered	score	symbolOfGene	yearFinal	yearInitial
0.9440559440559441		50006982	[]	[disease of anatomical entity (7)]	[]	[Immune System Diseases (C20), Endocrine System Diseases (C19)]	[Disease or Syndrome (T047)]	Polyglandular Type I Autoimmune Syndrome	disease	C0085859	[OMIM_240300, MESH_D016884, NCI_C129727, ORDO_3453, ORDO_282196, DO_0050167, DO_14040, MONDO_0009411, UMLS_C0085859]	Autosomal recessive	1-9 / 100 000,1-9 / 1 000 000	Finland,France	Point prevalence,Point prevalence	0.87	0.482	[ENSG00000160224]	326	protein-coding	[]	[]	[O43918]	2.7675E-16	0			160			1.0	AIRE	2024	1967
0.931899641577061		45250762	[]	[disease of anatomical entity (7)]	[Abnormality of the immune system (02715)]	[Congenital, Hereditary, and Neonatal Diseases and Abnormalities (C16), Nutritional and Metabolic Diseases (C18), Immune System Diseases (C20)]	[Disease or Syndrome (T047)]	Severe Combined Immunodeficiency	disease	C0085110	[MESH_D016511, HPO_HP:0004430, NCI_C3472, ORDO_183660, DO_5812, DO_627, MONDO_0015974, UMLS_C0085110]	Autosomal recessive,X-linked recessive	1-9 / 100 000,1-9 / 100 000,1-9 / 100 000,1-9 / 100 000,1-9 / 100 000,1-9 / 100 000	Europe,France,Greece,Chile,Costa rica,United States	Prevalence at birth,Prevalence at birth,Prevalence at birth,Prevalence at birth,Prevalence at birth,Prevalence at birth	0.913	0.403	[ENSG00000196839]	100	protein-coding	[DTO_05007624]	[Enzyme]	[P00813]	9.3522E-15	1			53			1.0	ADA	2023	1985
0.9708333333333333		100250325	[]	[]	[]	[Immune System Diseases (C20), Skin and Connective Tissue Diseases (C17), Congenital, Hereditary, and Neonatal Diseases and Abnormalities (C16), Pathological Conditions, Signs and Symptoms (C23)]	[Disease or Syndrome (T047)]	Cryopyrin-Associated Periodic Syndromes	disease	C2316212	[MESH_D056587, NCI_C84657, ORDO_208650, DO_0050854, MONDO_0016168, UMLS_C2316212]	Autosomal dominant,Not applicable	1-9 / 1 000 000	France	Point prevalence	0.913	0.356	[ENSG00000162711]	114548	protein-coding	[]	[]	[Q96P20]	9.3769E-6	1			113			1.0	NLRP3	2023	2001
0.9372197309417041		90143748	[]	[disease of anatomical entity (7)]	[]	[Congenital, Hereditary, and Neonatal Diseases and Abnormalities (C16), Immune System Diseases (C20), Hemic and Lymphatic Diseases (C15)]	[Disease or Syndrome (T047)]	Autoimmune Lymphoproliferative Syndrome	disease	C1328840	[OMIM_601859, ICD9CM_279.41, MESH_D056735, NCI_C37864, ORDO_3261, DO_6688, MONDO_0011158, MONDO_0017979, EFO_1001264, UMLS_C1328840]	Autosomal dominant,Autosomal recessive				0.913	0.335	[ENSG00000026103]	355	protein-coding	[]	[]	[P25445]	0.99961	0			58			1.0	FAS	2022	1975
0.946236559139785		70328887	[]	[disease of anatomical entity (7), genetic disease (630)]	[]	[Immune System Diseases (C20), Skin and Connective Tissue Diseases (C17), Congenital, Hereditary, and Neonatal Diseases and Abnormalities (C16), Pathological Conditions, Signs and Symptoms (C23)]	[Disease or Syndrome (T047)]	Chronic Infantile Neurological, Cutaneous, and Articular Syndrome	disease	C0409818	[OMIM_607115, MESH_D056587, NCI_C116380, OMIM_606416, ORDO_208650, ORDO_1451, DO_0050854, DO_0090029, MONDO_0011776, MONDO_0016168, UMLS_C0409818]	Autosomal dominant,Not applicable				0.913	0.356	[ENSG00000162711]	114548	protein-coding	[]	[]	[Q96P20]	9.3769E-6	0			24			1.0	NLRP3	2020	2001
0.9655172413793104		60277838	[]	[syndrome (225), genetic disease (630)]	[]	[Congenital, Hereditary, and Neonatal Diseases and Abnormalities (C16), Skin and Connective Tissue Diseases (C17), Immune System Diseases (C20), Pathological Conditions, Signs and Symptoms (C23)]	[Disease or Syndrome (T047)]	Muckle-Wells Syndrome	disease	C0268390	[OMIM_191900, MESH_D056587, NCI_C119054, OMIM_606416, ORDO_575, ORDO_208650, DO_0050854, MONDO_0008633, MONDO_0016168, UMLS_C0268390]	Autosomal dominant				0.913	0.356	[ENSG00000162711]	114548	protein-coding	[]	[]	[Q96P20]	9.3769E-6	0			13			1.0	NLRP3	2020	2001
0.9605263157894737		105350030	[]	[disease of anatomical entity (7), genetic disease (630)]	[]	[]	[Disease or Syndrome (T047)]	STING-ASSOCIATED VASCULOPATHY, INFANTILE-ONSET	disease	C4014722	[OMIM_615934, OMIM_612374, NCI_C177547, ORDO_425120, DO_0111457, MONDO_0014405, UMLS_C4014722]	Autosomal dominant	<1 / 1 000 000	Worldwide	Point prevalence	0.913	0.432	[ENSG00000184584]	340061	protein-coding	[]	[]	[Q86WV6]	0.0014654	0			32			1.0	STING1	2022	2014
0.9558823529411765		45281371	[]	[disease of anatomical entity (7)]	[]	[Endocrine System Diseases (C19), Immune System Diseases (C20)]	[Disease or Syndrome (T047)]	Polyendocrinopathies, Autoimmune	disease	C0085409	[MESH_D016884, ICD10_E31.0, NCI_C84576, ORDO_282196, DO_0090110, DO_14040, MONDO_0017278, UMLS_C0085409]					0.87	0.482	[ENSG00000160224]	326	protein-coding	[]	[]	[O43918]	2.7675E-16	3			1			1.0	AIRE	2006	2006
0.9850746268656716		65302081	[]	[disease of anatomical entity (7), genetic disease (630)]	[]	[Pathological Conditions, Signs and Symptoms (C23), Immune System Diseases (C20), Skin and Connective Tissue Diseases (C17), Congenital, Hereditary, and Neonatal Diseases and Abnormalities (C16)]	[Disease or Syndrome (T047)]	Familial cold urticaria	disease	C0343068	[OMIM_120100, MESH_D056587, NCI_C119053, ORDO_208650, ORDO_47045, DO_0050854, DO_0090061, DO_0090062, DO_0090065, MONDO_0014498, MONDO_0007349, MONDO_0018768, MONDO_0016168, UMLS_C0343068]	Autosomal dominant				0.913	0.356	[ENSG00000162711]	114548	protein-coding	[]	[]	[Q96P20]	9.3769E-6	0			1			1.0	NLRP3	2001	2001
0.9245283018867925		90121827	[]	[genetic disease (630), disease of anatomical entity (7), physical disorder (0080015)]	[]	[Congenital, Hereditary, and Neonatal Diseases and Abnormalities (C16), Hemic and Lymphatic Diseases (C15)]	[Disease or Syndrome (T047)]	Congenital dyserythropoietic anemia, type II	disease	C1306589	[OMIM_224100, MESH_D000742, OMIM_610512, NCI_C175991, ORDO_85, ORDO_98873, DO_0111397, DO_0111401, DO_1338, MONDO_0019403, MONDO_0009134, UMLS_C1306589]	Autosomal recessive				0.87	0.525	[ENSG00000101310]	10483	protein-coding	[DTO_05007584]	[Enzyme modulator]	[Q15437]	1.5141E-18	0			33			1.0	SEC23B	2023	2009
0.9792746113989638		25282553	[]	[]	[]	[Pathological Conditions, Signs and Symptoms (C23)]	[Pathologic Function (T046)]	Inflammation	phenotype	C0021368	[MESH_D007249, NCI_C3137, UMLS_C0021368]					0.913	0.356	[ENSG00000162711]	114548	protein-coding	[]	[]	[Q96P20]	9.3769E-6	10			2			0.95	NLRP3	2012	2002
0.9693877551020408		65301735	[]	[disease of anatomical entity (7)]	[]	[Skin and Connective Tissue Diseases (C17), Congenital, Hereditary, and Neonatal Diseases and Abnormalities (C16)]	[Disease or Syndrome (T047)]	Generalized pustular psoriasis	disease	C0343055	[ICD10_L40.1, NCI_C202121, ORDO_247353, DO_0080474, DO_8503, MONDO_0013626, MONDO_0100491, UMLS_C0343055]	Autosomal recessive,Not applicable	1-9 / 1 000 000	France	Point prevalence	0.696	0.562	[ENSG00000136695]	26525	protein-coding	[]	[]	[Q9UBH0]	5.8067E-4	0			34			0.95	IL36RN	2021	2011
0.9347826086956522		5278938	[]	[disease of anatomical entity (7)]	[Abnormality of the musculoskeletal system (33127)]	[Skin and Connective Tissue Diseases (C17), Immune System Diseases (C20), Musculoskeletal Diseases (C05)]	[Disease or Syndrome (T047)]	Rheumatoid Arthritis	disease	C0003873	[MESH_D001172, ICD10_M06.9, OMIM_180300, ICD9CM_714.0, OMIM_607218, HPO_HP:0001370, NCI_C2884, DO_7148, MONDO_0008383, EFO_0000685, UMLS_C0003873]					0.957	0.348	[ENSG00000136689]	3557	protein-coding	[]	[]	[P18510]	0.0055013	3			2			0.95	IL1RN	2009	1995
0.9518072289156626		115103759	[]	[disease of anatomical entity (7)]	[]	[Immune System Diseases (C20), Congenital, Hereditary, and Neonatal Diseases and Abnormalities (C16)]	[Disease or Syndrome (T047)]	Deficiency of interleukin 36 receptor antagonist	disease	C4759670	[OMIM_614204, NCI_C119057, OMIM_605507, ORDO_404546, DO_0080474, MONDO_0013626, UMLS_C4759670]	Autosomal recessive	<1 / 1 000 000	Worldwide	Point prevalence	0.696	0.562	[ENSG00000136695]	26525	protein-coding	[]	[]	[Q9UBH0]	5.8067E-4	0			4			0.95	IL36RN	2013	2011
0.9545454545454546		5309671	[]	[disease of anatomical entity (7)]	[Abnormality of the respiratory system (02086), Abnormality of the immune system (02715)]	[Immune System Diseases (C20), Respiratory Tract Diseases (C08)]	[Disease or Syndrome (T047)]	Asthma	disease	C0004096	[ICD10_J45, MESH_D001249, ICD10_J45.9, HPO_HP:0002099, NCI_C28397, ICD9CM_493, ICD9CM_493.9, DO_2841, DO_9360, DO_9415, MONDO_0004979, UMLS_C0004096]					0.957	0.348	[ENSG00000136689]	3557	protein-coding	[]	[]	[P18510]	0.0055013	2			1			0.95	IL1RN	1997	1997
0.9468085106382979		30256452	[]	[disease of anatomical entity (7)]	[Abnormality of the immune system (02715)]	[Immune System Diseases (C20), Skin and Connective Tissue Diseases (C17)]	[Disease or Syndrome (T047)]	Lupus Erythematosus, Systemic	disease	C0024141	[MESH_D008180, ICD10_M32, NCI_C3201, ICD10_M32.9, OMIM_152700, ICD9CM_710.0, HPO_HP:0002725, ORDO_536, DO_9074, MONDO_0007915, UMLS_C0024141]	Not applicable	1-5 / 10 000,6-9 / 10 000,1-5 / 10 000,1-5 / 10 000,1-5 / 10 000,1-5 / 10 000,1-5 / 10 000,1-5 / 10 000,1-9 / 100 000,1-5 / 10 000,6-9 / 10 000	France,Martinique,New Zealand,Korea, Republic of,United States,Taiwan, Province of China,Europe,Finland,Worldwide,Worldwide,Poland	Point prevalence,Point prevalence,Point prevalence,Point prevalence,Point prevalence,Point prevalence,Point prevalence,Point prevalence,Annual incidence,Point prevalence,Annual incidence	0.913	0.335	[ENSG00000026103]	355	protein-coding	[]	[]	[P25445]	0.99961	0			1			0.9	FAS	2023	2023
0.8615384615384616		25297906	[]	[]	[]	[Pathological Conditions, Signs and Symptoms (C23)]	[Pathologic Function (T046)]	Inflammation	phenotype	C0021368	[MESH_D007249, NCI_C3137, UMLS_C0021368]					0.957	0.348	[ENSG00000136689]	3557	protein-coding	[]	[]	[P18510]	0.0055013	25			1			0.9	IL1RN	2015	2015
0.9074074074074074		15373816	[]	[disease of metabolism (0014667), genetic disease (630)]	[Abnormality of metabolism/homeostasis (01939), Abnormality of the endocrine system (00818)]	[Nutritional and Metabolic Diseases (C18), Endocrine System Diseases (C19)]	[Disease or Syndrome (T047)]	Diabetes Mellitus, Non-Insulin-Dependent	disease	C0011860	[MESH_D003924, ICD10_E11, OMIM_125853, NCI_C26747, OMIM_600509, OMIM_147545, HPO_HP:0005978, OMIM_138079, OMIM_147670, OMIM_167413, OMIM_600281, OMIM_189907, OMIM_138430, OMIM_164731, OMIM_601724, DO_9352, MONDO_0005148, UMLS_C0011860]					0.957	0.348	[ENSG00000136689]	3557	protein-coding	[]	[]	[P18510]	0.0055013	10			0			0.9	IL1RN		
0.8235294117647058		5278464	[]	[disease of anatomical entity (7)]	[Abnormality of the musculoskeletal system (33127)]	[Skin and Connective Tissue Diseases (C17), Immune System Diseases (C20), Musculoskeletal Diseases (C05)]	[Disease or Syndrome (T047)]	Rheumatoid Arthritis	disease	C0003873	[MESH_D001172, ICD10_M06.9, OMIM_180300, ICD9CM_714.0, OMIM_607218, HPO_HP:0001370, NCI_C2884, DO_7148, MONDO_0008383, EFO_0000685, UMLS_C0003873]					0.913	0.335	[ENSG00000026103]	355	protein-coding	[]	[]	[P25445]	0.99961	1			0			0.9	FAS		
0.7692307692307693		15050057	[]	[disease of anatomical entity (7)]	[Abnormality of the immune system (02715), Abnormality of the digestive system (25031)]	[Digestive System Diseases (C06)]	[Disease or Syndrome (T047)]	Ulcerative Colitis	disease	C0009324	[ICD10_K51, MESH_D003093, ICD10_K51.9, OMIM_266600, ICD9CM_556.9, HPO_HP:0100279, NCI_C2952, ICD9CM_556, DO_8577, MONDO_0005101, EFO_0000729, UMLS_C0009324]					0.957	0.348	[ENSG00000136689]	3557	protein-coding	[]	[]	[P18510]	0.0055013	1			0			0.9	IL1RN		
0.8620689655172413		10368055	[]	[disease of anatomical entity (7), disease of cellular proliferation (14566)]	[Neoplasm (02664), Abnormality of the genitourinary system (00119)]	[Urogenital Diseases (C12), Neoplasms (C04)]	[Neoplastic Process (T191)]	Renal Cell Carcinoma	disease	C0007134	[MESH_D002292, OMIM_144700, HPO_HP:0005584, NCI_C9385, ORDO_217071, DO_4450, DO_4451, DO_4464, DO_4465, DO_4467, DO_4471, DO_4473, MONDO_0005086, MONDO_0005549, EFO_0000349, EFO_0000681, EFO_0005708, UMLS_C0007134]	Not applicable	1-5 / 10 000,1-9 / 100 000	Europe,Europe	Point prevalence,Annual incidence	0.913	0.335	[ENSG00000026103]	355	protein-coding	[]	[]	[P25445]	0.99961	1			0			0.9	FAS		
0.9583333333333334		70299346	[]	[disease of anatomical entity (7), disease of metabolism (0014667), genetic disease (630)]	[]	[Digestive System Diseases (C06)]	[Disease or Syndrome (T047)]	Non-alcoholic Fatty Liver Disease	disease	C0400966	[NCI_C84444, MESH_D065626, DO_0080208, MONDO_0013209, EFO_0003095, EFO_1001248, UMLS_C0400966]					0.913	0.356	[ENSG00000162711]	114548	protein-coding	[]	[]	[Q96P20]	9.3769E-6	3			1			0.9	NLRP3	2021	2021
0.8636363636363636		45046242	[]	[]	[Abnormality of the nervous system (00707), Abnormality of the cardiovascular system (01626)]	[Nervous System Diseases (C10), Cardiovascular Diseases (C14)]	[Disease or Syndrome (T047)]	Cerebrovascular accident	disease	C0038454	[MESH_D020521, NCI_C3390, ICD10_I64, OMIM_601367, HPO_HP:0001297, DO_6713, MONDO_0005098, EFO_0000712, UMLS_C0038454]					0.957	0.348	[ENSG00000136689]	3557	protein-coding	[]	[]	[P18510]	0.0055013	3			1			0.9	IL1RN	2002	2002
0.7647058823529411		15261364	[]	[disease of mental health (150)]	[]	[Behavior and Behavior Mechanisms (F01)]	[Mental or Behavioral Dysfunction (T048)]	Mental Depression	disease	C0011570	[MESH_D003863, NCI_C2982, DO_1596, DO_1470, MONDO_0002050, UMLS_C0011570]					0.957	0.348	[ENSG00000136689]	3557	protein-coding	[]	[]	[P18510]	0.0055013	14			0			0.9	IL1RN		
0.8		40065782	[]	[disease of anatomical entity (7)]	[Abnormality of head or neck (00152), Abnormality of the immune system (02715)]	[Stomatognathic Diseases (C07)]	[Disease or Syndrome (T047)]	Periodontitis	disease	C0031099	[MESH_D010518, HPO_HP:0000704, NCI_C34918, DO_824, MONDO_0005593, MONDO_0005076, EFO_0000649, EFO_0006343, UMLS_C0031099]					0.957	0.348	[ENSG00000136689]	3557	protein-coding	[]	[]	[P18510]	0.0055013	1			0			0.9	IL1RN		
0.9166666666666666		20129538	[]	[]	[Abnormality of metabolism/homeostasis (01939)]	[Pathological Conditions, Signs and Symptoms (C23)]	[Sign or Symptom (T184)]	Fever	phenotype	C0015967	[MESH_D005334, ICD10_R50.9, ICD9CM_780.60, HPO_HP:0001945, NCI_C3038, UMLS_C0015967]					0.957	0.348	[ENSG00000136689]	3557	protein-coding	[]	[]	[P18510]	0.0055013	1			1			0.9	IL1RN	2006	2006
1.0		15328245	[]	[disease of anatomical entity (7), disease of metabolism (0014667), genetic disease (630)]	[Abnormality of metabolism/homeostasis (01939), Abnormality of the endocrine system (00818)]	[Nutritional and Metabolic Diseases (C18), Immune System Diseases (C20), Endocrine System Diseases (C19)]	[Disease or Syndrome (T047)]	Diabetes Mellitus, Insulin-Dependent	disease	C0011854	[MESH_D003922, ICD10_E10, OMIM_222100, NCI_C2986, HPO_HP:0100651, ORDO_243377, DO_0110741, DO_0110742, DO_0110743, DO_0110744, DO_0110745, DO_0110746, DO_9744, DO_0110747, DO_0110749, DO_0110750, DO_0110751, DO_0110752, DO_0110753, DO_0110754, DO_0110755, DO_0110756, DO_0110757, DO_0110758, DO_0110759, DO_0110760, DO_0110761, MONDO_0005147, MONDO_0007454, MONDO_0010950, MONDO_0011572, MONDO_0011016, MONDO_0011033, MONDO_0011068, MONDO_0011123, MONDO_0012422, MONDO_0010861, MONDO_0010862, MONDO_0010863, MONDO_0010864, MONDO_0011167, MONDO_0011168, MONDO_0012919, MONDO_0012920, MONDO_0012921, MONDO_0012961, MONDO_0011302, MONDO_0013078, UMLS_C0011854]					0.957	0.348	[ENSG00000136689]	3557	protein-coding	[]	[]	[P18510]	0.0055013	3			0			0.9	IL1RN		
0.9		30003499	[]	[disease of anatomical entity (7)]	[Abnormality of the genitourinary system (00119)]	[Urogenital Diseases (C12)]	[Disease or Syndrome (T047)]	Kidney Diseases	disease	C0022658	[MESH_D007674, NCI_C3149, HPO_HP:0000112, NCI_C34843, DO_10952, DO_1425, DO_2527, DO_2921, DO_557, MONDO_0005240, EFO_0003086, UMLS_C0022658]					0.913	0.356	[ENSG00000162711]	114548	protein-coding	[]	[]	[Q96P20]	9.3769E-6	1			0			0.9	NLRP3		
0.7592592592592593		30335461	[]	[disease of anatomical entity (7), disease of cellular proliferation (14566)]	[Neoplasm (02664), Abnormality of the digestive system (25031)]	[Neoplasms (C04), Digestive System Diseases (C06)]	[Neoplastic Process (T191)]	Malignant neoplasm of stomach	disease	C0024623	[ICD10_C16, ICD10_C16.9, MESH_D013274, ICD9CM_151.9, OMIM_613659, HPO_HP:0012126, NCI_C9331, ICD9CM_151, ORDO_63443, DO_10534, MONDO_0001056, MONDO_0021085, EFO_0000178, EFO_0003897, UMLS_C0024623]					0.957	0.348	[ENSG00000136689]	3557	protein-coding	[]	[]	[P18510]	0.0055013	0			0			0.85	IL1RN		
0.92		60263946	[]	[disease of anatomical entity (7)]	[]	[Congenital, Hereditary, and Neonatal Diseases and Abnormalities (C16), Nutritional and Metabolic Diseases (C18), Immune System Diseases (C20), Hemic and Lymphatic Diseases (C15)]	[Disease or Syndrome (T047)]	Adenosine deaminase deficiency	disease	C0268124	[ICD10_D81.3, MESH_C531816, NCI_C3962, ORDO_277, DO_5810, MONDO_0007064, UMLS_C0268124]					0.913	0.403	[ENSG00000196839]	100	protein-coding	[DTO_05007624]	[Enzyme]	[P00813]	9.3522E-15	0			0			0.85	ADA		
0.931930693069307		40060584	[]	[disease of anatomical entity (7), genetic disease (630)]	[]	[Congenital, Hereditary, and Neonatal Diseases and Abnormalities (C16)]	[Disease or Syndrome (T047)]	Familial Mediterranean Fever	disease	C0031069	[MESH_D010505, ICD9CM_277.31, OMIM_249100, NCI_C84707, OMIM_608107, ORDO_342, DO_0050452, DO_2987, MONDO_0018088, MONDO_0009572, UMLS_C0031069]	Autosomal dominant,Autosomal recessive	>1 / 1000,1-9 / 100 000	Armenia,Sweden	Point prevalence,Point prevalence	0.957	0.441	[ENSG00000103313]	4210	protein-coding	[]	[]	[O15553]	2.2078E-19	5			279			1.0	MEFV	2022	1975
0.9819277108433735		100062906	[]	[disease of anatomical entity (7), genetic disease (630)]	[]	[Hemic and Lymphatic Diseases (C15)]	[Disease or Syndrome (T047)]	HEMOPHAGOCYTIC LYMPHOHISTIOCYTOSIS, FAMILIAL, 2	disease	C1863727	[OMIM_603553, MESH_C537250, OMIM_170280, NCI_C203462, DO_0110922, MONDO_0011337, UMLS_C1863727]					0.913	0.41	[ENSG00000180644]	5551	protein-coding	[]	[]	[P14222]	2.8861E-4	0			144			1.0	PRF1	2023	1975
0.9863945578231292		70294117	[]	[disease of anatomical entity (7), disease of metabolism (0014667), genetic disease (630)]	[]	[Nutritional and Metabolic Diseases (C18), Hemic and Lymphatic Diseases (C15), Immune System Diseases (C20), Nervous System Diseases (C10), Congenital, Hereditary, and Neonatal Diseases and Abnormalities (C16)]	[Disease or Syndrome (T047)]	Hyperimmunoglobulinemia D	disease	C0398691	[OMIM_260920, MESH_D054078, OMIM_251170, ORDO_343, ORDO_309025, DO_0050452, DO_0081450, MONDO_0017708, MONDO_0012481, MONDO_0009849, UMLS_C0398691]	Autosomal recessive				0.87	0.527	[ENSG00000110921]	4598	protein-coding	[DTO_03300101]	[Kinase]	[Q03426]	8.9591E-10	0			104			1.0	MVK	2022	1993
0.9849624060150376		100121132	[]	[disease of metabolism (0014667), genetic disease (630)]	[]	[Nutritional and Metabolic Diseases (C18), Hemic and Lymphatic Diseases (C15), Immune System Diseases (C20), Nervous System Diseases (C10), Congenital, Hereditary, and Neonatal Diseases and Abnormalities (C16)]	[Disease or Syndrome (T047)]	Mevalonic Aciduria	disease	C1959626	[OMIM_610377, MESH_D054078, OMIM_251170, ORDO_29, ORDO_309025, DO_0050452, MONDO_0017708, MONDO_0012481, UMLS_C1959626]	Autosomal recessive	<1 / 1 000 000	Worldwide	Point prevalence	0.87	0.527	[ENSG00000110921]	4598	protein-coding	[DTO_03300101]	[Kinase]	[Q03426]	8.9591E-10	0			113			1.0	MVK	2022	1992
0.9888888888888889		100066016	[]	[syndrome (225), genetic disease (630)]	[]	[Musculoskeletal Diseases (C05), Pathological Conditions, Signs and Symptoms (C23), Hemic and Lymphatic Diseases (C15), Nervous System Diseases (C10), Otorhinolaryngologic Diseases (C09)]	[Disease or Syndrome (T047)]	Histiocytosis with joint contractures and sensorineural deafness	disease	C1864445	[MESH_C538322, OMIM_602782, OMIM_612373, ORDO_168569, DO_0111278, MONDO_0011273, UMLS_C1864445]	Autosomal recessive	<1 / 1 000 000	Worldwide	Point prevalence	0.87	0.54	[ENSG00000198246]	55315	protein-coding	[DTO_05007405]	[Transporter]	[Q9BZD2]	1.0895E-4	0			48			1.0	SLC29A3	2023	1998
0.9736842105263158		65295382	[]	[disease of metabolism (0014667), genetic disease (630)]	[]	[Hemic and Lymphatic Diseases (C15), Nutritional and Metabolic Diseases (C18), Nervous System Diseases (C10), Immune System Diseases (C20), Congenital, Hereditary, and Neonatal Diseases and Abnormalities (C16)]	[Disease or Syndrome (T047)]	Deficiency of mevalonate kinase	disease	C0342731	[MESH_D054078, NCI_C84890, ORDO_309025, DO_0050452, DO_2987, MONDO_0017708, MONDO_0012481, UMLS_C0342731]	Not applicable				0.87	0.527	[ENSG00000110921]	4598	protein-coding	[DTO_03300101]	[Kinase]	[Q03426]	8.9591E-10	0			18			0.95	MVK	2022	1976
0.875		105241947	[]	[disease of anatomical entity (7), genetic disease (630)]	[]	[Immune System Diseases (C20)]	[Disease or Syndrome (T047)]	AUTOINFLAMMATION, ANTIBODY DEFICIENCY, AND IMMUNE DYSREGULATION, PLCG2-ASSOCIATED	disease	C3553961	[OMIM_614878, OMIM_600220, ORDO_324530, DO_0070615, MONDO_0013944, UMLS_C3553961]	Autosomal dominant	<1 / 1 000 000	Worldwide	Point prevalence	0.87	0.51	[ENSG00000197943]	5336	protein-coding	[DTO_05007624]	[Enzyme]	[P16885]	0.99864	0			3			0.95	PLCG2	2021	2012
0.9454545454545454		65004357	[]	[]	[]	[Hemic and Lymphatic Diseases (C15)]	[Disease or Syndrome (T047)]	Familial Hemophagocytic Lymphocytosis	disease	C0272199	[OMIM_267700, NCI_C61276, MESH_D051359, ORDO_540, ORDO_158038, DO_0050120, MONDO_0015541, MONDO_0009974, UMLS_C0272199]	Autosomal recessive	1-9 / 100 000,1-9 / 1 000 000	Sweden,China	Prevalence at birth,Annual incidence	0.913	0.41	[ENSG00000180644]	5551	protein-coding	[]	[]	[P14222]	2.8861E-4	0			66			0.9	PRF1	2023	1993
1.0		45244928	[]	[disease of anatomical entity (7)]	[]	[Skin and Connective Tissue Diseases (C17)]	[Disease or Syndrome (T047)]	Sweet Syndrome	disease	C0085077	[MESH_D016463, ICD10_L98.2, OMIM_608068, NCI_C85177, OMIM_608107, ORDO_3243, DO_0080746, MONDO_0011959, UMLS_C0085077]	Multigenic/multifactorial				0.957	0.441	[ENSG00000103313]	4210	protein-coding	[]	[]	[O15553]	2.2078E-19	0			28			0.9	MEFV	2020	1975
0.96875		5128661	[]	[disease of anatomical entity (7), genetic disease (630)]	[Abnormality of the nervous system (00707)]	[Mental Disorders (F03), Nervous System Diseases (C10)]	[Disease or Syndrome (T047)]	Alzheimer's Disease	disease	C0002395	[MESH_D000544, ICD10_G30, ICD10_G30.9, NCI_C2866, OMIM_104300, ICD9CM_331.0, OMIM_516000, HPO_HP:0002511, DO_10652, DO_11870, DO_0110035, DO_0110037, DO_0110038, DO_0110039, DO_0110041, DO_0110043, DO_0110044, DO_0110045, DO_0110046, DO_0110047, DO_0110048, MONDO_0007089, MONDO_0004975, MONDO_0011401, MONDO_0011561, MONDO_0011647, MONDO_0011777, MONDO_0012321, MONDO_0012344, MONDO_0012609, MONDO_0012630, MONDO_0012631, MONDO_0011194, UMLS_C0002395]					0.87	0.51	[ENSG00000197943]	5336	protein-coding	[DTO_05007624]	[Enzyme]	[P16885]	0.99864	0			1			0.9	PLCG2	2017	2017
1.0		35068349	[]	[disease of anatomical entity (7)]	[]	[Immune System Diseases (C20), Nervous System Diseases (C10)]	[Disease or Syndrome (T047)]	Multiple Sclerosis	disease	C0026769	[MESH_D009103, ICD10_G35, ICD9CM_340, NCI_C3243, ORDO_802, DO_2377, MONDO_0005301, EFO_0803536, UMLS_C0026769]					0.913	0.41	[ENSG00000180644]	5551	protein-coding	[]	[]	[P14222]	2.8861E-4	1			0			0.9	PRF1		
0.8461538461538461		45022998	[]	[disease of anatomical entity (7)]	[]	[Musculoskeletal Diseases (C05)]	[Disease or Syndrome (T047)]	Ankylosing spondylitis	disease	C0038013	[ICD10_M45, MESH_D013167, ICD9CM_720.0, NCI_C84564, ORDO_825, DO_7147, MONDO_0005306, EFO_0003898, UMLS_C0038013]					0.87	0.422	[ENSG00000240065]	5698	protein-coding	[]	[]	[P28065]	7.4741E-4	0			0			0.9	PSMB9		
0.8571428571428571		30084426	[]	[disease of anatomical entity (7), disease of cellular proliferation (14566)]	[Neoplasm (02664), Abnormality of blood and blood-forming tissues (01871), Abnormality of the immune system (02715)]	[Immune System Diseases (C20), Neoplasms (C04), Hemic and Lymphatic Diseases (C15), Pathological Conditions, Signs and Symptoms (C23)]	[Neoplastic Process (T191)]	Chronic Lymphocytic Leukemia	disease	C0023434	[MESH_D015451, ICD10_C91.1, NCI_C3163, OMIM_151400, HPO_HP:0005550, ICD9CM_204.1, ORDO_67038, DO_1040, DO_1703, MONDO_0004948, EFO_0000095, UMLS_C0023434]	Multigenic/multifactorial,Not applicable	1-5 / 10 000,1-9 / 100 000	Europe,France	Point prevalence,Annual incidence	0.87	0.51	[ENSG00000197943]	5336	protein-coding	[DTO_05007624]	[Enzyme]	[P16885]	0.99864	3			1			0.85	PLCG2	2016	2016
0.7692307692307693		25109152	[]	[disease by infectious agent (0050117)]	[]	[Infections (C01), Urogenital Diseases (C12), Immune System Diseases (C20)]	[Disease or Syndrome (T047)]	HIV Infections	disease	C0019693	[MESH_D015658, ICD10_B20-B24.9, ICD10_B24, ICD9CM_042, NCI_C3108, ICD9CM_042-042.99, DO_526, DO_635, MONDO_0005109, EFO_0000764, UMLS_C0019693]					0.913	0.41	[ENSG00000180644]	5551	protein-coding	[]	[]	[P14222]	2.8861E-4	2			0			0.85	PRF1		
0.9166666666666666		30284351	[]	[disease of anatomical entity (7), disease of cellular proliferation (14566)]	[Neoplasm (02664), Abnormality of blood and blood-forming tissues (01871)]	[Immune System Diseases (C20), Neoplasms (C04), Hemic and Lymphatic Diseases (C15)]	[Neoplastic Process (T191)]	Lymphoma	disease	C0024299	[MESH_D008223, NCI_C3208, HPO_HP:0002665, ORDO_223735, DO_0060058, DO_0060060, MONDO_0005062, EFO_0000574, UMLS_C0024299]					0.87	0.422	[ENSG00000240065]	5698	protein-coding	[]	[]	[P28065]	7.4741E-4	4			0			0.85	PSMB9		
0.9090909090909091		105171575	[]	[disease of anatomical entity (7), genetic disease (630)]	[]	[]	[Disease or Syndrome (T047)]	Glycoprotein VI deficiency	disease	C3280120	[OMIM_614201, OMIM_605546, ORDO_98885, DO_0111057, MONDO_0013623, UMLS_C3280120]	Autosomal recessive				0.826	0.539	[ENSG00000088053]	51206	protein-coding	[DTO_05007575]	[Receptor]	[Q9HCN6]	1.0028E-15	0			10			0.85	GP6	2019	2000
0.9595959595959596		110159977	[]	[]	[]	[Skin and Connective Tissue Diseases (C17), Congenital, Hereditary, and Neonatal Diseases and Abnormalities (C16)]	[Disease or Syndrome (T047)]	adenosine deaminase 2 deficiency	disease	C4289994	[NCI_C126347, OMIM_615688, MESH_C000723487, MONDO_0100317, UMLS_C4289994]					0.913	0.456	[ENSG00000093072]	51816	protein-coding	[DTO_05007624]	[Enzyme]	[Q9NZK5]	5.3041E-6	0			30			0.8	ADA2	2023	2010
0.8888888888888888		5421710	[]	[disease of anatomical entity (7)]	[]	[Eye Diseases (C11), Skin and Connective Tissue Diseases (C17), Cardiovascular Diseases (C14), Stomatognathic Diseases (C07), Congenital, Hereditary, and Neonatal Diseases and Abnormalities (C16)]	[Disease or Syndrome (T047)]	Behcet Syndrome	disease	C0004943	[MESH_D001528, ICD10_M35.2, OMIM_109650, NCI_C34416, ICD9CM_136.1, ORDO_117, DO_13241, MONDO_0007191, EFO_0003780, UMLS_C0004943]	Multigenic/multifactorial	1-9 / 1 000 000,1-9 / 1 000 000,1-9 / 100 000,1-9 / 1 000 000,1-9 / 100 000,1-9 / 100 000,1-5 / 10 000,1-9 / 100 000,1-9 / 100 000,1-5 / 10 000,>1 / 1000,1-5 / 10 000,1-5 / 10 000,1-9 / 1 000 000,1-5 / 10 000,1-9 / 100 000	Spain,Italy,United States,Iran, Islamic Republic of,France,Italy,United Kingdom,Sweden,Portugal,Japan,Turkey,Iran, Islamic Republic of,Israel,Taiwan, Province of China,Saudi Arabia,Korea, Republic of	Annual incidence,Annual incidence,Point prevalence,Annual incidence,Point prevalence,Point prevalence,Point prevalence,Point prevalence,Point prevalence,Point prevalence,Point prevalence,Point prevalence,Point prevalence,Annual incidence,Point prevalence,Annual incidence	0.957	0.441	[ENSG00000103313]	4210	protein-coding	[]	[]	[O15553]	2.2078E-19	0			1			0.8	MEFV	2013	2013
1.0		115097977	[]	[disease of anatomical entity (7), genetic disease (630)]	[]	[Skin and Connective Tissue Diseases (C17), Nutritional and Metabolic Diseases (C18)]	[Disease or Syndrome (T047)]	CANDLE syndrome	disease	C4746851	[OMIM_256040, OMIM_177046, NCI_C176619, DO_0050553, MONDO_0009726, MONDO_0054698, UMLS_C4746851]					0.913	0.454	[ENSG00000204264]	5696	protein-coding	[]	[]	[P28062]	2.8458E-4	0			10			0.8	PSMB8	2023	1993
0.9166666666666666		115077276	[]	[disease of anatomical entity (7), genetic disease (630)]	[]	[Immune System Diseases (C20), Congenital, Hereditary, and Neonatal Diseases and Abnormalities (C16), Skin and Connective Tissue Diseases (C17), Pathological Conditions, Signs and Symptoms (C23)]	[Disease or Syndrome (T047)]	Phospholipase C gamma 2 associated antibody deficiency and immune dysregulation (disorder)	disease	C4722480	[OMIM_614468, ORDO_300359, DO_0090064, MONDO_0013766, UMLS_C4722480]	Autosomal dominant	<1 / 1 000 000	Worldwide	Point prevalence	0.87	0.51	[ENSG00000197943]	5336	protein-coding	[DTO_05007624]	[Enzyme]	[P16885]	0.99864	0			2			0.8	PLCG2	2012	2012
1.0		35068599	[]	[disease of anatomical entity (7)]	[]	[Immune System Diseases (C20), Nervous System Diseases (C10)]	[Disease or Syndrome (T047)]	Multiple Sclerosis	disease	C0026769	[MESH_D009103, ICD10_G35, ICD9CM_340, NCI_C3243, ORDO_802, DO_2377, MONDO_0005301, EFO_0803536, UMLS_C0026769]					0.87	0.422	[ENSG00000240065]	5698	protein-coding	[]	[]	[P28065]	7.4741E-4	0			0			0.8	PSMB9		
0.9661016949152542		105343030	[]	[]	[]	[Pathological Conditions, Signs and Symptoms (C23)]	[Disease or Syndrome (T047)]	Autoinflammatory Syndrome	disease	C3890737	[NCI_C119050, ORDO_93665, MONDO_0019751, UMLS_C3890737]					0.957	0.441	[ENSG00000103313]	4210	protein-coding	[]	[]	[O15553]	2.2078E-19	0			0			0.75	MEFV		
0.88		40057925	[]	[disease of anatomical entity (7)]	[]	[Cardiovascular Diseases (C14), Skin and Connective Tissue Diseases (C17)]	[Disease or Syndrome (T047)]	Polyarteritis Nodosa	disease	C0031036	[MESH_D010488, ICD10_M30.0, NCI_C26847, ICD9CM_446.0, ORDO_767, DO_9810, MONDO_0019170, EFO_0009012, UMLS_C0031036]	Not applicable	1-9 / 100 000,1-9 / 100 000,1-9 / 100 000,1-9 / 1 000 000,1-9 / 1 000 000,1-9 / 100 000,<1 / 1 000 000	Europe,Sweden,France,Australia,Spain,Norway,Germany	Point prevalence,Point prevalence,Point prevalence,Annual incidence,Annual incidence,Point prevalence,Annual incidence	0.913	0.456	[ENSG00000093072]	51816	protein-coding	[DTO_05007624]	[Enzyme]	[Q9NZK5]	5.3041E-6	0			0			0.75	ADA2		
0.9545454545454546		95264424	[]	[disease of anatomical entity (7)]	[]	[Skin and Connective Tissue Diseases (C17), Chemically-Induced Disorders (C25)]	[Disease or Syndrome (T047)]	Nakajo syndrome	disease	C1850568	[MESH_C538334, OMIM_256040, ORDO_324977, DO_0060913, MONDO_0009726, UMLS_C1850568]	Autosomal recessive	<1 / 1 000 000	Worldwide	Point prevalence	0.913	0.454	[ENSG00000204264]	5696	protein-coding	[]	[]	[P28062]	2.8458E-4	0			6			0.75	PSMB8	2018	2010
0.8		40200299	[]	[disease of anatomical entity (7)]	[]	[Hemic and Lymphatic Diseases (C15), Pathological Conditions, Signs and Symptoms (C23), Immune System Diseases (C20), Skin and Connective Tissue Diseases (C17), Cardiovascular Diseases (C14)]	[Disease or Syndrome (T047)]	Henoch-Schoenlein Purpura	disease	C0034152	[MESH_D011695, ICD10_D69.0, ICD9CM_287.0, NCI_C34963, ORDO_761, DO_11123, MONDO_0019167, EFO_1000965, UMLS_C0034152]	Not applicable	6-9 / 10 000,1-5 / 10 000,1-9 / 100 000,1-5 / 10 000,1-9 / 100 000,1-5 / 10 000,1-9 / 100 000	Korea, Republic of,France,Croatia,United Kingdom,Netherlands,Sweden,Taiwan, Province of China	Annual incidence,Annual incidence,Annual incidence,Annual incidence,Annual incidence,Annual incidence,Annual incidence	0.957	0.441	[ENSG00000103313]	4210	protein-coding	[]	[]	[O15553]	2.2078E-19	0			0			0.75	MEFV		
1.0		105343052	[]	[]	[]	[Pathological Conditions, Signs and Symptoms (C23)]	[Disease or Syndrome (T047)]	Autoinflammatory Syndrome	disease	C3890737	[NCI_C119050, ORDO_93665, MONDO_0019751, UMLS_C3890737]					0.87	0.527	[ENSG00000110921]	4598	protein-coding	[DTO_03300101]	[Kinase]	[Q03426]	8.9591E-10	0			0			0.75	MVK		
0.9230769230769231		115305077	[]	[genetic disease (630), syndrome (225)]	[]	[Hemic and Lymphatic Diseases (C15)]	[Neoplastic Process (T191)]	Rosai-Dorfman disease	disease	C5848165	[MESH_D015618, NCI_C36075, ORDO_158014, DO_0111278, MONDO_0006412, MONDO_0011273, UMLS_C5848165]					0.87	0.54	[ENSG00000198246]	55315	protein-coding	[DTO_05007405]	[Transporter]	[Q9BZD2]	1.0895E-4	0			1			0.75	SLC29A3	2010	2010
0.9166666666666666		35121686	[]	[disease of anatomical entity (7)]	[Abnormality of the cardiovascular system (01626)]	[Pathological Conditions, Signs and Symptoms (C23), Cardiovascular Diseases (C14)]	[Disease or Syndrome (T047)]	Myocardial Infarction	disease	C0027051	[MESH_D009203, NCI_C27996, HPO_HP:0001658, DO_11847, DO_5844, DO_5854, DO_9408, MONDO_0005068, EFO_0000612, EFO_1000883, UMLS_C0027051]					0.826	0.539	[ENSG00000088053]	51206	protein-coding	[DTO_05007575]	[Receptor]	[Q9HCN6]	1.0028E-15	0			0			0.75	GP6		
0.7272727272727273		60234738	[]	[disease of anatomical entity (7)]	[]	[Congenital, Hereditary, and Neonatal Diseases and Abnormalities (C16), Skin and Connective Tissue Diseases (C17)]	[Disease or Syndrome (T047)]	Porokeratosis, Disseminated Superficial Actinic	disease	C0265970	[ICD9CM_692.75, MESH_D017499, ORDO_79152, ORDO_79358, DO_3805, MONDO_0006602, MONDO_0019212, EFO_1000757, UMLS_C0265970]	Autosomal dominant				0.87	0.527	[ENSG00000110921]	4598	protein-coding	[DTO_03300101]	[Kinase]	[Q03426]	8.9591E-10	0			2			0.75	MVK	2015	2012
1.0		15333881	[]	[disease of anatomical entity (7), disease of metabolism (0014667), genetic disease (630)]	[Abnormality of metabolism/homeostasis (01939), Abnormality of the endocrine system (00818)]	[Nutritional and Metabolic Diseases (C18), Immune System Diseases (C20), Endocrine System Diseases (C19)]	[Disease or Syndrome (T047)]	Diabetes Mellitus, Insulin-Dependent	disease	C0011854	[MESH_D003922, ICD10_E10, OMIM_222100, NCI_C2986, HPO_HP:0100651, ORDO_243377, DO_0110741, DO_0110742, DO_0110743, DO_0110744, DO_0110745, DO_0110746, DO_9744, DO_0110747, DO_0110749, DO_0110750, DO_0110751, DO_0110752, DO_0110753, DO_0110754, DO_0110755, DO_0110756, DO_0110757, DO_0110758, DO_0110759, DO_0110760, DO_0110761, MONDO_0005147, MONDO_0007454, MONDO_0010950, MONDO_0011572, MONDO_0011016, MONDO_0011033, MONDO_0011068, MONDO_0011123, MONDO_0012422, MONDO_0010861, MONDO_0010862, MONDO_0010863, MONDO_0010864, MONDO_0011167, MONDO_0011168, MONDO_0012919, MONDO_0012920, MONDO_0012921, MONDO_0012961, MONDO_0011302, MONDO_0013078, UMLS_C0011854]					0.87	0.54	[ENSG00000198246]	55315	protein-coding	[DTO_05007405]	[Transporter]	[Q9BZD2]	1.0895E-4	0			2			0.75	SLC29A3	2010	2009
0.8239202657807309		15196937	[]	[disease of anatomical entity (7), genetic disease (630)]	[Abnormality of the immune system (02715), Abnormality of the digestive system (25031)]	[Digestive System Diseases (C06)]	[Disease or Syndrome (T047)]	Crohn Disease	disease	C0010346	[MESH_D003424, ICD10_K50, ICD10_K50.9, OMIM_266600, NCI_C2965, HPO_HP:0100280, DO_0060192, DO_0110892, DO_8778, MONDO_0005011, MONDO_0005265, MONDO_0009960, EFO_0000384, EFO_0000729, EFO_0003767, UMLS_C0010346]					0.87	0.406	[ENSG00000167207]	64127	protein-coding	[DTO_05007624]	[Enzyme]	[Q9HC29]	2.2667E-22	6			41			1.0	NOD2	2020	2001
0.8598484848484849		25338402	[]	[disease of anatomical entity (7)]	[Abnormality of the digestive system (25031), Abnormality of the immune system (02715)]	[Digestive System Diseases (C06)]	[Disease or Syndrome (T047)]	Inflammatory Bowel Diseases	disease	C0021390	[MESH_D015212, NCI_C3138, HPO_HP:0002037, DO_0050589, MONDO_0005265, EFO_0003767, UMLS_C0021390]					0.87	0.406	[ENSG00000167207]	64127	protein-coding	[DTO_05007624]	[Enzyme]	[Q9HC29]	2.2667E-22	5			3			1.0	NOD2	2017	2011
0.957983193277311		115160236	[]	[]	[]	[Immune System Diseases (C20), Musculoskeletal Diseases (C05), Congenital, Hereditary, and Neonatal Diseases and Abnormalities (C16), Pathological Conditions, Signs and Symptoms (C23)]	[Disease or Syndrome (T047)]	Blau syndrome	disease	C5201146	[OMIM_186580, NCI_C116794, OMIM_605956, ORDO_90340, DO_0050678, MONDO_0008523, UMLS_C5201146]	Autosomal dominant,Not applicable	<1 / 1 000 000	Denmark	Prevalence at birth	0.87	0.406	[ENSG00000167207]	64127	protein-coding	[DTO_05007624]	[Enzyme]	[Q9HC29]	2.2667E-22	0			126			1.0	NOD2	2022	1994
0.9456521739130435		90058565	[]	[disease of anatomical entity (7), genetic disease (630)]	[]	[Skin and Connective Tissue Diseases (C17), Pathological Conditions, Signs and Symptoms (C23), Congenital, Hereditary, and Neonatal Diseases and Abnormalities (C16)]	[Disease or Syndrome (T047)]	TNF receptor-associated periodic fever syndrome (TRAPS)	disease	C1275126	[OMIM_142680, MESH_C536657, OMIM_191190, ORDO_32960, DO_0090018, MONDO_0007727, UMLS_C1275126]	Autosomal dominant	1-9 / 1 000 000	Europe	Point prevalence	0.913	0.365	[ENSG00000067182]	7132	protein-coding	[]	[]	[P19438]	0.99985	0			79			1.0	TNFRSF1A	2022	1975
0.9504132231404959		115213038	[]	[syndrome (225)]	[]	[Skin and Connective Tissue Diseases (C17), Congenital, Hereditary, and Neonatal Diseases and Abnormalities (C16), Hemic and Lymphatic Diseases (C15)]	[Disease or Syndrome (T047)]	VEXAS syndrome	disease	C5435753	[OMIM_301054, NCI_C181924, MESH_C000721467, ORDO_596753, DO_0080828, MONDO_0026777, UMLS_C5435753]		<1 / 1 000 000	Worldwide	Point prevalence	0.826	0.526	[ENSG00000130985]	7317	protein-coding	[DTO_05007624]	[Enzyme]	[P22314]		0			6			1.0	UBA1	2023	2020
0.7053571428571429		15054015	[]	[disease of anatomical entity (7)]	[Abnormality of the immune system (02715), Abnormality of the digestive system (25031)]	[Digestive System Diseases (C06)]	[Disease or Syndrome (T047)]	Ulcerative Colitis	disease	C0009324	[ICD10_K51, MESH_D003093, ICD10_K51.9, OMIM_266600, ICD9CM_556.9, HPO_HP:0100279, NCI_C2952, ICD9CM_556, DO_8577, MONDO_0005101, EFO_0000729, UMLS_C0009324]					0.87	0.406	[ENSG00000167207]	64127	protein-coding	[DTO_05007624]	[Enzyme]	[Q9HC29]	2.2667E-22	2			1			1.0	NOD2	2010	2010
0.925		10497533	[]	[disease of anatomical entity (7), genetic disease (630)]	[]	[Congenital, Hereditary, and Neonatal Diseases and Abnormalities (C16), Stomatognathic Diseases (C07), Musculoskeletal Diseases (C05)]	[Disease or Syndrome (T047)]	Cherubism	disease	C0008029	[MESH_D002636, OMIM_118400, NCI_C84630, OMIM_602104, ORDO_184, DO_203, DO_1856, MONDO_0007315, UMLS_C0008029]	Autosomal dominant,Autosomal recessive,Not applicable				0.783	0.604	[ENSG00000087266]	6452	protein-coding	[]	[]	[P78314]	4.9066E-10	0			30			1.0	SH3BP2	2021	1993
0.9375		40178052	[]	[disease of anatomical entity (7)]	[Abnormality of the immune system (02715), Abnormality of the integument (01574)]	[Skin and Connective Tissue Diseases (C17)]	[Disease or Syndrome (T047)]	Psoriasis	disease	C0033860	[MESH_D011565, ICD10_L40, ICD10_L40.9, HPO_HP:0003765, NCI_C3346, DO_4398, DO_8893, DO_9088, MONDO_0005083, EFO_0000676, UMLS_C0033860]					0.87	0.579	[ENSG00000141527]	79092	protein-coding	[]	[]	[Q9BXL6]	2.7924E-38	1			2			1.0	CARD14	2014	2012
0.9166666666666666		100023816	[]	[syndrome (225), genetic disease (630)]	[]	[Skin and Connective Tissue Diseases (C17), Musculoskeletal Diseases (C05), Infections (C01)]	[Disease or Syndrome (T047)]	Pyogenic Arthritis, Pyoderma Gangrenosum and Acne	disease	C1858361	[OMIM_604416, MESH_C536253, NCI_C119055, OMIM_606347, ORDO_69126, DO_0080519, MONDO_0011462, UMLS_C1858361]	Autosomal dominant	<1 / 1 000 000	Worldwide	Point prevalence	0.783	0.579	[ENSG00000140368]	9051	protein-coding	[DTO_05007530]	[Cellular structure]	[O43586]	5.6518E-26	0			38			1.0	PSTPIP1	2023	2002
0.9444444444444444		40090096	[]	[disease of anatomical entity (7)]	[]	[Skin and Connective Tissue Diseases (C17)]	[Disease or Syndrome (T047)]	Pityriasis Rubra Pilaris	disease	C0032027	[MESH_D010916, ICD10_L44.0, OMIM_173200, ICD9CM_696.4, NCI_C85014, OMIM_607211, ORDO_2897, DO_9212, MONDO_0008251, MONDO_0100017, UMLS_C0032027]	Autosomal dominant,Not applicable	1-9 / 1 000 000	Worldwide	Point prevalence	0.87	0.579	[ENSG00000141527]	79092	protein-coding	[]	[]	[Q9BXL6]	2.7924E-38	0			37			1.0	CARD14	2023	2012
0.8867924528301887		35070973	[]	[disease of anatomical entity (7)]	[]	[Immune System Diseases (C20), Nervous System Diseases (C10)]	[Disease or Syndrome (T047)]	Multiple Sclerosis	disease	C0026769	[MESH_D009103, ICD10_G35, ICD9CM_340, NCI_C3243, ORDO_802, DO_2377, MONDO_0005301, EFO_0803536, UMLS_C0026769]					0.913	0.365	[ENSG00000067182]	7132	protein-coding	[]	[]	[P19438]	0.99985	2			2			1.0	TNFRSF1A	2013	2009
1.0		110165193	[]	[disease of anatomical entity (7), genetic disease (630)]	[]	[Skin and Connective Tissue Diseases (C17), Congenital, Hereditary, and Neonatal Diseases and Abnormalities (C16)]	[Disease or Syndrome (T047)]	OTU deubiquitinase with linear linkage specificity related autoinflammatory syndrome (disorder)	disease	C4310614	[OMIM_617099, OMIM_615712, NCI_C174441, ORDO_500062, DO_0080163, MONDO_0014912, MONDO_0975955, UMLS_C4310614]	Autosomal recessive	<1 / 1 000 000	Worldwide	Point prevalence	0.826	0.599	[ENSG00000154124]	90268	protein-coding	[]	[]	[Q96BN8]	0.14003	0			7			1.0	OTULIN	2022	2016
1.0		105352444	[]	[disease of anatomical entity (7), genetic disease (630)]	[]	[Skin and Connective Tissue Diseases (C17), Congenital, Hereditary, and Neonatal Diseases and Abnormalities (C16)]	[Disease or Syndrome (T047)]	FAMILIAL COLD AUTOINFLAMMATORY SYNDROME 4	disease	C4015276	[OMIM_616115, OMIM_606831, ORDO_576349, DO_0090065, MONDO_0014498, UMLS_C4015276]					0.913	0.524	[ENSG00000091106]	58484	protein-coding	[]	[]	[Q9NPP4]	1.6539E-13	0			21			0.95	NLRC4	2023	2009
0.9122807017543859		15408861	[]	[disease of metabolism (0014667), genetic disease (630)]	[Abnormality of metabolism/homeostasis (01939), Abnormality of the endocrine system (00818)]	[Nutritional and Metabolic Diseases (C18), Endocrine System Diseases (C19)]	[Disease or Syndrome (T047)]	Diabetes Mellitus, Non-Insulin-Dependent	disease	C0011860	[MESH_D003924, ICD10_E11, OMIM_125853, NCI_C26747, OMIM_600509, OMIM_147545, HPO_HP:0005978, OMIM_138079, OMIM_147670, OMIM_167413, OMIM_600281, OMIM_189907, OMIM_138430, OMIM_164731, OMIM_601724, DO_9352, MONDO_0005148, UMLS_C0011860]					0.913	0.365	[ENSG00000067182]	7132	protein-coding	[]	[]	[P19438]	0.99985	3			1			0.9	TNFRSF1A	2002	2002
0.9285714285714286		40177436	[]	[disease of anatomical entity (7)]	[Abnormality of the immune system (02715), Abnormality of the integument (01574)]	[Skin and Connective Tissue Diseases (C17)]	[Disease or Syndrome (T047)]	Psoriasis	disease	C0033860	[MESH_D011565, ICD10_L40, ICD10_L40.9, HPO_HP:0003765, NCI_C3346, DO_4398, DO_8893, DO_9088, MONDO_0005083, EFO_0000676, UMLS_C0033860]					0.87	0.449	[ENSG00000118503]	7128	protein-coding	[DTO_05007624]	[Enzyme]	[P21580]	1.0	0			2			0.9	TNFAIP3	2010	2009
1.0		95227495	[]	[disease of anatomical entity (7), genetic disease (630)]	[]	[Congenital, Hereditary, and Neonatal Diseases and Abnormalities (C16), Musculoskeletal Diseases (C05)]	[Disease or Syndrome (T047)]	Arthrogryposis multiplex congenita, distal, X-linked	disease	C1844934	[OMIM_301830, MESH_C535380, OMIM_314370, ORDO_1145, DO_0111827, MONDO_0010532, UMLS_C1844934]	X-linked recessive	<1 / 1 000 000	Worldwide	Point prevalence	0.826	0.526	[ENSG00000130985]	7317	protein-coding	[DTO_05007624]	[Enzyme]	[P22314]		0			12			0.9	UBA1	2022	1993
0.8433734939759037		5292486	[]	[disease of anatomical entity (7)]	[Abnormality of the musculoskeletal system (33127)]	[Skin and Connective Tissue Diseases (C17), Immune System Diseases (C20), Musculoskeletal Diseases (C05)]	[Disease or Syndrome (T047)]	Rheumatoid Arthritis	disease	C0003873	[MESH_D001172, ICD10_M06.9, OMIM_180300, ICD9CM_714.0, OMIM_607218, HPO_HP:0001370, NCI_C2884, DO_7148, MONDO_0008383, EFO_0000685, UMLS_C0003873]					0.913	0.365	[ENSG00000067182]	7132	protein-coding	[]	[]	[P19438]	0.99985	2			0			0.85	TNFRSF1A		
0.9436619718309859		30264123	[]	[disease of anatomical entity (7)]	[Abnormality of the immune system (02715)]	[Immune System Diseases (C20), Skin and Connective Tissue Diseases (C17)]	[Disease or Syndrome (T047)]	Lupus Erythematosus, Systemic	disease	C0024141	[MESH_D008180, ICD10_M32, NCI_C3201, ICD10_M32.9, OMIM_152700, ICD9CM_710.0, HPO_HP:0002725, ORDO_536, DO_9074, MONDO_0007915, UMLS_C0024141]	Not applicable	1-5 / 10 000,6-9 / 10 000,1-5 / 10 000,1-5 / 10 000,1-5 / 10 000,1-5 / 10 000,1-5 / 10 000,1-5 / 10 000,1-9 / 100 000,1-5 / 10 000,6-9 / 10 000	France,Martinique,New Zealand,Korea, Republic of,United States,Taiwan, Province of China,Europe,Finland,Worldwide,Worldwide,Poland	Point prevalence,Point prevalence,Point prevalence,Point prevalence,Point prevalence,Point prevalence,Point prevalence,Point prevalence,Annual incidence,Point prevalence,Annual incidence	0.87	0.449	[ENSG00000118503]	7128	protein-coding	[DTO_05007624]	[Enzyme]	[P21580]	1.0	0			9			0.85	TNFAIP3	2014	2008
1.0		25322583	[]	[]	[]	[Pathological Conditions, Signs and Symptoms (C23)]	[Pathologic Function (T046)]	Inflammation	phenotype	C0021368	[MESH_D007249, NCI_C3137, UMLS_C0021368]					0.87	0.449	[ENSG00000118503]	7128	protein-coding	[DTO_05007624]	[Enzyme]	[P21580]	1.0	1			1			0.85	TNFAIP3	2014	2014
1.0		105351852	[]	[]	[]	[Immune System Diseases (C20), Digestive System Diseases (C06), Skin and Connective Tissue Diseases (C17), Congenital, Hereditary, and Neonatal Diseases and Abnormalities (C16)]	[Disease or Syndrome (T047)]	Autoinflammation with infantile enterocolitis	disease	C4015067	[OMIM_616050, OMIM_606831, ORDO_436166, MONDO_0014472, UMLS_C4015067]	Autosomal dominant	<1 / 1 000 000	Worldwide	Point prevalence	0.913	0.524	[ENSG00000091106]	58484	protein-coding	[]	[]	[Q9NPP4]	1.6539E-13	0			17			0.85	NLRC4	2023	2009
0.8181818181818182		5318444	[]	[disease of anatomical entity (7)]	[Abnormality of the respiratory system (02086), Abnormality of the immune system (02715)]	[Immune System Diseases (C20), Respiratory Tract Diseases (C08)]	[Disease or Syndrome (T047)]	Asthma	disease	C0004096	[ICD10_J45, MESH_D001249, ICD10_J45.9, HPO_HP:0002099, NCI_C28397, ICD9CM_493, ICD9CM_493.9, DO_2841, DO_9360, DO_9415, MONDO_0004979, UMLS_C0004096]					0.87	0.406	[ENSG00000167207]	64127	protein-coding	[DTO_05007624]	[Enzyme]	[Q9HC29]	2.2667E-22	0			0			0.85	NOD2		
0.8939393939393939		5292393	[]	[disease of anatomical entity (7)]	[Abnormality of the musculoskeletal system (33127)]	[Skin and Connective Tissue Diseases (C17), Immune System Diseases (C20), Musculoskeletal Diseases (C05)]	[Disease or Syndrome (T047)]	Rheumatoid Arthritis	disease	C0003873	[MESH_D001172, ICD10_M06.9, OMIM_180300, ICD9CM_714.0, OMIM_607218, HPO_HP:0001370, NCI_C2884, DO_7148, MONDO_0008383, EFO_0000685, UMLS_C0003873]					0.87	0.449	[ENSG00000118503]	7128	protein-coding	[DTO_05007624]	[Enzyme]	[P21580]	1.0	0			5			0.8	TNFAIP3	2018	2008
1.0		110165329	[]	[]	[]	[Skin and Connective Tissue Diseases (C17), Musculoskeletal Diseases (C05), Congenital, Hereditary, and Neonatal Diseases and Abnormalities (C16), Pathological Conditions, Signs and Symptoms (C23)]	[Disease or Syndrome (T047)]	Yao syndrome	disease	C4310620	[OMIM_617321, MESH_C000730393, MONDO_0015019, UMLS_C4310620]					0.87	0.406	[ENSG00000167207]	64127	protein-coding	[DTO_05007624]	[Enzyme]	[Q9HC29]	2.2667E-22	0			28			0.8	NOD2	2020	2001
1.0		100282810	[]	[disease of anatomical entity (7), genetic disease (630)]	[]	[Immune System Diseases (C20), Skin and Connective Tissue Diseases (C17), Congenital, Hereditary, and Neonatal Diseases and Abnormalities (C16), Pathological Conditions, Signs and Symptoms (C23)]	[Disease or Syndrome (T047)]	Familial Cold Autoinflammatory Syndrome 2	disease	C2673198	[OMIM_611762, MESH_C567090, NCI_C119043, OMIM_609648, ORDO_247868, DO_0090063, MONDO_0012724, UMLS_C2673198]	Autosomal dominant	<1 / 1 000 000	Worldwide	Point prevalence	0.913	0.553	[ENSG00000142405]	91662	protein-coding	[]	[]	[P59046]	2.6963E-41	0			31			0.8	NLRP12	2023	2008
1.0		100046421	[]	[syndrome (225), genetic disease (630)]	[]	[Musculoskeletal Diseases (C05), Skin and Connective Tissue Diseases (C17), Eye Diseases (C11), Hemic and Lymphatic Diseases (C15), Immune System Diseases (C20), Congenital, Hereditary, and Neonatal Diseases and Abnormalities (C16)]	[Disease or Syndrome (T047)]	Granulomatous inflammatory arthritis, dermatitis and uveitis, familial	disease	C1861303	[OMIM_186580, MESH_C538157, DO_0050678, MONDO_0008523, UMLS_C1861303]					0.87	0.406	[ENSG00000167207]	64127	protein-coding	[DTO_05007624]	[Enzyme]	[Q9HC29]	2.2667E-22	0			4			0.8	NOD2	2010	2001
0.8695652173913043		45306257	[]	[disease of anatomical entity (7)]	[]	[Skin and Connective Tissue Diseases (C17)]	[Disease or Syndrome (T047)]	Pyoderma Gangrenosum	disease	C0085652	[MESH_D017511, ICD10_L88, ICD9CM_686.01, HPO_HP:0025452, ORDO_48104, DO_8553, MONDO_0018824, EFO_0006835, UMLS_C0085652]	Unknown	1-9 / 100 000,1-9 / 1 000 000,1-9 / 1 000 000,1-9 / 1 000 000,1-9 / 1 000 000	United States,United Kingdom,Spain,Worldwide,Italy	Annual incidence,Annual incidence,Annual incidence,Annual incidence,Annual incidence	0.783	0.579	[ENSG00000140368]	9051	protein-coding	[DTO_05007530]	[Cellular structure]	[O43586]	5.6518E-26	0			1			0.8	PSTPIP1	2016	2016
0.95		30052402	[]	[disease by infectious agent (0050117)]	[]	[Infections (C01)]	[Disease or Syndrome (T047)]	Leprosy	disease	C0023343	[MESH_D007918, ICD10_A30.9, ICD10_A30, ICD9CM_030.9, NCI_C84824, ICD9CM_030, ORDO_548, DO_1024, MONDO_0005124, EFO_0001054, UMLS_C0023343]	Multigenic/multifactorial	1-9 / 100 000	Worldwide	Annual incidence	0.87	0.406	[ENSG00000167207]	64127	protein-coding	[DTO_05007624]	[Enzyme]	[Q9HC29]	2.2667E-22	0			0			0.8	NOD2		
0.9411764705882353		110108944	[]	[disease of anatomical entity (7), genetic disease (630)]	[]	[]	[Disease or Syndrome (T047)]	AUTOINFLAMMATORY SYNDROME, FAMILIAL, BEHCET-LIKE 1	disease	C4225218	[OMIM_191163, OMIM_616744, ORDO_674762, DO_0080944, MONDO_0031384, MONDO_0800045, EFO_0020034, UMLS_C4225218]					0.87	0.449	[ENSG00000118503]	7128	protein-coding	[DTO_05007624]	[Enzyme]	[P21580]	1.0	0			15			0.8	TNFAIP3	2023	1993
0.9333333333333333		80443936	[]	[disease of anatomical entity (7)]	[Abnormality of the immune system (02715), Abnormality of the integument (01574)]	[Skin and Connective Tissue Diseases (C17)]	[Disease or Syndrome (T047)]	Acne	disease	C0702166	[ICD10_L70, ICD10_L70.9, HPO_HP:0001061, MESH_D000152, DO_6543, MONDO_0011438, EFO_0003894, UMLS_C0702166]					0.783	0.579	[ENSG00000140368]	9051	protein-coding	[DTO_05007530]	[Cellular structure]	[O43586]	5.6518E-26	0			1			0.8	PSTPIP1	2016	2016
1.0		15286188	[]	[disease of anatomical entity (7)]	[Abnormality of the immune system (02715), Abnormality of the integument (01574)]	[Skin and Connective Tissue Diseases (C17)]	[Disease or Syndrome (T047)]	Dermatitis	disease	C0011603	[MESH_D003872, ICD10_L30.9, NCI_C2983, HPO_HP:0011123, DO_2723, MONDO_0002406, EFO_1000664, UMLS_C0011603]					0.87	0.406	[ENSG00000167207]	64127	protein-coding	[DTO_05007624]	[Enzyme]	[Q9HC29]	2.2667E-22	0			1			0.8	NOD2	2010	2010
0.9696969696969697		100072971	[]	[]	[]	[Musculoskeletal Diseases (C05), Infections (C01), Hemic and Lymphatic Diseases (C15), Immune System Diseases (C20), Congenital, Hereditary, and Neonatal Diseases and Abnormalities (C16)]	[Disease or Syndrome (T047)]	Majeed syndrome	disease	C1864997	[OMIM_609628, MESH_C537839, NCI_C119058, OMIM_605519, ORDO_77297, MONDO_0012316, MONDO_0009813, UMLS_C1864997]	Autosomal recessive	<1 / 1 000 000	Worldwide	Point prevalence	0.783	0.606	[ENSG00000101577]	9663	protein-coding	[]	[]	[Q92539]	0.0016018	0			25			1.0	LPIN2	2024	1989
1.0		70337223	[]	[disease of anatomical entity (7), disease by infectious agent (0050117)]	[]	[Musculoskeletal Diseases (C05), Infections (C01)]	[Disease or Syndrome (T047)]	Chronic multifocal osteomyelitis	disease	C0410422	[ICD10_M86.3, OMIM_259680, MESH_C535456, NCI_C119042, OMIM_147810, ORDO_324964, DO_0060645, MONDO_0958177, MONDO_0009813, UMLS_C0410422]					0.783	0.606	[ENSG00000101577]	9663	protein-coding	[]	[]	[Q92539]	0.0016018	0			0			0.65	LPIN2		
1.0		105343448	[]	[]	[]	[Pathological Conditions, Signs and Symptoms (C23)]	[Disease or Syndrome (T047)]	Autoinflammatory Syndrome	disease	C3890737	[NCI_C119050, ORDO_93665, MONDO_0019751, UMLS_C3890737]					0.783	0.606	[ENSG00000101577]	9663	protein-coding	[]	[]	[Q92539]	0.0016018	0			2			0.65	LPIN2	2017	2005
0.9584664536741214		30382031	[]	[disease of cellular proliferation (14566)]	[Neoplasm (02664)]	[Skin and Connective Tissue Diseases (C17), Neoplasms (C04)]	[Neoplastic Process (T191)]	melanoma	disease	C0025202	[MESH_D008545, HPO_HP:0002861, NCI_C3224, DO_1909, DO_8923, MONDO_0005105, EFO_0000756, UMLS_C0025202]					0.913	0.344	[ENSG00000163599]	1493	protein-coding	[]	[]	[P16410]	0.99828	26			1			1.0	CTLA4	2011	2011
0.8333333333333334		15320256	[]	[disease of anatomical entity (7), disease of metabolism (0014667), genetic disease (630)]	[Abnormality of metabolism/homeostasis (01939), Abnormality of the endocrine system (00818)]	[Nutritional and Metabolic Diseases (C18), Immune System Diseases (C20), Endocrine System Diseases (C19)]	[Disease or Syndrome (T047)]	Diabetes Mellitus, Insulin-Dependent	disease	C0011854	[MESH_D003922, ICD10_E10, OMIM_222100, NCI_C2986, HPO_HP:0100651, ORDO_243377, DO_0110741, DO_0110742, DO_0110743, DO_0110744, DO_0110745, DO_0110746, DO_9744, DO_0110747, DO_0110749, DO_0110750, DO_0110751, DO_0110752, DO_0110753, DO_0110754, DO_0110755, DO_0110756, DO_0110757, DO_0110758, DO_0110759, DO_0110760, DO_0110761, MONDO_0005147, MONDO_0007454, MONDO_0010950, MONDO_0011572, MONDO_0011016, MONDO_0011033, MONDO_0011068, MONDO_0011123, MONDO_0012422, MONDO_0010861, MONDO_0010862, MONDO_0010863, MONDO_0010864, MONDO_0011167, MONDO_0011168, MONDO_0012919, MONDO_0012920, MONDO_0012921, MONDO_0012961, MONDO_0011302, MONDO_0013078, UMLS_C0011854]					0.913	0.344	[ENSG00000163599]	1493	protein-coding	[]	[]	[P16410]	0.99828	2			0			1.0	CTLA4		
0.8759124087591241		20283084	[]	[disease of anatomical entity (7)]	[Abnormality of the endocrine system (00818)]	[Endocrine System Diseases (C19), Eye Diseases (C11), Immune System Diseases (C20)]	[Disease or Syndrome (T047)]	Graves Disease	disease	C0018213	[MESH_D006111, OMIM_275000, NCI_C3071, HPO_HP:0100647, DO_12361, DO_7997, MONDO_0005364, MONDO_0100489, EFO_0004237, UMLS_C0018213]					0.913	0.344	[ENSG00000163599]	1493	protein-coding	[]	[]	[P16410]	0.99828	1			3			1.0	CTLA4	2012	2009
0.9247311827956989		40166864	[]	[disease of anatomical entity (7)]	[Abnormality of the immune system (02715), Abnormality of the integument (01574)]	[Skin and Connective Tissue Diseases (C17)]	[Disease or Syndrome (T047)]	Psoriasis	disease	C0033860	[MESH_D011565, ICD10_L40, ICD10_L40.9, HPO_HP:0003765, NCI_C3346, DO_4398, DO_8893, DO_9088, MONDO_0005083, EFO_0000676, UMLS_C0033860]					0.913	0.445	[ENSG00000162594]	149233	protein-coding	[DTO_05007599]	[Signaling]	[Q5VWK5]	0.0015362	0			3			1.0	IL23R	2014	2009
0.9213483146067416		70276105	[]	[syndrome (225), genetic disease (630)]	[]	[Immune System Diseases (C20), Nervous System Diseases (C10), Congenital, Hereditary, and Neonatal Diseases and Abnormalities (C16)]	[Disease or Syndrome (T047)]	Aicardi-Goutieres syndrome	disease	C0393591	[MESH_C535607, OMIM_225750, ORDO_51, DO_0050629, MONDO_0018866, EFO_0002109, UMLS_C0393591]	Autosomal dominant,Autosomal recessive	1-5 / 10 000	Europe	Point prevalence	0.826	0.47	[ENSG00000213689]	11277	protein-coding	[]	[]	[Q9NSU2]	7.6401E-4	0			8			1.0	TREX1	2017	1993
0.8690476190476191		20280549	[]	[disease of anatomical entity (7)]	[]	[Congenital, Hereditary, and Neonatal Diseases and Abnormalities (C16), Immune System Diseases (C20), Hemic and Lymphatic Diseases (C15), Pathological Conditions, Signs and Symptoms (C23)]	[Disease or Syndrome (T047)]	Chronic granulomatous disease	disease	C0018203	[MESH_D006105, NCI_C26788, ORDO_379, DO_3265, MONDO_0018305, UMLS_C0018203]	Autosomal recessive,X-linked recessive	1-9 / 1 000 000,1-9 / 1 000 000,1-9 / 1 000 000,1-9 / 1 000 000,1-9 / 1 000 000,1-9 / 1 000 000,1-9 / 1 000 000,1-9 / 1 000 000,1-9 / 1 000 000,1-9 / 1 000 000,1-9 / 1 000 000,1-9 / 1 000 000,1-9 / 1 000 000,1-9 / 1 000 000,1-9 / 1 000 000,1-9 / 1 000 000,1-9 / 1 000 000,<1 / 1 000 000,1-9 / 1 000 000,1-9 / 1 000 000,1-9 / 1 000 000,1-9 / 1 000 000,1-9 / 1 000 000,1-9 / 1 000 000,1-9 / 1 000 000,1-9 / 1 000 000	Worldwide,Worldwide,United States,Europe,Europe,United Kingdom,United Kingdom,France,France,Sweden,Sweden,Italy,Italy,Denmark,Denmark,Netherlands,Netherlands,Australia,Japan,Japan,Korea, Republic of,Korea, Republic of,Latin America,Latin America,Israel,Israel	Prevalence at birth,Point prevalence,Prevalence at birth,Prevalence at birth,Point prevalence,Prevalence at birth,Point prevalence,Prevalence at birth,Point prevalence,Prevalence at birth,Point prevalence,Prevalence at birth,Point prevalence,Prevalence at birth,Point prevalence,Prevalence at birth,Point prevalence,Point prevalence,Prevalence at birth,Point prevalence,Prevalence at birth,Point prevalence,Prevalence at birth,Point prevalence,Prevalence at birth,Point prevalence	0.87	0.477	[ENSG00000051523]	1535	protein-coding	[]	[]	[P13498]	2.5483E-10	2			18			1.0	CYBA	2021	1990
0.7926829268292683		30251906	[]	[disease of anatomical entity (7)]	[Abnormality of the immune system (02715)]	[Immune System Diseases (C20), Skin and Connective Tissue Diseases (C17)]	[Disease or Syndrome (T047)]	Lupus Erythematosus, Systemic	disease	C0024141	[MESH_D008180, ICD10_M32, NCI_C3201, ICD10_M32.9, OMIM_152700, ICD9CM_710.0, HPO_HP:0002725, ORDO_536, DO_9074, MONDO_0007915, UMLS_C0024141]	Not applicable	1-5 / 10 000,6-9 / 10 000,1-5 / 10 000,1-5 / 10 000,1-5 / 10 000,1-5 / 10 000,1-5 / 10 000,1-5 / 10 000,1-9 / 100 000,1-5 / 10 000,6-9 / 10 000	France,Martinique,New Zealand,Korea, Republic of,United States,Taiwan, Province of China,Europe,Finland,Worldwide,Worldwide,Poland	Point prevalence,Point prevalence,Point prevalence,Point prevalence,Point prevalence,Point prevalence,Point prevalence,Point prevalence,Annual incidence,Point prevalence,Annual incidence	0.913	0.344	[ENSG00000163599]	1493	protein-coding	[]	[]	[P16410]	0.99828	2			6			1.0	CTLA4	2020	1988
0.9113924050632911		15047371	[]	[disease of anatomical entity (7)]	[Abnormality of the immune system (02715), Abnormality of the digestive system (25031)]	[Digestive System Diseases (C06)]	[Disease or Syndrome (T047)]	Ulcerative Colitis	disease	C0009324	[ICD10_K51, MESH_D003093, ICD10_K51.9, OMIM_266600, ICD9CM_556.9, HPO_HP:0100279, NCI_C2952, ICD9CM_556, DO_8577, MONDO_0005101, EFO_0000729, UMLS_C0009324]					0.913	0.445	[ENSG00000162594]	149233	protein-coding	[DTO_05007599]	[Signaling]	[Q5VWK5]	0.0015362	0			3			1.0	IL23R	2010	2008
0.8648648648648649		45019923	[]	[disease of anatomical entity (7)]	[]	[Musculoskeletal Diseases (C05)]	[Disease or Syndrome (T047)]	Ankylosing spondylitis	disease	C0038013	[ICD10_M45, MESH_D013167, ICD9CM_720.0, NCI_C84564, ORDO_825, DO_7147, MONDO_0005306, EFO_0003898, UMLS_C0038013]					0.913	0.445	[ENSG00000162594]	149233	protein-coding	[DTO_05007599]	[Signaling]	[Q5VWK5]	0.0015362	0			2			1.0	IL23R	2010	2007
0.8928571428571429		80173302	[]	[]	[Abnormality of the immune system (02715), Abnormality of the endocrine system (00818)]	[Immune System Diseases (C20), Endocrine System Diseases (C19)]	[Disease or Syndrome (T047)]	Hashimoto Disease	disease	C0677607	[OMIM_140300, MESH_D050031, NCI_C27191, ICD9CM_245.2, HPO_HP:0000872, DO_7188, MONDO_0007699, EFO_0002200, EFO_0003779, UMLS_C0677607]					0.913	0.344	[ENSG00000163599]	1493	protein-coding	[]	[]	[P16410]	0.99828	1			5			1.0	CTLA4	2020	1988
0.9591836734693877		30250918	[]	[disease of anatomical entity (7)]	[Abnormality of the immune system (02715)]	[Immune System Diseases (C20), Skin and Connective Tissue Diseases (C17)]	[Disease or Syndrome (T047)]	Lupus Erythematosus, Systemic	disease	C0024141	[MESH_D008180, ICD10_M32, NCI_C3201, ICD10_M32.9, OMIM_152700, ICD9CM_710.0, HPO_HP:0002725, ORDO_536, DO_9074, MONDO_0007915, UMLS_C0024141]	Not applicable	1-5 / 10 000,6-9 / 10 000,1-5 / 10 000,1-5 / 10 000,1-5 / 10 000,1-5 / 10 000,1-5 / 10 000,1-5 / 10 000,1-9 / 100 000,1-5 / 10 000,6-9 / 10 000	France,Martinique,New Zealand,Korea, Republic of,United States,Taiwan, Province of China,Europe,Finland,Worldwide,Worldwide,Poland	Point prevalence,Point prevalence,Point prevalence,Point prevalence,Point prevalence,Point prevalence,Point prevalence,Point prevalence,Annual incidence,Point prevalence,Annual incidence	0.826	0.47	[ENSG00000213689]	11277	protein-coding	[]	[]	[Q9NSU2]	7.6401E-4	1			5			1.0	TREX1	2013	2007
0.8		5271340	[]	[disease of anatomical entity (7)]	[Abnormality of the musculoskeletal system (33127)]	[Skin and Connective Tissue Diseases (C17), Immune System Diseases (C20), Musculoskeletal Diseases (C05)]	[Disease or Syndrome (T047)]	Rheumatoid Arthritis	disease	C0003873	[MESH_D001172, ICD10_M06.9, OMIM_180300, ICD9CM_714.0, OMIM_607218, HPO_HP:0001370, NCI_C2884, DO_7148, MONDO_0008383, EFO_0000685, UMLS_C0003873]					0.913	0.344	[ENSG00000163599]	1493	protein-coding	[]	[]	[P16410]	0.99828	22			2			0.95	CTLA4	2012	2010
1.0		100040051	[]	[disease of anatomical entity (7), genetic disease (630)]	[]	[Nutritional and Metabolic Diseases (C18), Eye Diseases (C11), Nervous System Diseases (C10), Cardiovascular Diseases (C14), Congenital, Hereditary, and Neonatal Diseases and Abnormalities (C16)]	[Disease or Syndrome (T047)]	Vasculopathy, Retinal, With Cerebral Leukodystrophy	disease	C1860518	[OMIM_192315, MESH_C566007, OMIM_606609, ORDO_247691, DO_0111567, MONDO_0008641, UMLS_C1860518]	Autosomal dominant				0.826	0.47	[ENSG00000213689]	11277	protein-coding	[]	[]	[Q9NSU2]	7.6401E-4	0			64			0.95	TREX1	2023	1987
1.0		105352360	[]	[]	[]	[Immune System Diseases (C20), Hemic and Lymphatic Diseases (C15), Congenital, Hereditary, and Neonatal Diseases and Abnormalities (C16)]	[Disease or Syndrome (T047)]	CTLA4 Haploinsufficiency	disease	C4015214	[OMIM_616100, NCI_C126341, OMIM_123890, ORDO_436159, MONDO_0014493, UMLS_C4015214]	Autosomal dominant	<1 / 1 000 000	Worldwide	Point prevalence	0.913	0.344	[ENSG00000163599]	1493	protein-coding	[]	[]	[P16410]	0.99828	0			49			0.95	CTLA4	2023	1988
0.7948717948717948		5271197	[]	[disease of anatomical entity (7)]	[Abnormality of the musculoskeletal system (33127)]	[Skin and Connective Tissue Diseases (C17), Immune System Diseases (C20), Musculoskeletal Diseases (C05)]	[Disease or Syndrome (T047)]	Rheumatoid Arthritis	disease	C0003873	[MESH_D001172, ICD10_M06.9, OMIM_180300, ICD9CM_714.0, OMIM_607218, HPO_HP:0001370, NCI_C2884, DO_7148, MONDO_0008383, EFO_0000685, UMLS_C0003873]					0.913	0.445	[ENSG00000162594]	149233	protein-coding	[DTO_05007599]	[Signaling]	[Q5VWK5]	0.0015362	1			0			0.95	IL23R		
0.8981481481481481		25331102	[]	[disease of anatomical entity (7)]	[Abnormality of the digestive system (25031), Abnormality of the immune system (02715)]	[Digestive System Diseases (C06)]	[Disease or Syndrome (T047)]	Inflammatory Bowel Diseases	disease	C0021390	[MESH_D015212, NCI_C3138, HPO_HP:0002037, DO_0050589, MONDO_0005265, EFO_0003767, UMLS_C0021390]					0.913	0.445	[ENSG00000162594]	149233	protein-coding	[DTO_05007599]	[Signaling]	[Q5VWK5]	0.0015362	2			3			0.9	IL23R	2015	2011
0.7333333333333333		35058768	[]	[disease of anatomical entity (7)]	[]	[Immune System Diseases (C20), Nervous System Diseases (C10)]	[Disease or Syndrome (T047)]	Multiple Sclerosis	disease	C0026769	[MESH_D009103, ICD10_G35, ICD9CM_340, NCI_C3243, ORDO_802, DO_2377, MONDO_0005301, EFO_0803536, UMLS_C0026769]					0.913	0.344	[ENSG00000163599]	1493	protein-coding	[]	[]	[P16410]	0.99828	3			0			0.9	CTLA4		
0.9433962264150944		100180756	[]	[disease of anatomical entity (7), disease of cellular proliferation (14566)]	[Neoplasm (02664), Abnormality of the digestive system (25031)]	[Neoplasms (C04), Digestive System Diseases (C06)]	[Neoplastic Process (T191)]	Liver carcinoma	disease	C2239176	[ICD10_C22.0, MESH_D006528, OMIM_114550, NCI_C3099, HPO_HP:0001402, ORDO_88673, DO_3571, DO_684, MONDO_0007256, EFO_0000182, EFO_0000762, EFO_1000256, UMLS_C2239176]	Not applicable	1-9 / 100 000,1-5 / 10 000,1-9 / 100 000,1-9 / 100 000,1-9 / 100 000,1-9 / 100 000,1-9 / 100 000,1-5 / 10 000,1-9 / 100 000,1-9 / 100 000,1-5 / 10 000,1-5 / 10 000,1-5 / 10 000,1-5 / 10 000,6-9 / 10 000,1-5 / 10 000,1-9 / 100 000,1-9 / 100 000,1-9 / 100 000,1-9 / 100 000,1-9 / 100 000,1-9 / 100 000,1-9 / 100 000,1-9 / 100 000,1-9 / 100 000,1-9 / 100 000,1-9 / 100 000,1-9 / 100 000,1-9 / 100 000,1-9 / 1 000 000,1-9 / 100 000,1-9 / 100 000,1-9 / 100 000,1-9 / 100 000	United States,Europe,France,United Kingdom,Germany,Spain,Italy,Greece,Canada,Oceania,Latin America,China,Japan,Korea, Republic of,Mongolia,Africa,Europe,Austria,Belgium,Bulgaria,Croatia,Czech Republic,Estonia,Finland,Iceland,Ireland,Latvia,Lithuania,Norway,Poland,Portugal,Slovakia,Switzerland,Netherlands	Annual incidence,Point prevalence,Annual incidence,Annual incidence,Annual incidence,Annual incidence,Annual incidence,Annual incidence,Annual incidence,Annual incidence,Annual incidence,Annual incidence,Annual incidence,Annual incidence,Annual incidence,Annual incidence,Annual incidence,Annual incidence,Annual incidence,Annual incidence,Annual incidence,Annual incidence,Annual incidence,Annual incidence,Annual incidence,Annual incidence,Annual incidence,Annual incidence,Annual incidence,Annual incidence,Annual incidence,Annual incidence,Annual incidence,Annual incidence	0.913	0.344	[ENSG00000163599]	1493	protein-coding	[]	[]	[P16410]	0.99828	3			0			0.9	CTLA4		
0.9629629629629629		10363551	[]	[disease of anatomical entity (7), disease of cellular proliferation (14566)]	[Neoplasm (02664), Abnormality of the genitourinary system (00119)]	[Urogenital Diseases (C12), Neoplasms (C04)]	[Neoplastic Process (T191)]	Renal Cell Carcinoma	disease	C0007134	[MESH_D002292, OMIM_144700, HPO_HP:0005584, NCI_C9385, ORDO_217071, DO_4450, DO_4451, DO_4464, DO_4465, DO_4467, DO_4471, DO_4473, MONDO_0005086, MONDO_0005549, EFO_0000349, EFO_0000681, EFO_0005708, UMLS_C0007134]	Not applicable	1-5 / 10 000,1-9 / 100 000	Europe,Europe	Point prevalence,Annual incidence	0.913	0.344	[ENSG00000163599]	1493	protein-coding	[]	[]	[P16410]	0.99828	5			0			0.9	CTLA4		
0.9615384615384616		15318574	[]	[disease of anatomical entity (7), disease of metabolism (0014667), genetic disease (630)]	[Abnormality of metabolism/homeostasis (01939), Abnormality of the endocrine system (00818)]	[Nutritional and Metabolic Diseases (C18), Immune System Diseases (C20), Endocrine System Diseases (C19)]	[Disease or Syndrome (T047)]	Diabetes Mellitus, Insulin-Dependent	disease	C0011854	[MESH_D003922, ICD10_E10, OMIM_222100, NCI_C2986, HPO_HP:0100651, ORDO_243377, DO_0110741, DO_0110742, DO_0110743, DO_0110744, DO_0110745, DO_0110746, DO_9744, DO_0110747, DO_0110749, DO_0110750, DO_0110751, DO_0110752, DO_0110753, DO_0110754, DO_0110755, DO_0110756, DO_0110757, DO_0110758, DO_0110759, DO_0110760, DO_0110761, MONDO_0005147, MONDO_0007454, MONDO_0010950, MONDO_0011572, MONDO_0011016, MONDO_0011033, MONDO_0011068, MONDO_0011123, MONDO_0012422, MONDO_0010861, MONDO_0010862, MONDO_0010863, MONDO_0010864, MONDO_0011167, MONDO_0011168, MONDO_0012919, MONDO_0012920, MONDO_0012921, MONDO_0012961, MONDO_0011302, MONDO_0013078, UMLS_C0011854]					0.826	0.475	[ENSG00000111252]	10019	protein-coding	[]	[]	[Q9UQQ2]	4.8962E-15	0			1			0.9	SH2B3	2018	2018
1.0		15158081	[]	[disease of anatomical entity (7)]	[Abnormality of the cardiovascular system (01626)]	[Cardiovascular Diseases (C14)]	[Disease or Syndrome (T047)]	Coronary Arteriosclerosis	disease	C0010054	[MESH_D003324, ICD10_I25.1, HPO_HP:0001677, NCI_C35505, ICD9CM_414.0, DO_13739, DO_3393, MONDO_0005010, MONDO_0021661, EFO_0001645, UMLS_C0010054]					0.826	0.475	[ENSG00000111252]	10019	protein-coding	[]	[]	[Q9UQQ2]	4.8962E-15	0			1			0.9	SH2B3	2011	2011
0.7		35058701	[]	[disease of anatomical entity (7)]	[]	[Immune System Diseases (C20), Nervous System Diseases (C10)]	[Disease or Syndrome (T047)]	Multiple Sclerosis	disease	C0026769	[MESH_D009103, ICD10_G35, ICD9CM_340, NCI_C3243, ORDO_802, DO_2377, MONDO_0005301, EFO_0803536, UMLS_C0026769]					0.913	0.445	[ENSG00000162594]	149233	protein-coding	[DTO_05007599]	[Signaling]	[Q5VWK5]	0.0015362	1			0			0.9	IL23R		
0.8810572687224669		5277060	[]	[disease of anatomical entity (7)]	[Abnormality of the musculoskeletal system (33127)]	[Skin and Connective Tissue Diseases (C17), Immune System Diseases (C20), Musculoskeletal Diseases (C05)]	[Disease or Syndrome (T047)]	Rheumatoid Arthritis	disease	C0003873	[MESH_D001172, ICD10_M06.9, OMIM_180300, ICD9CM_714.0, OMIM_607218, HPO_HP:0001370, NCI_C2884, DO_7148, MONDO_0008383, EFO_0000685, UMLS_C0003873]					0.913	0.328	[ENSG00000196126]	3123	protein-coding	[DTO_05007608]	[Immune response]	[P01911]		2			3			1.0	HLA-DRB1	2012	2009
0.8744292237442922		15325714	[]	[disease of anatomical entity (7), disease of metabolism (0014667), genetic disease (630)]	[Abnormality of metabolism/homeostasis (01939), Abnormality of the endocrine system (00818)]	[Nutritional and Metabolic Diseases (C18), Immune System Diseases (C20), Endocrine System Diseases (C19)]	[Disease or Syndrome (T047)]	Diabetes Mellitus, Insulin-Dependent	disease	C0011854	[MESH_D003922, ICD10_E10, OMIM_222100, NCI_C2986, HPO_HP:0100651, ORDO_243377, DO_0110741, DO_0110742, DO_0110743, DO_0110744, DO_0110745, DO_0110746, DO_9744, DO_0110747, DO_0110749, DO_0110750, DO_0110751, DO_0110752, DO_0110753, DO_0110754, DO_0110755, DO_0110756, DO_0110757, DO_0110758, DO_0110759, DO_0110760, DO_0110761, MONDO_0005147, MONDO_0007454, MONDO_0010950, MONDO_0011572, MONDO_0011016, MONDO_0011033, MONDO_0011068, MONDO_0011123, MONDO_0012422, MONDO_0010861, MONDO_0010862, MONDO_0010863, MONDO_0010864, MONDO_0011167, MONDO_0011168, MONDO_0012919, MONDO_0012920, MONDO_0012921, MONDO_0012961, MONDO_0011302, MONDO_0013078, UMLS_C0011854]					0.913	0.353	[ENSG00000196735]	3117	protein-coding	[DTO_05007608]	[Immune response]	[P01909]	6.3922E-4	2			1			1.0	HLA-DQA1	2015	2015
0.8086253369272237		35062092	[]	[disease of anatomical entity (7)]	[]	[Immune System Diseases (C20), Nervous System Diseases (C10)]	[Disease or Syndrome (T047)]	Multiple Sclerosis	disease	C0026769	[MESH_D009103, ICD10_G35, ICD9CM_340, NCI_C3243, ORDO_802, DO_2377, MONDO_0005301, EFO_0803536, UMLS_C0026769]					0.913	0.328	[ENSG00000196126]	3123	protein-coding	[DTO_05007608]	[Immune response]	[P01911]		3			1			1.0	HLA-DRB1	2015	2015
0.874251497005988		10450702	[]	[disease of anatomical entity (7)]	[Abnormality of the digestive system (25031), Abnormality of the immune system (02715)]	[Digestive System Diseases (C06), Nutritional and Metabolic Diseases (C18)]	[Disease or Syndrome (T047)]	Celiac Disease	disease	C0007570	[MESH_D002446, ICD10_K90.0, NCI_C26714, ICD9CM_579.0, HPO_HP:0002608, ORDO_555, DO_10608, MONDO_0005130, EFO_0001060, EFO_0009266, UMLS_C0007570]					0.913	0.353	[ENSG00000196735]	3117	protein-coding	[DTO_05007608]	[Immune response]	[P01909]	6.3922E-4	2			0			1.0	HLA-DQA1		
0.9243421052631579		100366604	[]	[disease of anatomical entity (7)]	[]	[Urogenital Diseases (C12), Hemic and Lymphatic Diseases (C15)]	[Disease or Syndrome (T047)]	Atypical Hemolytic Uremic Syndrome	disease	C2931788	[MESH_D065766, NCI_C123223, ORDO_2134, DO_0080301, DO_12554, MONDO_0016244, UMLS_C2931788]	Autosomal dominant,Autosomal recessive,Not applicable	1-9 / 1 000 000,1-9 / 100 000,<1 / 1 000 000	United States,Europe,China	Annual incidence,Point prevalence,Point prevalence	0.913	0.417	[ENSG00000000971]	3075	protein-coding	[]	[]	[P08603]	0.99997	2			16			1.0	CFH	2021	1978
0.860655737704918		5274292	[]	[disease of anatomical entity (7)]	[Abnormality of the musculoskeletal system (33127)]	[Skin and Connective Tissue Diseases (C17), Immune System Diseases (C20), Musculoskeletal Diseases (C05)]	[Disease or Syndrome (T047)]	Rheumatoid Arthritis	disease	C0003873	[MESH_D001172, ICD10_M06.9, OMIM_180300, ICD9CM_714.0, OMIM_607218, HPO_HP:0001370, NCI_C2884, DO_7148, MONDO_0008383, EFO_0000685, UMLS_C0003873]					0.913	0.426	[ENSG00000134242]	26191	protein-coding	[]	[]	[Q9Y2R2]		0			5			1.0	PTPN22	2018	2009
0.9117647058823529		20280804	[]	[disease of anatomical entity (7)]	[]	[Congenital, Hereditary, and Neonatal Diseases and Abnormalities (C16), Immune System Diseases (C20), Hemic and Lymphatic Diseases (C15), Pathological Conditions, Signs and Symptoms (C23)]	[Disease or Syndrome (T047)]	Chronic granulomatous disease	disease	C0018203	[MESH_D006105, NCI_C26788, ORDO_379, DO_3265, MONDO_0018305, UMLS_C0018203]	Autosomal recessive,X-linked recessive	1-9 / 1 000 000,1-9 / 1 000 000,1-9 / 1 000 000,1-9 / 1 000 000,1-9 / 1 000 000,1-9 / 1 000 000,1-9 / 1 000 000,1-9 / 1 000 000,1-9 / 1 000 000,1-9 / 1 000 000,1-9 / 1 000 000,1-9 / 1 000 000,1-9 / 1 000 000,1-9 / 1 000 000,1-9 / 1 000 000,1-9 / 1 000 000,1-9 / 1 000 000,<1 / 1 000 000,1-9 / 1 000 000,1-9 / 1 000 000,1-9 / 1 000 000,1-9 / 1 000 000,1-9 / 1 000 000,1-9 / 1 000 000,1-9 / 1 000 000,1-9 / 1 000 000	Worldwide,Worldwide,United States,Europe,Europe,United Kingdom,United Kingdom,France,France,Sweden,Sweden,Italy,Italy,Denmark,Denmark,Netherlands,Netherlands,Australia,Japan,Japan,Korea, Republic of,Korea, Republic of,Latin America,Latin America,Israel,Israel	Prevalence at birth,Point prevalence,Prevalence at birth,Prevalence at birth,Point prevalence,Prevalence at birth,Point prevalence,Prevalence at birth,Point prevalence,Prevalence at birth,Point prevalence,Prevalence at birth,Point prevalence,Prevalence at birth,Point prevalence,Prevalence at birth,Point prevalence,Point prevalence,Prevalence at birth,Point prevalence,Prevalence at birth,Point prevalence,Prevalence at birth,Point prevalence,Prevalence at birth,Point prevalence	0.913	0.435	[ENSG00000165168]	1536	protein-coding	[DTO_01300327]	[Ion channel]	[P04839]		8			4			1.0	CYBB	2001	1993
0.9138755980861244		15325973	[]	[disease of anatomical entity (7), disease of metabolism (0014667), genetic disease (630)]	[Abnormality of metabolism/homeostasis (01939), Abnormality of the endocrine system (00818)]	[Nutritional and Metabolic Diseases (C18), Immune System Diseases (C20), Endocrine System Diseases (C19)]	[Disease or Syndrome (T047)]	Diabetes Mellitus, Insulin-Dependent	disease	C0011854	[MESH_D003922, ICD10_E10, OMIM_222100, NCI_C2986, HPO_HP:0100651, ORDO_243377, DO_0110741, DO_0110742, DO_0110743, DO_0110744, DO_0110745, DO_0110746, DO_9744, DO_0110747, DO_0110749, DO_0110750, DO_0110751, DO_0110752, DO_0110753, DO_0110754, DO_0110755, DO_0110756, DO_0110757, DO_0110758, DO_0110759, DO_0110760, DO_0110761, MONDO_0005147, MONDO_0007454, MONDO_0010950, MONDO_0011572, MONDO_0011016, MONDO_0011033, MONDO_0011068, MONDO_0011123, MONDO_0012422, MONDO_0010861, MONDO_0010862, MONDO_0010863, MONDO_0010864, MONDO_0011167, MONDO_0011168, MONDO_0012919, MONDO_0012920, MONDO_0012921, MONDO_0012961, MONDO_0011302, MONDO_0013078, UMLS_C0011854]					0.913	0.355	[ENSG00000179344]	3119	protein-coding	[DTO_05007608]	[Immune response]	[P01920]		0			1			1.0	HLA-DQB1	2015	2015
0.8787878787878788		15323266	[]	[disease of anatomical entity (7), disease of metabolism (0014667), genetic disease (630)]	[Abnormality of metabolism/homeostasis (01939), Abnormality of the endocrine system (00818)]	[Nutritional and Metabolic Diseases (C18), Immune System Diseases (C20), Endocrine System Diseases (C19)]	[Disease or Syndrome (T047)]	Diabetes Mellitus, Insulin-Dependent	disease	C0011854	[MESH_D003922, ICD10_E10, OMIM_222100, NCI_C2986, HPO_HP:0100651, ORDO_243377, DO_0110741, DO_0110742, DO_0110743, DO_0110744, DO_0110745, DO_0110746, DO_9744, DO_0110747, DO_0110749, DO_0110750, DO_0110751, DO_0110752, DO_0110753, DO_0110754, DO_0110755, DO_0110756, DO_0110757, DO_0110758, DO_0110759, DO_0110760, DO_0110761, MONDO_0005147, MONDO_0007454, MONDO_0010950, MONDO_0011572, MONDO_0011016, MONDO_0011033, MONDO_0011068, MONDO_0011123, MONDO_0012422, MONDO_0010861, MONDO_0010862, MONDO_0010863, MONDO_0010864, MONDO_0011167, MONDO_0011168, MONDO_0012919, MONDO_0012920, MONDO_0012921, MONDO_0012961, MONDO_0011302, MONDO_0013078, UMLS_C0011854]					0.913	0.426	[ENSG00000134242]	26191	protein-coding	[]	[]	[Q9Y2R2]		3			2			1.0	PTPN22	2018	2011
0.9523809523809523		95224279	[]	[disease of anatomical entity (7), genetic disease (630)]	[]	[Congenital, Hereditary, and Neonatal Diseases and Abnormalities (C16), Immune System Diseases (C20), Hemic and Lymphatic Diseases (C15), Pathological Conditions, Signs and Symptoms (C23)]	[Disease or Syndrome (T047)]	Granulomatous Disease, Chronic, X-Linked	disease	C1844376	[OMIM_306400, OMIM_300481, MESH_D006105, NCI_C154315, ORDO_379, DO_0070195, DO_3265, MONDO_0010600, MONDO_0018305, UMLS_C1844376]					0.913	0.435	[ENSG00000165168]	1536	protein-coding	[DTO_01300327]	[Ion channel]	[P04839]		0			113			1.0	CYBB	2022	1987
0.8957055214723927		15326497	[]	[disease of anatomical entity (7), disease of metabolism (0014667), genetic disease (630)]	[Abnormality of metabolism/homeostasis (01939), Abnormality of the endocrine system (00818)]	[Nutritional and Metabolic Diseases (C18), Immune System Diseases (C20), Endocrine System Diseases (C19)]	[Disease or Syndrome (T047)]	Diabetes Mellitus, Insulin-Dependent	disease	C0011854	[MESH_D003922, ICD10_E10, OMIM_222100, NCI_C2986, HPO_HP:0100651, ORDO_243377, DO_0110741, DO_0110742, DO_0110743, DO_0110744, DO_0110745, DO_0110746, DO_9744, DO_0110747, DO_0110749, DO_0110750, DO_0110751, DO_0110752, DO_0110753, DO_0110754, DO_0110755, DO_0110756, DO_0110757, DO_0110758, DO_0110759, DO_0110760, DO_0110761, MONDO_0005147, MONDO_0007454, MONDO_0010950, MONDO_0011572, MONDO_0011016, MONDO_0011033, MONDO_0011068, MONDO_0011123, MONDO_0012422, MONDO_0010861, MONDO_0010862, MONDO_0010863, MONDO_0010864, MONDO_0011167, MONDO_0011168, MONDO_0012919, MONDO_0012920, MONDO_0012921, MONDO_0012961, MONDO_0011302, MONDO_0013078, UMLS_C0011854]					0.913	0.328	[ENSG00000196126]	3123	protein-coding	[DTO_05007608]	[Immune response]	[P01911]		0			1			1.0	HLA-DRB1	2015	2015
0.8067226890756303		30255292	[]	[disease of anatomical entity (7)]	[Abnormality of the immune system (02715)]	[Immune System Diseases (C20), Skin and Connective Tissue Diseases (C17)]	[Disease or Syndrome (T047)]	Lupus Erythematosus, Systemic	disease	C0024141	[MESH_D008180, ICD10_M32, NCI_C3201, ICD10_M32.9, OMIM_152700, ICD9CM_710.0, HPO_HP:0002725, ORDO_536, DO_9074, MONDO_0007915, UMLS_C0024141]	Not applicable	1-5 / 10 000,6-9 / 10 000,1-5 / 10 000,1-5 / 10 000,1-5 / 10 000,1-5 / 10 000,1-5 / 10 000,1-5 / 10 000,1-9 / 100 000,1-5 / 10 000,6-9 / 10 000	France,Martinique,New Zealand,Korea, Republic of,United States,Taiwan, Province of China,Europe,Finland,Worldwide,Worldwide,Poland	Point prevalence,Point prevalence,Point prevalence,Point prevalence,Point prevalence,Point prevalence,Point prevalence,Point prevalence,Annual incidence,Point prevalence,Annual incidence	0.913	0.328	[ENSG00000196126]	3123	protein-coding	[DTO_05007608]	[Immune response]	[P01911]		0			8			1.0	HLA-DRB1	2013	2001
0.9051724137931034		25032962	[]	[disease of anatomical entity (7)]	[Abnormality of the genitourinary system (00119)]	[Hemic and Lymphatic Diseases (C15), Urogenital Diseases (C12)]	[Disease or Syndrome (T047)]	Hemolytic-Uremic Syndrome	disease	C0019061	[MESH_D006463, ICD10_D59.3, NCI_C75545, ICD9CM_283.11, HPO_HP:0005575, ORDO_544458, DO_12554, MONDO_0001549, UMLS_C0019061]					0.913	0.417	[ENSG00000000971]	3075	protein-coding	[]	[]	[P08603]	0.99997	2			0			1.0	CFH		
0.8636363636363636		30253988	[]	[disease of anatomical entity (7)]	[Abnormality of the immune system (02715)]	[Immune System Diseases (C20), Skin and Connective Tissue Diseases (C17)]	[Disease or Syndrome (T047)]	Lupus Erythematosus, Systemic	disease	C0024141	[MESH_D008180, ICD10_M32, NCI_C3201, ICD10_M32.9, OMIM_152700, ICD9CM_710.0, HPO_HP:0002725, ORDO_536, DO_9074, MONDO_0007915, UMLS_C0024141]	Not applicable	1-5 / 10 000,6-9 / 10 000,1-5 / 10 000,1-5 / 10 000,1-5 / 10 000,1-5 / 10 000,1-5 / 10 000,1-5 / 10 000,1-9 / 100 000,1-5 / 10 000,6-9 / 10 000	France,Martinique,New Zealand,Korea, Republic of,United States,Taiwan, Province of China,Europe,Finland,Worldwide,Worldwide,Poland	Point prevalence,Point prevalence,Point prevalence,Point prevalence,Point prevalence,Point prevalence,Point prevalence,Point prevalence,Annual incidence,Point prevalence,Annual incidence	0.913	0.426	[ENSG00000134242]	26191	protein-coding	[]	[]	[Q9Y2R2]		0			8			1.0	PTPN22	2013	2004
0.8354430379746836		35061530	[]	[disease of anatomical entity (7)]	[]	[Immune System Diseases (C20), Nervous System Diseases (C10)]	[Disease or Syndrome (T047)]	Multiple Sclerosis	disease	C0026769	[MESH_D009103, ICD10_G35, ICD9CM_340, NCI_C3243, ORDO_802, DO_2377, MONDO_0005301, EFO_0803536, UMLS_C0026769]					0.913	0.353	[ENSG00000196735]	3117	protein-coding	[DTO_05007608]	[Immune response]	[P01909]	6.3922E-4	0			0			1.0	HLA-DQA1		
0.9193548387096774		5276248	[]	[disease of anatomical entity (7)]	[Abnormality of the musculoskeletal system (33127)]	[Skin and Connective Tissue Diseases (C17), Immune System Diseases (C20), Musculoskeletal Diseases (C05)]	[Disease or Syndrome (T047)]	Rheumatoid Arthritis	disease	C0003873	[MESH_D001172, ICD10_M06.9, OMIM_180300, ICD9CM_714.0, OMIM_607218, HPO_HP:0001370, NCI_C2884, DO_7148, MONDO_0008383, EFO_0000685, UMLS_C0003873]					0.913	0.353	[ENSG00000196735]	3117	protein-coding	[DTO_05007608]	[Immune response]	[P01909]	6.3922E-4	1			0			1.0	HLA-DQA1		
0.8870967741935484		10451107	[]	[disease of anatomical entity (7)]	[Abnormality of the digestive system (25031), Abnormality of the immune system (02715)]	[Digestive System Diseases (C06), Nutritional and Metabolic Diseases (C18)]	[Disease or Syndrome (T047)]	Celiac Disease	disease	C0007570	[MESH_D002446, ICD10_K90.0, NCI_C26714, ICD9CM_579.0, HPO_HP:0002608, ORDO_555, DO_10608, MONDO_0005130, EFO_0001060, EFO_0009266, UMLS_C0007570]					0.913	0.355	[ENSG00000179344]	3119	protein-coding	[DTO_05007608]	[Immune response]	[P01920]		0			0			1.0	HLA-DQB1		
0.8852459016393442		15368139	[]	[disease of metabolism (0014667), genetic disease (630)]	[Abnormality of metabolism/homeostasis (01939), Abnormality of the endocrine system (00818)]	[Nutritional and Metabolic Diseases (C18), Endocrine System Diseases (C19)]	[Disease or Syndrome (T047)]	Diabetes Mellitus, Non-Insulin-Dependent	disease	C0011860	[MESH_D003924, ICD10_E11, OMIM_125853, NCI_C26747, OMIM_600509, OMIM_147545, HPO_HP:0005978, OMIM_138079, OMIM_147670, OMIM_167413, OMIM_600281, OMIM_189907, OMIM_138430, OMIM_164731, OMIM_601724, DO_9352, MONDO_0005148, UMLS_C0011860]					0.913	0.353	[ENSG00000196735]	3117	protein-coding	[DTO_05007608]	[Immune response]	[P01909]	6.3922E-4	0			0			1.0	HLA-DQA1		
0.8363636363636363		40268929	[]	[disease of anatomical entity (7)]	[]	[Immune System Diseases (C20), Hemic and Lymphatic Diseases (C15)]	[Disease or Syndrome (T047)]	Sarcoidosis	disease	C0036202	[MESH_D012507, ICD10_D86, ICD10_D86.9, ICD9CM_135, NCI_C34995, ORDO_797, DO_11335, DO_13404, MONDO_0008399, MONDO_0019338, UMLS_C0036202]	Multigenic/multifactorial	6-9 / 10 000,1-5 / 10 000,1-5 / 10 000,1-9 / 100 000,1-5 / 10 000,1-9 / 100 000,1-5 / 10 000,1-9 / 100 000,1-5 / 10 000,1-9 / 100 000,1-9 / 100 000,6-9 / 10 000,1-9 / 100 000,1-9 / 100 000,1-9 / 100 000,1-9 / 100 000,6-9 / 10 000,1-9 / 100 000,1-9 / 100 000,1-9 / 100 000,1-9 / 1 000 000,1-9 / 1 000 000,1-5 / 10 000,1-9 / 100 000,>1 / 1000,1-5 / 10 000,1-9 / 100 000,1-9 / 1 000 000,1-5 / 10 000,1-5 / 10 000,1-5 / 10 000,1-5 / 10 000,1-9 / 100 000,1-9 / 1 000 000	United States,Worldwide,Ireland,Croatia,Europe,United Kingdom,France,Spain,Finland,Denmark,Switzerland,Switzerland,Greece,Greece,Iceland,Czech Republic,Czech Republic,Australia,Japan,Japan,Korea, Republic of,Singapore,Italy,France,Sweden,Sweden,Taiwan, Province of China,Portugal,Norway,Norway,Canada,Guadeloupe,Guadeloupe,Uruguay	Point prevalence,Point prevalence,Point prevalence,Annual incidence,Point prevalence,Annual incidence,Point prevalence,Annual incidence,Point prevalence,Annual incidence,Annual incidence,Point prevalence,Annual incidence,Point prevalence,Annual incidence,Annual incidence,Point prevalence,Annual incidence,Annual incidence,Point prevalence,Annual incidence,Annual incidence,Point prevalence,Annual incidence,Point prevalence,Annual incidence,Point prevalence,Point prevalence,Point prevalence,Annual incidence,Point prevalence,Point prevalence,Annual incidence,Annual incidence	0.913	0.328	[ENSG00000196126]	3123	protein-coding	[DTO_05007608]	[Immune response]	[P01911]		0			2			1.0	HLA-DRB1	2012	2003
0.75		35061593	[]	[disease of anatomical entity (7)]	[]	[Immune System Diseases (C20), Nervous System Diseases (C10)]	[Disease or Syndrome (T047)]	Multiple Sclerosis	disease	C0026769	[MESH_D009103, ICD10_G35, ICD9CM_340, NCI_C3243, ORDO_802, DO_2377, MONDO_0005301, EFO_0803536, UMLS_C0026769]					0.913	0.355	[ENSG00000179344]	3119	protein-coding	[DTO_05007608]	[Immune response]	[P01920]		0			0			1.0	HLA-DQB1		
0.8666666666666667		20283554	[]	[disease of anatomical entity (7)]	[Abnormality of the endocrine system (00818)]	[Endocrine System Diseases (C19), Eye Diseases (C11), Immune System Diseases (C20)]	[Disease or Syndrome (T047)]	Graves Disease	disease	C0018213	[MESH_D006111, OMIM_275000, NCI_C3071, HPO_HP:0100647, DO_12361, DO_7997, MONDO_0005364, MONDO_0100489, EFO_0004237, UMLS_C0018213]					0.913	0.426	[ENSG00000134242]	26191	protein-coding	[]	[]	[Q9Y2R2]		1			1			1.0	PTPN22	2011	2011
0.85		20284010	[]	[disease of anatomical entity (7)]	[Abnormality of the endocrine system (00818)]	[Endocrine System Diseases (C19), Eye Diseases (C11), Immune System Diseases (C20)]	[Disease or Syndrome (T047)]	Graves Disease	disease	C0018213	[MESH_D006111, OMIM_275000, NCI_C3071, HPO_HP:0100647, DO_12361, DO_7997, MONDO_0005364, MONDO_0100489, EFO_0004237, UMLS_C0018213]					0.913	0.353	[ENSG00000196735]	3117	protein-coding	[DTO_05007608]	[Immune response]	[P01909]	6.3922E-4	0			0			1.0	HLA-DQA1		
0.9428571428571428		70294859	[]	[]	[]	[Immune System Diseases (C20), Congenital, Hereditary, and Neonatal Diseases and Abnormalities (C16), Urogenital Diseases (C12)]	[Disease or Syndrome (T047)]	Complement Factor H Deficiency	disease	C0398777	[OMIM_609814, MESH_C562875, OMIM_134370, ORDO_200421, MONDO_0012350, MONDO_0016061, UMLS_C0398777]					0.913	0.417	[ENSG00000000971]	3075	protein-coding	[]	[]	[P08603]	0.99997	0			24			1.0	CFH	2018	1986
0.90625		5308714	[]	[disease of anatomical entity (7)]	[Abnormality of the respiratory system (02086), Abnormality of the immune system (02715)]	[Immune System Diseases (C20), Respiratory Tract Diseases (C08)]	[Disease or Syndrome (T047)]	Asthma	disease	C0004096	[ICD10_J45, MESH_D001249, ICD10_J45.9, HPO_HP:0002099, NCI_C28397, ICD9CM_493, ICD9CM_493.9, DO_2841, DO_9360, DO_9415, MONDO_0004979, UMLS_C0004096]					0.913	0.328	[ENSG00000196126]	3123	protein-coding	[DTO_05007608]	[Immune response]	[P01911]		0			1			1.0	HLA-DRB1	2006	2006
0.967741935483871		5308659	[]	[disease of anatomical entity (7)]	[Abnormality of the respiratory system (02086), Abnormality of the immune system (02715)]	[Immune System Diseases (C20), Respiratory Tract Diseases (C08)]	[Disease or Syndrome (T047)]	Asthma	disease	C0004096	[ICD10_J45, MESH_D001249, ICD10_J45.9, HPO_HP:0002099, NCI_C28397, ICD9CM_493, ICD9CM_493.9, DO_2841, DO_9360, DO_9415, MONDO_0004979, UMLS_C0004096]					0.913	0.355	[ENSG00000179344]	3119	protein-coding	[DTO_05007608]	[Immune response]	[P01920]		0			1			1.0	HLA-DQB1	2000	2000
0.9642857142857143		30308091	[]	[disease of anatomical entity (7)]	[Abnormality of the eye (00478)]	[Eye Diseases (C11)]	[Disease or Syndrome (T047)]	Macular degeneration	disease	C0024437	[MESH_D008268, OMIM_607643, OMIM_607921, HPO_HP:0000608, NCI_C123330, DO_10871, DO_4448, MONDO_0003004, EFO_0001365, EFO_0009606, UMLS_C0024437]					0.913	0.417	[ENSG00000000971]	3075	protein-coding	[]	[]	[P08603]	0.99997	10			6			1.0	CFH	2016	2006
0.9444444444444444		40268844	[]	[disease of anatomical entity (7)]	[]	[Immune System Diseases (C20), Hemic and Lymphatic Diseases (C15)]	[Disease or Syndrome (T047)]	Sarcoidosis	disease	C0036202	[MESH_D012507, ICD10_D86, ICD10_D86.9, ICD9CM_135, NCI_C34995, ORDO_797, DO_11335, DO_13404, MONDO_0008399, MONDO_0019338, UMLS_C0036202]	Multigenic/multifactorial	6-9 / 10 000,1-5 / 10 000,1-5 / 10 000,1-9 / 100 000,1-5 / 10 000,1-9 / 100 000,1-5 / 10 000,1-9 / 100 000,1-5 / 10 000,1-9 / 100 000,1-9 / 100 000,6-9 / 10 000,1-9 / 100 000,1-9 / 100 000,1-9 / 100 000,1-9 / 100 000,6-9 / 10 000,1-9 / 100 000,1-9 / 100 000,1-9 / 100 000,1-9 / 1 000 000,1-9 / 1 000 000,1-5 / 10 000,1-9 / 100 000,>1 / 1000,1-5 / 10 000,1-9 / 100 000,1-9 / 1 000 000,1-5 / 10 000,1-5 / 10 000,1-5 / 10 000,1-5 / 10 000,1-9 / 100 000,1-9 / 1 000 000	United States,Worldwide,Ireland,Croatia,Europe,United Kingdom,France,Spain,Finland,Denmark,Switzerland,Switzerland,Greece,Greece,Iceland,Czech Republic,Czech Republic,Australia,Japan,Japan,Korea, Republic of,Singapore,Italy,France,Sweden,Sweden,Taiwan, Province of China,Portugal,Norway,Norway,Canada,Guadeloupe,Guadeloupe,Uruguay	Point prevalence,Point prevalence,Point prevalence,Annual incidence,Point prevalence,Annual incidence,Point prevalence,Annual incidence,Point prevalence,Annual incidence,Annual incidence,Point prevalence,Annual incidence,Point prevalence,Annual incidence,Annual incidence,Point prevalence,Annual incidence,Annual incidence,Point prevalence,Annual incidence,Annual incidence,Point prevalence,Annual incidence,Point prevalence,Annual incidence,Point prevalence,Point prevalence,Point prevalence,Annual incidence,Point prevalence,Point prevalence,Annual incidence,Annual incidence	0.913	0.355	[ENSG00000179344]	3119	protein-coding	[DTO_05007608]	[Immune response]	[P01920]		0			0			1.0	HLA-DQB1		
0.9428571428571428		5308613	[]	[disease of anatomical entity (7)]	[Abnormality of the respiratory system (02086), Abnormality of the immune system (02715)]	[Immune System Diseases (C20), Respiratory Tract Diseases (C08)]	[Disease or Syndrome (T047)]	Asthma	disease	C0004096	[ICD10_J45, MESH_D001249, ICD10_J45.9, HPO_HP:0002099, NCI_C28397, ICD9CM_493, ICD9CM_493.9, DO_2841, DO_9360, DO_9415, MONDO_0004979, UMLS_C0004096]					0.913	0.353	[ENSG00000196735]	3117	protein-coding	[DTO_05007608]	[Immune response]	[P01909]	6.3922E-4	0			1			0.95	HLA-DQA1	2000	2000
0.9259259259259259		25301473	[]	[]	[]	[Pathological Conditions, Signs and Symptoms (C23)]	[Pathologic Function (T046)]	Inflammation	phenotype	C0021368	[MESH_D007249, NCI_C3137, UMLS_C0021368]					1.0	0.264	[ENSG00000136634]	3586	protein-coding	[]	[]	[P22301]	0.48334	255			1			1.0	IL10	2001	2001
0.8858447488584474		30257377	[]	[disease of anatomical entity (7)]	[Abnormality of the immune system (02715)]	[Immune System Diseases (C20), Skin and Connective Tissue Diseases (C17)]	[Disease or Syndrome (T047)]	Lupus Erythematosus, Systemic	disease	C0024141	[MESH_D008180, ICD10_M32, NCI_C3201, ICD10_M32.9, OMIM_152700, ICD9CM_710.0, HPO_HP:0002725, ORDO_536, DO_9074, MONDO_0007915, UMLS_C0024141]	Not applicable	1-5 / 10 000,6-9 / 10 000,1-5 / 10 000,1-5 / 10 000,1-5 / 10 000,1-5 / 10 000,1-5 / 10 000,1-5 / 10 000,1-9 / 100 000,1-5 / 10 000,6-9 / 10 000	France,Martinique,New Zealand,Korea, Republic of,United States,Taiwan, Province of China,Europe,Finland,Worldwide,Worldwide,Poland	Point prevalence,Point prevalence,Point prevalence,Point prevalence,Point prevalence,Point prevalence,Point prevalence,Point prevalence,Annual incidence,Point prevalence,Annual incidence	1.0	0.264	[ENSG00000136634]	3586	protein-coding	[]	[]	[P22301]	0.48334	18			5			1.0	IL10	2013	2009
0.9285714285714286		25334435	[]	[disease of anatomical entity (7)]	[Abnormality of the digestive system (25031), Abnormality of the immune system (02715)]	[Digestive System Diseases (C06)]	[Disease or Syndrome (T047)]	Inflammatory Bowel Diseases	disease	C0021390	[MESH_D015212, NCI_C3138, HPO_HP:0002037, DO_0050589, MONDO_0005265, EFO_0003767, UMLS_C0021390]					1.0	0.264	[ENSG00000136634]	3586	protein-coding	[]	[]	[P22301]	0.48334	20			5			1.0	IL10	2018	2013
0.8870056497175142		5280826	[]	[disease of anatomical entity (7)]	[Abnormality of the musculoskeletal system (33127)]	[Skin and Connective Tissue Diseases (C17), Immune System Diseases (C20), Musculoskeletal Diseases (C05)]	[Disease or Syndrome (T047)]	Rheumatoid Arthritis	disease	C0003873	[MESH_D001172, ICD10_M06.9, OMIM_180300, ICD9CM_714.0, OMIM_607218, HPO_HP:0001370, NCI_C2884, DO_7148, MONDO_0008383, EFO_0000685, UMLS_C0003873]					1.0	0.264	[ENSG00000136634]	3586	protein-coding	[]	[]	[P22301]	0.48334	32			3			1.0	IL10	2013	2003
0.8571428571428571		15041634	[]	[disease of anatomical entity (7)]	[Abnormality of the immune system (02715), Abnormality of the digestive system (25031)]	[Digestive System Diseases (C06)]	[Disease or Syndrome (T047)]	Colitis	disease	C0009319	[MESH_D003092, HPO_HP:0002583, NCI_C26723, DO_0060180, DO_0060189, DO_0060190, DO_2326, MONDO_0005292, MONDO_0005534, EFO_0003872, EFO_0005624, UMLS_C0009319]					1.0	0.264	[ENSG00000136634]	3586	protein-coding	[]	[]	[P22301]	0.48334	19			4			1.0	IL10	2013	2009
0.9177215189873418		5311863	[]	[disease of anatomical entity (7)]	[Abnormality of the respiratory system (02086), Abnormality of the immune system (02715)]	[Immune System Diseases (C20), Respiratory Tract Diseases (C08)]	[Disease or Syndrome (T047)]	Asthma	disease	C0004096	[ICD10_J45, MESH_D001249, ICD10_J45.9, HPO_HP:0002099, NCI_C28397, ICD9CM_493, ICD9CM_493.9, DO_2841, DO_9360, DO_9415, MONDO_0004979, UMLS_C0004096]					1.0	0.264	[ENSG00000136634]	3586	protein-coding	[]	[]	[P22301]	0.48334	28			1			1.0	IL10	2018	2018
0.9032258064516129		30257986	[]	[disease of anatomical entity (7)]	[Abnormality of the immune system (02715)]	[Immune System Diseases (C20), Skin and Connective Tissue Diseases (C17)]	[Disease or Syndrome (T047)]	Lupus Erythematosus, Systemic	disease	C0024141	[MESH_D008180, ICD10_M32, NCI_C3201, ICD10_M32.9, OMIM_152700, ICD9CM_710.0, HPO_HP:0002725, ORDO_536, DO_9074, MONDO_0007915, UMLS_C0024141]	Not applicable	1-5 / 10 000,6-9 / 10 000,1-5 / 10 000,1-5 / 10 000,1-5 / 10 000,1-5 / 10 000,1-5 / 10 000,1-5 / 10 000,1-9 / 100 000,1-5 / 10 000,6-9 / 10 000	France,Martinique,New Zealand,Korea, Republic of,United States,Taiwan, Province of China,Europe,Finland,Worldwide,Worldwide,Poland	Point prevalence,Point prevalence,Point prevalence,Point prevalence,Point prevalence,Point prevalence,Point prevalence,Point prevalence,Annual incidence,Point prevalence,Annual incidence	0.87	0.462	[ENSG00000128604]	3663	protein-coding	[DTO_05007542]	[Transcription factor]	[Q13568]	0.87295	1			6			1.0	IRF5	2013	2005
0.9090909090909091		60171770	[]	[disease by infectious agent (0050117)]	[]	[Infections (C01), Pathological Conditions, Signs and Symptoms (C23)]	[Disease or Syndrome (T047)]	Sepsis	disease	C0243026	[MESH_D018805, ICD9CM_995.91, DO_0040085, MONDO_0005229, EFO_0003033, UMLS_C0243026]					1.0	0.264	[ENSG00000136634]	3586	protein-coding	[]	[]	[P22301]	0.48334	47			1			1.0	IL10	2001	2001
0.8321678321678322		15375238	[]	[disease of metabolism (0014667), genetic disease (630)]	[Abnormality of metabolism/homeostasis (01939), Abnormality of the endocrine system (00818)]	[Nutritional and Metabolic Diseases (C18), Endocrine System Diseases (C19)]	[Disease or Syndrome (T047)]	Diabetes Mellitus, Non-Insulin-Dependent	disease	C0011860	[MESH_D003924, ICD10_E11, OMIM_125853, NCI_C26747, OMIM_600509, OMIM_147545, HPO_HP:0005978, OMIM_138079, OMIM_147670, OMIM_167413, OMIM_600281, OMIM_189907, OMIM_138430, OMIM_164731, OMIM_601724, DO_9352, MONDO_0005148, UMLS_C0011860]					1.0	0.264	[ENSG00000136634]	3586	protein-coding	[]	[]	[P22301]	0.48334	54			0			1.0	IL10		
0.8592592592592593		25106895	[]	[disease by infectious agent (0050117)]	[]	[Infections (C01), Urogenital Diseases (C12), Immune System Diseases (C20)]	[Disease or Syndrome (T047)]	HIV Infections	disease	C0019693	[MESH_D015658, ICD10_B20-B24.9, ICD10_B24, ICD9CM_042, NCI_C3108, ICD9CM_042-042.99, DO_526, DO_635, MONDO_0005109, EFO_0000764, UMLS_C0019693]					1.0	0.264	[ENSG00000136634]	3586	protein-coding	[]	[]	[P22301]	0.48334	17			1			1.0	IL10	1999	1999
0.8195488721804511		25071206	[]	[disease of anatomical entity (7), disease by infectious agent (0050117)]	[]	[Infections (C01), Digestive System Diseases (C06)]	[Disease or Syndrome (T047)]	Hepatitis C	disease	C0019196	[MESH_D006526, NCI_C3098, ICD9CM_070.7, DO_1883, MONDO_0005231, EFO_0003047, UMLS_C0019196]					1.0	0.264	[ENSG00000136634]	3586	protein-coding	[]	[]	[P22301]	0.48334	4			0			1.0	IL10		
0.8411214953271028		15050559	[]	[disease of anatomical entity (7)]	[Abnormality of the immune system (02715), Abnormality of the digestive system (25031)]	[Digestive System Diseases (C06)]	[Disease or Syndrome (T047)]	Ulcerative Colitis	disease	C0009324	[ICD10_K51, MESH_D003093, ICD10_K51.9, OMIM_266600, ICD9CM_556.9, HPO_HP:0100279, NCI_C2952, ICD9CM_556, DO_8577, MONDO_0005101, EFO_0000729, UMLS_C0009324]					1.0	0.264	[ENSG00000136634]	3586	protein-coding	[]	[]	[P22301]	0.48334	18			2			1.0	IL10	2010	2008
0.9615384615384616		115170092	[]	[disease by infectious agent (0050117)]	[]	[Infections (C01), Respiratory Tract Diseases (C08)]	[Disease or Syndrome (T047)]	COVID-19 Virus Disease	disease	C5203670	[MESH_D000086382, NCI_C171133, DO_0080600, MONDO_0100096, UMLS_C5203670]					1.0	0.264	[ENSG00000136634]	3586	protein-coding	[]	[]	[P22301]	0.48334	118			2			1.0	IL10	2020	2020
0.8979591836734694		15328492	[]	[disease of anatomical entity (7), disease of metabolism (0014667), genetic disease (630)]	[Abnormality of metabolism/homeostasis (01939), Abnormality of the endocrine system (00818)]	[Nutritional and Metabolic Diseases (C18), Immune System Diseases (C20), Endocrine System Diseases (C19)]	[Disease or Syndrome (T047)]	Diabetes Mellitus, Insulin-Dependent	disease	C0011854	[MESH_D003922, ICD10_E10, OMIM_222100, NCI_C2986, HPO_HP:0100651, ORDO_243377, DO_0110741, DO_0110742, DO_0110743, DO_0110744, DO_0110745, DO_0110746, DO_9744, DO_0110747, DO_0110749, DO_0110750, DO_0110751, DO_0110752, DO_0110753, DO_0110754, DO_0110755, DO_0110756, DO_0110757, DO_0110758, DO_0110759, DO_0110760, DO_0110761, MONDO_0005147, MONDO_0007454, MONDO_0010950, MONDO_0011572, MONDO_0011016, MONDO_0011033, MONDO_0011068, MONDO_0011123, MONDO_0012422, MONDO_0010861, MONDO_0010862, MONDO_0010863, MONDO_0010864, MONDO_0011167, MONDO_0011168, MONDO_0012919, MONDO_0012920, MONDO_0012921, MONDO_0012961, MONDO_0011302, MONDO_0013078, UMLS_C0011854]					0.913	0.359	[ENSG00000134460]	3559	protein-coding	[DTO_05007575]	[Receptor]	[P01589]	5.1734E-6	10			4			1.0	IL2RA	2018	2007
0.9659090909090909		35063685	[]	[disease of anatomical entity (7)]	[]	[Immune System Diseases (C20), Nervous System Diseases (C10)]	[Disease or Syndrome (T047)]	Multiple Sclerosis	disease	C0026769	[MESH_D009103, ICD10_G35, ICD9CM_340, NCI_C3243, ORDO_802, DO_2377, MONDO_0005301, EFO_0803536, UMLS_C0026769]					0.913	0.359	[ENSG00000134460]	3559	protein-coding	[DTO_05007575]	[Receptor]	[P01589]	5.1734E-6	11			4			1.0	IL2RA	2013	2007
0.7777777777777778		5421318	[]	[disease of anatomical entity (7)]	[]	[Eye Diseases (C11), Skin and Connective Tissue Diseases (C17), Cardiovascular Diseases (C14), Stomatognathic Diseases (C07), Congenital, Hereditary, and Neonatal Diseases and Abnormalities (C16)]	[Disease or Syndrome (T047)]	Behcet Syndrome	disease	C0004943	[MESH_D001528, ICD10_M35.2, OMIM_109650, NCI_C34416, ICD9CM_136.1, ORDO_117, DO_13241, MONDO_0007191, EFO_0003780, UMLS_C0004943]	Multigenic/multifactorial	1-9 / 1 000 000,1-9 / 1 000 000,1-9 / 100 000,1-9 / 1 000 000,1-9 / 100 000,1-9 / 100 000,1-5 / 10 000,1-9 / 100 000,1-9 / 100 000,1-5 / 10 000,>1 / 1000,1-5 / 10 000,1-5 / 10 000,1-9 / 1 000 000,1-5 / 10 000,1-9 / 100 000	Spain,Italy,United States,Iran, Islamic Republic of,France,Italy,United Kingdom,Sweden,Portugal,Japan,Turkey,Iran, Islamic Republic of,Israel,Taiwan, Province of China,Saudi Arabia,Korea, Republic of	Annual incidence,Annual incidence,Point prevalence,Annual incidence,Point prevalence,Point prevalence,Point prevalence,Point prevalence,Point prevalence,Point prevalence,Point prevalence,Point prevalence,Point prevalence,Annual incidence,Point prevalence,Annual incidence	1.0	0.264	[ENSG00000136634]	3586	protein-coding	[]	[]	[P22301]	0.48334	3			3			1.0	IL10	2015	2010
0.9122807017543859		100366761	[]	[disease of anatomical entity (7)]	[]	[Urogenital Diseases (C12), Hemic and Lymphatic Diseases (C15)]	[Disease or Syndrome (T047)]	Atypical Hemolytic Uremic Syndrome	disease	C2931788	[MESH_D065766, NCI_C123223, ORDO_2134, DO_0080301, DO_12554, MONDO_0016244, UMLS_C2931788]	Autosomal dominant,Autosomal recessive,Not applicable	1-9 / 1 000 000,1-9 / 100 000,<1 / 1 000 000	United States,Europe,China	Annual incidence,Point prevalence,Point prevalence	0.87	0.524	[ENSG00000205403]	3426	protein-coding	[]	[]	[P05156]	4.7667E-15	0			11			1.0	CFI	2020	1993
0.9454545454545454		5279120	[]	[disease of anatomical entity (7)]	[Abnormality of the musculoskeletal system (33127)]	[Skin and Connective Tissue Diseases (C17), Immune System Diseases (C20), Musculoskeletal Diseases (C05)]	[Disease or Syndrome (T047)]	Rheumatoid Arthritis	disease	C0003873	[MESH_D001172, ICD10_M06.9, OMIM_180300, ICD9CM_714.0, OMIM_607218, HPO_HP:0001370, NCI_C2884, DO_7148, MONDO_0008383, EFO_0000685, UMLS_C0003873]					0.913	0.359	[ENSG00000134460]	3559	protein-coding	[DTO_05007575]	[Receptor]	[P01589]	5.1734E-6	6			3			1.0	IL2RA	2012	2010
0.8461538461538461		35118803	[]	[disease of anatomical entity (7)]	[Abnormality of the cardiovascular system (01626)]	[Pathological Conditions, Signs and Symptoms (C23), Cardiovascular Diseases (C14)]	[Disease or Syndrome (T047)]	Myocardial Infarction	disease	C0027051	[MESH_D009203, NCI_C27996, HPO_HP:0001658, DO_11847, DO_5844, DO_5854, DO_9408, MONDO_0005068, EFO_0000612, EFO_1000883, UMLS_C0027051]					1.0	0.264	[ENSG00000136634]	3586	protein-coding	[]	[]	[P22301]	0.48334	17			2			1.0	IL10	2006	2005
0.8305084745762712		35064373	[]	[disease of anatomical entity (7)]	[]	[Immune System Diseases (C20), Nervous System Diseases (C10)]	[Disease or Syndrome (T047)]	Multiple Sclerosis	disease	C0026769	[MESH_D009103, ICD10_G35, ICD9CM_340, NCI_C3243, ORDO_802, DO_2377, MONDO_0005301, EFO_0803536, UMLS_C0026769]					1.0	0.264	[ENSG00000136634]	3586	protein-coding	[]	[]	[P22301]	0.48334	42			1			0.95	IL10	2013	2013
0.9230769230769231		5281659	[]	[disease of anatomical entity (7)]	[Abnormality of the musculoskeletal system (33127)]	[Skin and Connective Tissue Diseases (C17), Immune System Diseases (C20), Musculoskeletal Diseases (C05)]	[Disease or Syndrome (T047)]	Rheumatoid Arthritis	disease	C0003873	[MESH_D001172, ICD10_M06.9, OMIM_180300, ICD9CM_714.0, OMIM_607218, HPO_HP:0001370, NCI_C2884, DO_7148, MONDO_0008383, EFO_0000685, UMLS_C0003873]					0.87	0.462	[ENSG00000128604]	3663	protein-coding	[DTO_05007542]	[Transcription factor]	[Q13568]	0.87295	0			6			0.95	IRF5	2012	2005
0.8775510204081632		20277673	[]	[disease of anatomical entity (7)]	[]	[Immune System Diseases (C20)]	[Disease or Syndrome (T047)]	Graft-vs-Host Disease	disease	C0018133	[MESH_D006086, ICD9CM_279.5, ICD9CM_279.50, NCI_C3063, ORDO_39812, DO_0081267, MONDO_0013730, UMLS_C0018133]	Not applicable	1-9 / 100 000	Europe	Point prevalence	1.0	0.264	[ENSG00000136634]	3586	protein-coding	[]	[]	[P22301]	0.48334	7			0			0.95	IL10		
0.8478260869565217		40289778	[]	[disease of mental health (150)]	[Abnormality of the nervous system (00707)]	[Mental Disorders (F03)]	[Mental or Behavioral Dysfunction (T048)]	Schizophrenia	disease	C0036341	[MESH_D012559, ICD10_F20, ICD10_F20.9, OMIM_181500, ICD9CM_295.90, HPO_HP:0100753, NCI_C3362, ICD9CM_295.9, ICD9CM_295, DO_5419, MONDO_0005090, UMLS_C0036341]					1.0	0.264	[ENSG00000136634]	3586	protein-coding	[]	[]	[P22301]	0.48334	10			4			0.95	IL10	2014	2011
0.8823529411764706		35064154	[]	[disease of anatomical entity (7)]	[]	[Immune System Diseases (C20), Nervous System Diseases (C10)]	[Disease or Syndrome (T047)]	Multiple Sclerosis	disease	C0026769	[MESH_D009103, ICD10_G35, ICD9CM_340, NCI_C3243, ORDO_802, DO_2377, MONDO_0005301, EFO_0803536, UMLS_C0026769]					0.913	0.42	[ENSG00000168685]	3575	protein-coding	[DTO_05007575]	[Receptor]	[P16871]	2.4867E-8	2			4			0.9	IL7R	2009	2007
0.8811881188118812		30335968	[]	[disease of anatomical entity (7), disease of cellular proliferation (14566)]	[Neoplasm (02664), Abnormality of the digestive system (25031)]	[Neoplasms (C04), Digestive System Diseases (C06)]	[Neoplastic Process (T191)]	Malignant neoplasm of stomach	disease	C0024623	[ICD10_C16, ICD10_C16.9, MESH_D013274, ICD9CM_151.9, OMIM_613659, HPO_HP:0012126, NCI_C9331, ICD9CM_151, ORDO_63443, DO_10534, MONDO_0001056, MONDO_0021085, EFO_0000178, EFO_0003897, UMLS_C0024623]					1.0	0.264	[ENSG00000136634]	3586	protein-coding	[]	[]	[P22301]	0.48334	0			0			0.9	IL10		
0.85		5111575	[]	[disease of anatomical entity (7), genetic disease (630)]	[Abnormality of the nervous system (00707)]	[Mental Disorders (F03), Nervous System Diseases (C10)]	[Disease or Syndrome (T047)]	Alzheimer's Disease	disease	C0002395	[MESH_D000544, ICD10_G30, ICD10_G30.9, NCI_C2866, OMIM_104300, ICD9CM_331.0, OMIM_516000, HPO_HP:0002511, DO_10652, DO_11870, DO_0110035, DO_0110037, DO_0110038, DO_0110039, DO_0110041, DO_0110043, DO_0110044, DO_0110045, DO_0110046, DO_0110047, DO_0110048, MONDO_0007089, MONDO_0004975, MONDO_0011401, MONDO_0011561, MONDO_0011647, MONDO_0011777, MONDO_0012321, MONDO_0012344, MONDO_0012609, MONDO_0012630, MONDO_0012631, MONDO_0011194, UMLS_C0002395]					1.0	0.264	[ENSG00000136634]	3586	protein-coding	[]	[]	[P22301]	0.48334	23			0			0.9	IL10		
0.8767123287671232		15328958	[]	[disease of anatomical entity (7), disease of metabolism (0014667), genetic disease (630)]	[Abnormality of metabolism/homeostasis (01939), Abnormality of the endocrine system (00818)]	[Nutritional and Metabolic Diseases (C18), Immune System Diseases (C20), Endocrine System Diseases (C19)]	[Disease or Syndrome (T047)]	Diabetes Mellitus, Insulin-Dependent	disease	C0011854	[MESH_D003922, ICD10_E10, OMIM_222100, NCI_C2986, HPO_HP:0100651, ORDO_243377, DO_0110741, DO_0110742, DO_0110743, DO_0110744, DO_0110745, DO_0110746, DO_9744, DO_0110747, DO_0110749, DO_0110750, DO_0110751, DO_0110752, DO_0110753, DO_0110754, DO_0110755, DO_0110756, DO_0110757, DO_0110758, DO_0110759, DO_0110760, DO_0110761, MONDO_0005147, MONDO_0007454, MONDO_0010950, MONDO_0011572, MONDO_0011016, MONDO_0011033, MONDO_0011068, MONDO_0011123, MONDO_0012422, MONDO_0010861, MONDO_0010862, MONDO_0010863, MONDO_0010864, MONDO_0011167, MONDO_0011168, MONDO_0012919, MONDO_0012920, MONDO_0012921, MONDO_0012961, MONDO_0011302, MONDO_0013078, UMLS_C0011854]					1.0	0.264	[ENSG00000136634]	3586	protein-coding	[]	[]	[P22301]	0.48334	19			1			0.9	IL10	2009	2009
0.8450704225352113		100201795	[]	[disease of anatomical entity (7), disease of cellular proliferation (14566)]	[Neoplasm (02664), Abnormality of the digestive system (25031)]	[Neoplasms (C04), Digestive System Diseases (C06)]	[Neoplastic Process (T191)]	Liver carcinoma	disease	C2239176	[ICD10_C22.0, MESH_D006528, OMIM_114550, NCI_C3099, HPO_HP:0001402, ORDO_88673, DO_3571, DO_684, MONDO_0007256, EFO_0000182, EFO_0000762, EFO_1000256, UMLS_C2239176]	Not applicable	1-9 / 100 000,1-5 / 10 000,1-9 / 100 000,1-9 / 100 000,1-9 / 100 000,1-9 / 100 000,1-9 / 100 000,1-5 / 10 000,1-9 / 100 000,1-9 / 100 000,1-5 / 10 000,1-5 / 10 000,1-5 / 10 000,1-5 / 10 000,6-9 / 10 000,1-5 / 10 000,1-9 / 100 000,1-9 / 100 000,1-9 / 100 000,1-9 / 100 000,1-9 / 100 000,1-9 / 100 000,1-9 / 100 000,1-9 / 100 000,1-9 / 100 000,1-9 / 100 000,1-9 / 100 000,1-9 / 100 000,1-9 / 100 000,1-9 / 1 000 000,1-9 / 100 000,1-9 / 100 000,1-9 / 100 000,1-9 / 100 000	United States,Europe,France,United Kingdom,Germany,Spain,Italy,Greece,Canada,Oceania,Latin America,China,Japan,Korea, Republic of,Mongolia,Africa,Europe,Austria,Belgium,Bulgaria,Croatia,Czech Republic,Estonia,Finland,Iceland,Ireland,Latvia,Lithuania,Norway,Poland,Portugal,Slovakia,Switzerland,Netherlands	Annual incidence,Point prevalence,Annual incidence,Annual incidence,Annual incidence,Annual incidence,Annual incidence,Annual incidence,Annual incidence,Annual incidence,Annual incidence,Annual incidence,Annual incidence,Annual incidence,Annual incidence,Annual incidence,Annual incidence,Annual incidence,Annual incidence,Annual incidence,Annual incidence,Annual incidence,Annual incidence,Annual incidence,Annual incidence,Annual incidence,Annual incidence,Annual incidence,Annual incidence,Annual incidence,Annual incidence,Annual incidence,Annual incidence,Annual incidence	1.0	0.264	[ENSG00000136634]	3586	protein-coding	[]	[]	[P22301]	0.48334	11			0			0.9	IL10		
0.8805970149253731		40170995	[]	[disease of anatomical entity (7)]	[Abnormality of the immune system (02715), Abnormality of the integument (01574)]	[Skin and Connective Tissue Diseases (C17)]	[Disease or Syndrome (T047)]	Psoriasis	disease	C0033860	[MESH_D011565, ICD10_L40, ICD10_L40.9, HPO_HP:0003765, NCI_C3346, DO_4398, DO_8893, DO_9088, MONDO_0005083, EFO_0000676, UMLS_C0033860]					1.0	0.264	[ENSG00000136634]	3586	protein-coding	[]	[]	[P22301]	0.48334	15			0			0.9	IL10		
0.9226878612716763		35109978	[]	[disease of anatomical entity (7), disease of cellular proliferation (14566)]	[Abnormality of the immune system (02715), Abnormality of blood and blood-forming tissues (01871), Neoplasm (02664)]	[Hemic and Lymphatic Diseases (C15)]	[Neoplastic Process (T191)]	Myeloproliferative disease	disease	C0027022	[MESH_D009196, HPO_HP:0005547, ORDO_98274, DO_2226, DO_4960, MONDO_0005374, MONDO_0020076, EFO_0002428, EFO_0004251, UMLS_C0027022]		1-9 / 100 000	Europe	Annual incidence	0.913	0.358	[ENSG00000096968]	3717	protein-coding	[DTO_03300101]	[Kinase]	[O60674]	2.2125E-6	16			2			1.0	JAK2	2020	2013
0.9063625450180072		40114539	[]	[disease of anatomical entity (7), disease of cellular proliferation (14566)]	[]	[Hemic and Lymphatic Diseases (C15), Neoplasms (C04)]	[Neoplastic Process (T191)]	Polycythemia Vera	disease	C0032463	[MESH_D011087, ICD10_D45, OMIM_263300, ICD9CM_238.4, NCI_C3336, ORDO_729, DO_8997, MONDO_0001394, MONDO_0009891, EFO_0002429, UMLS_C0032463]	Not applicable	1-9 / 100 000,1-5 / 10 000,1-5 / 10 000	Europe,Europe,Italy	Annual incidence,Point prevalence,Point prevalence	0.913	0.358	[ENSG00000096968]	3717	protein-coding	[DTO_03300101]	[Kinase]	[O60674]	2.2125E-6	19			28			1.0	JAK2	2016	2005
0.8976608187134503		5056649	[]	[disease of anatomical entity (7), disease of cellular proliferation (14566)]	[]	[Hemic and Lymphatic Diseases (C15)]	[Neoplastic Process (T191)]	Primary Myelofibrosis	disease	C0001815	[ICD9CM_238.76, MESH_D055728, NCI_C2862, ORDO_824, DO_4971, MONDO_0009692, MONDO_0800305, EFO_0002430, UMLS_C0001815]	Not applicable	1-9 / 100 000,1-9 / 100 000	Europe,Europe	Annual incidence,Point prevalence	0.913	0.358	[ENSG00000096968]	3717	protein-coding	[DTO_03300101]	[Kinase]	[O60674]	2.2125E-6	13			23			1.0	JAK2	2020	2005
0.8821752265861027		45082711	[]	[disease of anatomical entity (7), disease of cellular proliferation (14566)]	[]	[Hemic and Lymphatic Diseases (C15)]	[Disease or Syndrome (T047)]	Thrombocythemia, Essential	disease	C0040028	[MESH_D013920, ICD10_D47.3, ICD10_D75.2, ICD9CM_238.71, NCI_C3407, ORDO_3318, DO_2224, MONDO_0005029, EFO_0000479, UMLS_C0040028]	Multigenic/multifactorial,Not applicable	1-5 / 10 000,1-9 / 100 000,1-5 / 10 000,1-9 / 1 000 000	United States,Sweden,Sweden,Europe	Point prevalence,Annual incidence,Point prevalence,Annual incidence	0.913	0.358	[ENSG00000096968]	3717	protein-coding	[DTO_03300101]	[Kinase]	[O60674]	2.2125E-6	16			10			1.0	JAK2	2011	2005
0.9635416666666666		65285655	[]	[disease of anatomical entity (7), genetic disease (630)]	[]	[Congenital, Hereditary, and Neonatal Diseases and Abnormalities (C16), Pathological Conditions, Signs and Symptoms (C23), Nutritional and Metabolic Diseases (C18), Immune System Diseases (C20), Endocrine System Diseases (C19)]	[Disease or Syndrome (T047)]	Insulin-dependent diabetes mellitus secretory diarrhea syndrome	disease	C0342288	[OMIM_304790, MESH_C580192, OMIM_300292, NCI_C131009, ORDO_37042, DO_0090110, MONDO_0010580, UMLS_C0342288]	X-linked recessive				0.913	0.352	[ENSG00000049768]	50943	protein-coding	[]	[]	[Q9BZS1]		0			89			1.0	FOXP3	2023	1988
0.7619047619047619		45092501	[]	[disease of anatomical entity (7)]	[]	[Cardiovascular Diseases (C14)]	[Pathologic Function (T046)]	Thrombosis	phenotype	C0040053	[MESH_D013927, NCI_C26891, DO_0060903, MONDO_0000831, UMLS_C0040053]					0.913	0.358	[ENSG00000096968]	3717	protein-coding	[DTO_03300101]	[Kinase]	[O60674]	2.2125E-6	3			0			1.0	JAK2		
0.8972602739726028		30130541	[]	[disease of anatomical entity (7), disease of cellular proliferation (14566)]	[Neoplasm (02664), Abnormality of blood and blood-forming tissues (01871), Abnormality of the immune system (02715)]	[Neoplasms (C04), Hemic and Lymphatic Diseases (C15)]	[Neoplastic Process (T191)]	Leukemia, Myelocytic, Acute	disease	C0023467	[MESH_D015470, ICD10_C92.0, OMIM_601626, NCI_C27753, NCI_C3171, HPO_HP:0004808, OMIM_116897, ICD9CM_205.0, ORDO_519, DO_0081085, DO_0081086, DO_0081087, DO_9119, MONDO_0018874, MONDO_0015667, EFO_0000222, EFO_0003026, EFO_0003027, EFO_0003028, UMLS_C0023467]		1-9 / 100 000,1-5 / 10 000,1-9 / 100 000,1-5 / 10 000,1-9 / 100 000,1-9 / 100 000,1-9 / 100 000	Worldwide,Europe,Europe,Europe,France,Denmark,United States	Annual incidence,Point prevalence,Annual incidence,Lifetime Prevalence,Annual incidence,Annual incidence,Annual incidence	0.913	0.358	[ENSG00000096968]	3717	protein-coding	[DTO_03300101]	[Kinase]	[O60674]	2.2125E-6	4			22			1.0	JAK2	2020	1993
0.8378378378378378		85063317	[]	[disease of anatomical entity (7)]	[Abnormality of blood and blood-forming tissues (01871)]	[Hemic and Lymphatic Diseases (C15)]	[Disease or Syndrome (T047)]	Thrombocytosis	disease	C0836924	[MESH_D013922, HPO_HP:0001894, NCI_C35530, DO_2228, MONDO_0002249, UMLS_C0836924]					0.913	0.358	[ENSG00000096968]	3717	protein-coding	[DTO_03300101]	[Kinase]	[O60674]	2.2125E-6	16			2			1.0	JAK2	2009	2009
0.9054054054054054		30063928	[]	[disease of anatomical entity (7), disease of cellular proliferation (14566)]	[Neoplasm (02664), Abnormality of blood and blood-forming tissues (01871), Abnormality of the immune system (02715)]	[Neoplasms (C04), Hemic and Lymphatic Diseases (C15)]	[Neoplastic Process (T191)]	leukemia	disease	C0023418	[MESH_D007938, ICD10_C95, ICD10_C95.9, HPO_HP:0001909, NCI_C3161, ICD9CM_208.9, ICD9CM_208, DO_1240, MONDO_0005059, EFO_0000565, UMLS_C0023418]					0.913	0.358	[ENSG00000096968]	3717	protein-coding	[DTO_03300101]	[Kinase]	[O60674]	2.2125E-6	6			1			1.0	JAK2	2009	2009
0.9090909090909091		85174972	[]	[syndrome (225), genetic disease (630)]	[]	[Urogenital Diseases (C12), Nutritional and Metabolic Diseases (C18), Pathological Conditions, Signs and Symptoms (C23)]	[Disease or Syndrome (T047)]	SHORT syndrome	disease	C0878684	[OMIM_269880, MESH_C537327, OMIM_171833, ORDO_3163, DO_0111454, MONDO_0010026, UMLS_C0878684]	Autosomal dominant	<1 / 1 000 000	Worldwide	Point prevalence	0.913	0.429	[ENSG00000145675]	5295	protein-coding	[DTO_03300101]	[Kinase]	[P27986]	1.0	0			44			1.0	PIK3R1	2022	1983
0.8		15333085	[]	[disease of anatomical entity (7), disease of metabolism (0014667), genetic disease (630)]	[Abnormality of metabolism/homeostasis (01939), Abnormality of the endocrine system (00818)]	[Nutritional and Metabolic Diseases (C18), Immune System Diseases (C20), Endocrine System Diseases (C19)]	[Disease or Syndrome (T047)]	Diabetes Mellitus, Insulin-Dependent	disease	C0011854	[MESH_D003922, ICD10_E10, OMIM_222100, NCI_C2986, HPO_HP:0100651, ORDO_243377, DO_0110741, DO_0110742, DO_0110743, DO_0110744, DO_0110745, DO_0110746, DO_9744, DO_0110747, DO_0110749, DO_0110750, DO_0110751, DO_0110752, DO_0110753, DO_0110754, DO_0110755, DO_0110756, DO_0110757, DO_0110758, DO_0110759, DO_0110760, DO_0110761, MONDO_0005147, MONDO_0007454, MONDO_0010950, MONDO_0011572, MONDO_0011016, MONDO_0011033, MONDO_0011068, MONDO_0011123, MONDO_0012422, MONDO_0010861, MONDO_0010862, MONDO_0010863, MONDO_0010864, MONDO_0011167, MONDO_0011168, MONDO_0012919, MONDO_0012920, MONDO_0012921, MONDO_0012961, MONDO_0011302, MONDO_0013078, UMLS_C0011854]					0.913	0.352	[ENSG00000049768]	50943	protein-coding	[]	[]	[Q9BZS1]		12			0			1.0	FOXP3		
0.8974358974358975		40112237	[]	[disease of anatomical entity (7), genetic disease (630)]	[Abnormality of blood and blood-forming tissues (01871)]	[Hemic and Lymphatic Diseases (C15)]	[Disease or Syndrome (T047)]	Polycythemia	disease	C0032461	[MESH_D011086, HPO_HP:0001901, NCI_C26863, ORDO_98427, DO_0060474, DO_2834, DO_2838, DO_2839, DO_8432, MONDO_0005571, MONDO_0009892, EFO_0005804, UMLS_C0032461]					0.913	0.358	[ENSG00000096968]	3717	protein-coding	[DTO_03300101]	[Kinase]	[O60674]	2.2125E-6	19			2			1.0	JAK2	2020	2007
0.9565217391304348		15050966	[]	[disease of anatomical entity (7)]	[Abnormality of the immune system (02715), Abnormality of the digestive system (25031)]	[Digestive System Diseases (C06)]	[Disease or Syndrome (T047)]	Ulcerative Colitis	disease	C0009324	[ICD10_K51, MESH_D003093, ICD10_K51.9, OMIM_266600, ICD9CM_556.9, HPO_HP:0100279, NCI_C2952, ICD9CM_556, DO_8577, MONDO_0005101, EFO_0000729, UMLS_C0009324]					0.913	0.358	[ENSG00000096968]	3717	protein-coding	[DTO_03300101]	[Kinase]	[O60674]	2.2125E-6	0			2			1.0	JAK2	2011	2010
1.0		95144630	[]	[disease of anatomical entity (7)]	[]	[Congenital, Hereditary, and Neonatal Diseases and Abnormalities (C16), Nutritional and Metabolic Diseases (C18), Immune System Diseases (C20)]	[Disease or Syndrome (T047)]	Severe Combined Immunodeficiency, Autosomal Recessive, T Cell-Negative, B Cell-Positive, NK Cell-Negative	disease	C1833275	[OMIM_600802, MESH_C563440, OMIM_600173, NCI_C176807, ORDO_35078, DO_0060008, MONDO_0010938, MONDO_0005511, EFO_0005565, UMLS_C1833275]	Autosomal recessive				0.826	0.439	[ENSG00000105639]	3718	protein-coding	[DTO_03300101]	[Kinase]	[P52333]	1.5031E-23	0			71			0.95	JAK3	2022	1976
0.875		45178999	[]	[]	[Abnormality of blood and blood-forming tissues (01871)]	[Cardiovascular Diseases (C14)]	[Pathologic Function (T046)]	Venous Thrombosis	phenotype	C0042487	[MESH_D020246, NCI_C99107, OMIM_188050, HPO_HP:0004936, UMLS_C0042487]					0.913	0.358	[ENSG00000096968]	3717	protein-coding	[DTO_03300101]	[Kinase]	[O60674]	2.2125E-6	1			1			0.95	JAK2	2010	2010
0.9391304347826087		70224995	[]	[disease of anatomical entity (7), disease of cellular proliferation (14566)]	[Neoplasm (02664), Abnormality of the genitourinary system (00119)]	[Neoplasms (C04), Urogenital Diseases (C12)]	[Neoplastic Process (T191)]	Malignant neoplasm of prostate	disease	C0376358	[ICD10_C61, MESH_D011471, OMIM_176807, ICD9CM_185, OMIM_600020, OMIM_600185, HPO_HP:0012125, NCI_C7378, DO_10283, MONDO_0008315, MONDO_0700275, EFO_0000673, EFO_0001663, UMLS_C0376358]					0.957	0.344	[ENSG00000109320]	4790	protein-coding	[DTO_05007542]	[Transcription factor]	[P19838]	1.0	0			0			0.9	NFKB1		
0.9306930693069307		45251385	[]	[disease of anatomical entity (7)]	[Abnormality of the immune system (02715)]	[Congenital, Hereditary, and Neonatal Diseases and Abnormalities (C16), Nutritional and Metabolic Diseases (C18), Immune System Diseases (C20)]	[Disease or Syndrome (T047)]	Severe Combined Immunodeficiency	disease	C0085110	[MESH_D016511, HPO_HP:0004430, NCI_C3472, ORDO_183660, DO_5812, DO_627, MONDO_0015974, UMLS_C0085110]	Autosomal recessive,X-linked recessive	1-9 / 100 000,1-9 / 100 000,1-9 / 100 000,1-9 / 100 000,1-9 / 100 000,1-9 / 100 000	Europe,France,Greece,Chile,Costa rica,United States	Prevalence at birth,Prevalence at birth,Prevalence at birth,Prevalence at birth,Prevalence at birth,Prevalence at birth	0.826	0.439	[ENSG00000105639]	3718	protein-coding	[DTO_03300101]	[Kinase]	[P52333]	1.5031E-23	0			25			0.9	JAK3	2022	1997
0.9298245614035088		30397615	[]	[disease of cellular proliferation (14566)]	[Neoplasm (02664)]	[Skin and Connective Tissue Diseases (C17), Neoplasms (C04)]	[Neoplastic Process (T191)]	melanoma	disease	C0025202	[MESH_D008545, HPO_HP:0002861, NCI_C3224, DO_1909, DO_8923, MONDO_0005105, EFO_0000756, UMLS_C0025202]					0.957	0.344	[ENSG00000109320]	4790	protein-coding	[DTO_05007542]	[Transcription factor]	[P19838]	1.0	1			0			0.9	NFKB1		
0.7678571428571429		45017048	[]	[]	[Abnormality of the digestive system (25031), Abnormality of the cardiovascular system (01626), Abnormality of the immune system (02715)]	[Pathological Conditions, Signs and Symptoms (C23)]	[Finding (T033)]	Splenomegaly	phenotype	C0038002	[MESH_D013163, ICD9CM_789.2, HPO_HP:0001744, NCI_C3384, UMLS_C0038002]					0.913	0.358	[ENSG00000096968]	3717	protein-coding	[DTO_03300101]	[Kinase]	[O60674]	2.2125E-6	0			1			0.9	JAK2	2020	2020
0.8269230769230769		35106249	[]	[disease of anatomical entity (7), disease of cellular proliferation (14566)]	[Abnormality of blood and blood-forming tissues (01871)]	[Hemic and Lymphatic Diseases (C15), Neoplasms (C04)]	[Neoplastic Process (T191)]	Myelofibrosis	disease	C0026987	[ICD9CM_289.83, OMIM_254450, HPO_HP:0011974, NCI_C3248, ORDO_824, DO_4971, MONDO_0009692, MONDO_0044903, EFO_0002430, UMLS_C0026987]					0.913	0.358	[ENSG00000096968]	3717	protein-coding	[DTO_03300101]	[Kinase]	[O60674]	2.2125E-6	0			9			0.9	JAK2	2011	2005
0.95		15144845	[]	[disease of anatomical entity (7), genetic disease (630)]	[]	[Immune System Diseases (C20)]	[Disease or Syndrome (T047)]	Common Variable Immunodeficiency	disease	C0009447	[MESH_D017074, ICD10_D83, ICD10_D83.9, ICD9CM_279.06, OMIM_607594, ORDO_1572, DO_12177, MONDO_0015517, UMLS_C0009447]	Autosomal dominant,Autosomal recessive,Not applicable	1-9 / 100 000,1-9 / 100 000,1-9 / 1 000 000,1-9 / 1 000 000,1-9 / 1 000 000,1-9 / 1 000 000,1-9 / 1 000 000,1-9 / 1 000 000,1-9 / 1 000 000,<1 / 1 000 000,1-9 / 1 000 000	Specific population,Netherlands,France,Spain,Netherlands,United Kingdom,Italy,Germany,Turkey,Poland,Australia	Point prevalence,Annual incidence,Point prevalence,Point prevalence,Point prevalence,Point prevalence,Point prevalence,Point prevalence,Point prevalence,Point prevalence,Point prevalence	0.87	0.439	[ENSG00000077150]	4791	protein-coding	[DTO_05007542]	[Transcription factor]	[Q00653]	1.0	0			5			0.9	NFKB2	2019	2013
1.0		100202709	[]	[disease of anatomical entity (7), disease of cellular proliferation (14566)]	[Neoplasm (02664), Abnormality of the digestive system (25031)]	[Neoplasms (C04), Digestive System Diseases (C06)]	[Neoplastic Process (T191)]	Liver carcinoma	disease	C2239176	[ICD10_C22.0, MESH_D006528, OMIM_114550, NCI_C3099, HPO_HP:0001402, ORDO_88673, DO_3571, DO_684, MONDO_0007256, EFO_0000182, EFO_0000762, EFO_1000256, UMLS_C2239176]	Not applicable	1-9 / 100 000,1-5 / 10 000,1-9 / 100 000,1-9 / 100 000,1-9 / 100 000,1-9 / 100 000,1-9 / 100 000,1-5 / 10 000,1-9 / 100 000,1-9 / 100 000,1-5 / 10 000,1-5 / 10 000,1-5 / 10 000,1-5 / 10 000,6-9 / 10 000,1-5 / 10 000,1-9 / 100 000,1-9 / 100 000,1-9 / 100 000,1-9 / 100 000,1-9 / 100 000,1-9 / 100 000,1-9 / 100 000,1-9 / 100 000,1-9 / 100 000,1-9 / 100 000,1-9 / 100 000,1-9 / 100 000,1-9 / 100 000,1-9 / 1 000 000,1-9 / 100 000,1-9 / 100 000,1-9 / 100 000,1-9 / 100 000	United States,Europe,France,United Kingdom,Germany,Spain,Italy,Greece,Canada,Oceania,Latin America,China,Japan,Korea, Republic of,Mongolia,Africa,Europe,Austria,Belgium,Bulgaria,Croatia,Czech Republic,Estonia,Finland,Iceland,Ireland,Latvia,Lithuania,Norway,Poland,Portugal,Slovakia,Switzerland,Netherlands	Annual incidence,Point prevalence,Annual incidence,Annual incidence,Annual incidence,Annual incidence,Annual incidence,Annual incidence,Annual incidence,Annual incidence,Annual incidence,Annual incidence,Annual incidence,Annual incidence,Annual incidence,Annual incidence,Annual incidence,Annual incidence,Annual incidence,Annual incidence,Annual incidence,Annual incidence,Annual incidence,Annual incidence,Annual incidence,Annual incidence,Annual incidence,Annual incidence,Annual incidence,Annual incidence,Annual incidence,Annual incidence,Annual incidence,Annual incidence	0.913	0.42	[ENSG00000162434]	3716	protein-coding	[DTO_03300101]	[Kinase]	[P23458]	1.0	1			0			0.9	JAK1		
0.9444444444444444		10338404	[]	[disease of anatomical entity (7), disease of cellular proliferation (14566)]	[Abnormality of the respiratory system (02086), Neoplasm (02664)]	[Neoplasms (C04), Respiratory Tract Diseases (C08)]	[Neoplastic Process (T191)]	Non-Small Cell Lung Carcinoma	disease	C0007131	[MESH_D002289, OMIM_211980, HPO_HP:0030358, NCI_C2926, DO_3908, MONDO_0005233, EFO_0003060, UMLS_C0007131]					0.957	0.344	[ENSG00000109320]	4790	protein-coding	[DTO_05007542]	[Transcription factor]	[P19838]	1.0	2			0			0.9	NFKB1		
0.9375		25189803	[]	[disease of anatomical entity (7)]	[Abnormality of the immune system (02715)]	[Immune System Diseases (C20)]	[Pathologic Function (T046)]	Hypersensitivity	phenotype	C0020517	[MESH_D006967, ICD10_T78.4, HPO_HP:0012393, NCI_C3114, DO_1205, MONDO_0000605, MONDO_0005271, EFO_1002003, UMLS_C0020517]					0.913	0.352	[ENSG00000049768]	50943	protein-coding	[]	[]	[Q9BZS1]		5			1			0.9	FOXP3	2015	2015
0.9363057324840764		10137140	[]	[disease of anatomical entity (7), disease of cellular proliferation (14566)]	[]	[Skin and Connective Tissue Diseases (C17), Neoplasms (C04)]	[Neoplastic Process (T191)]	Malignant neoplasm of breast	disease	C0006142	[MESH_D001943, ICD10_C50, ICD10_C50-C50.9, ICD10_C50.9, OMIM_114480, NCI_C9335, DO_1612, DO_3459, MONDO_0016419, MONDO_0007254, MONDO_0021100, EFO_0000305, EFO_0003869, UMLS_C0006142]					0.957	0.344	[ENSG00000109320]	4790	protein-coding	[DTO_05007542]	[Transcription factor]	[P19838]	1.0	0			0			0.85	NFKB1		
0.9473684210526315		15144461	[]	[disease of anatomical entity (7), genetic disease (630)]	[]	[Immune System Diseases (C20)]	[Disease or Syndrome (T047)]	Common Variable Immunodeficiency	disease	C0009447	[MESH_D017074, ICD10_D83, ICD10_D83.9, ICD9CM_279.06, OMIM_607594, ORDO_1572, DO_12177, MONDO_0015517, UMLS_C0009447]	Autosomal dominant,Autosomal recessive,Not applicable	1-9 / 100 000,1-9 / 100 000,1-9 / 1 000 000,1-9 / 1 000 000,1-9 / 1 000 000,1-9 / 1 000 000,1-9 / 1 000 000,1-9 / 1 000 000,1-9 / 1 000 000,<1 / 1 000 000,1-9 / 1 000 000	Specific population,Netherlands,France,Spain,Netherlands,United Kingdom,Italy,Germany,Turkey,Poland,Australia	Point prevalence,Annual incidence,Point prevalence,Point prevalence,Point prevalence,Point prevalence,Point prevalence,Point prevalence,Point prevalence,Point prevalence,Point prevalence	0.826	0.462	[ENSG00000163600]	29851	protein-coding	[]	[]	[Q9Y6W8]	0.0032269	0			18			0.9	ICOS	2021	2001
0.8686868686868687		15144361	[]	[disease of anatomical entity (7), genetic disease (630)]	[]	[Immune System Diseases (C20)]	[Disease or Syndrome (T047)]	Common Variable Immunodeficiency	disease	C0009447	[MESH_D017074, ICD10_D83, ICD10_D83.9, ICD9CM_279.06, OMIM_607594, ORDO_1572, DO_12177, MONDO_0015517, UMLS_C0009447]	Autosomal dominant,Autosomal recessive,Not applicable	1-9 / 100 000,1-9 / 100 000,1-9 / 1 000 000,1-9 / 1 000 000,1-9 / 1 000 000,1-9 / 1 000 000,1-9 / 1 000 000,1-9 / 1 000 000,1-9 / 1 000 000,<1 / 1 000 000,1-9 / 1 000 000	Specific population,Netherlands,France,Spain,Netherlands,United Kingdom,Italy,Germany,Turkey,Poland,Australia	Point prevalence,Annual incidence,Point prevalence,Point prevalence,Point prevalence,Point prevalence,Point prevalence,Point prevalence,Point prevalence,Point prevalence,Point prevalence	0.826	0.509	[ENSG00000240505]	23495	protein-coding	[]	[]	[O14836]	4.1739E-16	0			40			0.85	TNFRSF13B	2023	2005
1.0		15144087	[]	[disease of anatomical entity (7), genetic disease (630)]	[]	[Immune System Diseases (C20)]	[Disease or Syndrome (T047)]	Common Variable Immunodeficiency	disease	C0009447	[MESH_D017074, ICD10_D83, ICD10_D83.9, ICD9CM_279.06, OMIM_607594, ORDO_1572, DO_12177, MONDO_0015517, UMLS_C0009447]	Autosomal dominant,Autosomal recessive,Not applicable	1-9 / 100 000,1-9 / 100 000,1-9 / 1 000 000,1-9 / 1 000 000,1-9 / 1 000 000,1-9 / 1 000 000,1-9 / 1 000 000,1-9 / 1 000 000,1-9 / 1 000 000,<1 / 1 000 000,1-9 / 1 000 000	Specific population,Netherlands,France,Spain,Netherlands,United Kingdom,Italy,Germany,Turkey,Poland,Australia	Point prevalence,Annual incidence,Point prevalence,Point prevalence,Point prevalence,Point prevalence,Point prevalence,Point prevalence,Point prevalence,Point prevalence,Point prevalence	0.913	0.502	[ENSG00000159958]	115650	protein-coding	[]	[]	[Q96RJ3]	0.0020857	0			0			0.85	TNFRSF13C		
0.875		25067390	[]	[disease of anatomical entity (7), disease by infectious agent (0050117)]	[]	[Infections (C01), Digestive System Diseases (C06)]	[Disease or Syndrome (T047)]	Hepatitis C	disease	C0019196	[MESH_D006526, NCI_C3098, ICD9CM_070.7, DO_1883, MONDO_0005231, EFO_0003047, UMLS_C0019196]					0.87	0.49	[ENSG00000107201]	23586	protein-coding	[]	[]	[O95786]	3.5096E-20	1			1			0.85	RIGI	2010	2010
0.9166666666666666		25342370	[]	[disease of anatomical entity (7), disease by infectious agent (0050117)]	[]	[Infections (C01), Respiratory Tract Diseases (C08)]	[Disease or Syndrome (T047)]	Influenza	disease	C0021400	[MESH_D007251, NCI_C53482, ICD9CM_487, DO_8469, MONDO_0005812, EFO_0007328, UMLS_C0021400]					0.87	0.49	[ENSG00000107201]	23586	protein-coding	[]	[]	[O95786]	3.5096E-20	1			1			0.85	RIGI	2013	2013
0.9		35042487	[]	[disease of anatomical entity (7), disease of cellular proliferation (14566)]	[Abnormality of blood and blood-forming tissues (01871), Neoplasm (02664)]	[Immune System Diseases (C20), Hemic and Lymphatic Diseases (C15), Neoplasms (C04), Cardiovascular Diseases (C14)]	[Neoplastic Process (T191)]	Multiple Myeloma	disease	C0026764	[MESH_D009101, ICD10_C90.0, OMIM_254500, HPO_HP:0006775, NCI_C3242, ICD9CM_203.0, ORDO_29073, DO_9538, MONDO_0009693, EFO_0001378, UMLS_C0026764]	Not applicable	1-9 / 100 000,1-9 / 100 000,1-5 / 10 000,1-9 / 100 000,1-9 / 100 000,1-9 / 100 000,1-9 / 100 000,1-9 / 100 000,1-9 / 100 000	United States,Worldwide,Europe,France,Europe,United States,Iran, Islamic Republic of,Australia,Denmark	Prevalence at birth,Annual incidence,Point prevalence,Annual incidence,Annual incidence,Annual incidence,Annual incidence,Annual incidence,Annual incidence	0.826	0.509	[ENSG00000240505]	23495	protein-coding	[]	[]	[O14836]	4.1739E-16	0			1			0.8	TNFRSF13B	2013	2013
0.8928571428571429		25334504	[]	[disease of anatomical entity (7)]	[Abnormality of the digestive system (25031), Abnormality of the immune system (02715)]	[Digestive System Diseases (C06)]	[Disease or Syndrome (T047)]	Inflammatory Bowel Diseases	disease	C0021390	[MESH_D015212, NCI_C3138, HPO_HP:0002037, DO_0050589, MONDO_0005265, EFO_0003767, UMLS_C0021390]					0.826	0.554	[ENSG00000243646]	3588	protein-coding	[DTO_05007575]	[Receptor]	[Q08334]	1.0977E-8	0			0			0.75	IL10RB		
1.0		40167993	[]	[disease of anatomical entity (7)]	[Abnormality of the immune system (02715), Abnormality of the integument (01574)]	[Skin and Connective Tissue Diseases (C17)]	[Disease or Syndrome (T047)]	Psoriasis	disease	C0033860	[MESH_D011565, ICD10_L40, ICD10_L40.9, HPO_HP:0003765, NCI_C3346, DO_4398, DO_8893, DO_9088, MONDO_0005083, EFO_0000676, UMLS_C0033860]					0.87	0.49	[ENSG00000107201]	23586	protein-coding	[]	[]	[O95786]	3.5096E-20	0			1			0.75	RIGI	2012	2012
1.0		115170106	[]	[disease by infectious agent (0050117)]	[]	[Infections (C01), Respiratory Tract Diseases (C08)]	[Disease or Syndrome (T047)]	COVID-19 Virus Disease	disease	C5203670	[MESH_D000086382, NCI_C171133, DO_0080600, MONDO_0100096, UMLS_C5203670]					0.826	0.554	[ENSG00000243646]	3588	protein-coding	[DTO_05007575]	[Receptor]	[Q08334]	1.0977E-8	1			1			0.75	IL10RB	2022	2022
1.0		105112939	[]	[disease of anatomical entity (7), genetic disease (630)]	[]	[]	[Disease or Syndrome (T047)]	IMMUNODEFICIENCY, COMMON VARIABLE, 2	disease	C3150354	[OMIM_240500, OMIM_604907, DO_0081145, MONDO_0009413, UMLS_C3150354]					0.826	0.509	[ENSG00000240505]	23495	protein-coding	[]	[]	[O14836]	4.1739E-16	0			72			0.7	TNFRSF13B	2023	2000
1.0		100335063	[]	[disease of anatomical entity (7), genetic disease (630)]	[]	[Digestive System Diseases (C06)]	[Disease or Syndrome (T047)]	INFLAMMATORY BOWEL DISEASE 28, AUTOSOMAL RECESSIVE	disease	C2751053	[OMIM_613148, MESH_C567728, OMIM_146933, NCI_C164676, DO_0110899, MONDO_0013153, UMLS_C2751053]					0.826	0.507	[ENSG00000110324]	3587	protein-coding	[DTO_05007575]	[Receptor]	[Q13651]	1.9334E-4	0			25			0.7	IL10RA	2023	2009
1.0		10450097	[]	[disease of anatomical entity (7)]	[Abnormality of the digestive system (25031), Abnormality of the immune system (02715)]	[Digestive System Diseases (C06), Nutritional and Metabolic Diseases (C18)]	[Disease or Syndrome (T047)]	Celiac Disease	disease	C0007570	[MESH_D002446, ICD10_K90.0, NCI_C26714, ICD9CM_579.0, HPO_HP:0002608, ORDO_555, DO_10608, MONDO_0005130, EFO_0001060, EFO_0009266, UMLS_C0007570]					0.826	0.462	[ENSG00000163600]	29851	protein-coding	[]	[]	[Q9Y6W8]	0.0032269	0			0			0.7	ICOS		
0.7142857142857143		25302734	[]	[]	[]	[Pathological Conditions, Signs and Symptoms (C23)]	[Pathologic Function (T046)]	Inflammation	phenotype	C0021368	[MESH_D007249, NCI_C3137, UMLS_C0021368]					0.913	0.506	[ENSG00000185507]	3665	protein-coding	[DTO_05007542]	[Transcription factor]	[Q92985]	3.2948E-32	0			1			0.65	IRF7	2010	2010
1.0		75013788	[]	[]	[]	[Cardiovascular Diseases (C14), Musculoskeletal Diseases (C05), Congenital, Hereditary, and Neonatal Diseases and Abnormalities (C16), Nutritional and Metabolic Diseases (C18), Stomatognathic Diseases (C07), Nervous System Diseases (C10)]	[Disease or Syndrome (T047)]	Singleton Merten syndrome	disease	C0432254	[MESH_C537343, ORDO_85191, MONDO_0008429, UMLS_C0432254]	Autosomal dominant	<1 / 1 000 000	Worldwide	Point prevalence	0.87	0.49	[ENSG00000107201]	23586	protein-coding	[]	[]	[O95786]	3.5096E-20	0			1			0.65	RIGI	2015	2015
0.6666666666666666		25058240	[]	[disease of anatomical entity (7), disease by infectious agent (0050117)]	[]	[Infections (C01), Digestive System Diseases (C06)]	[Disease or Syndrome (T047)]	Hepatitis B	disease	C0019163	[MESH_D006509, NCI_C3097, DO_2043, MONDO_0005344, EFO_0004197, UMLS_C0019163]					0.826	0.554	[ENSG00000243646]	3588	protein-coding	[DTO_05007575]	[Receptor]	[Q08334]	1.0977E-8	0			0			0.65	IL10RB		
1.0		65013875	[]	[]	[Abnormality of the nervous system (00707), Abnormality of the immune system (02715)]	[Infections (C01), Nervous System Diseases (C10)]	[Disease or Syndrome (T047)]	Herpes encephalitis	disease	C0276226	[ICD10_B00.4, MESH_D020803, NCI_C84762, HPO_HP:0012302, ORDO_1930, MONDO_0012521, UMLS_C0276226]	Multigenic/multifactorial,Not applicable	1-9 / 1 000 000,1-9 / 1 000 000,1-9 / 1 000 000	Worldwide,United Kingdom,United States	Annual incidence,Annual incidence,Annual incidence	0.913	0.499	[ENSG00000126456]	3661	protein-coding	[DTO_05007542]	[Transcription factor]	[Q14653]	5.2045E-8	0			0			0.65	IRF3		
1.0		100290440	[]	[disease of anatomical entity (7), genetic disease (630)]	[]	[Digestive System Diseases (C06)]	[Disease or Syndrome (T047)]	INFLAMMATORY BOWEL DISEASE 25, AUTOSOMAL RECESSIVE	disease	C2675508	[OMIM_612567, MESH_C567251, DO_0110909, MONDO_0012941, UMLS_C2675508]					0.826	0.554	[ENSG00000243646]	3588	protein-coding	[DTO_05007575]	[Receptor]	[Q08334]	1.0977E-8	0			14			0.6	IL10RB	2018	2009
1.0	Limited	105115438	[]	[disease of anatomical entity (7), genetic disease (630)]	[]	[]	[Disease or Syndrome (T047)]	IMMUNODEFICIENCY, COMMON VARIABLE, 4	disease	C3150739	[OMIM_613494, OMIM_606269, DO_0081147, MONDO_0013284, UMLS_C3150739]					0.913	0.502	[ENSG00000159958]	115650	protein-coding	[]	[]	[Q96RJ3]	0.0020857	0			12			0.6	TNFRSF13C	2020	2001
1.0		105349527	[]	[disease of anatomical entity (7), genetic disease (630)]	[]	[]	[Disease or Syndrome (T047)]	IMMUNODEFICIENCY 24	disease	C4014617	[OMIM_615897, OMIM_123860, ORDO_420573, DO_0111938, MONDO_0014391, UMLS_C4014617]					0.739	0.641	[ENSG00000171793]	1503	protein-coding	[DTO_05007624]	[Enzyme]	[P17812]		0			8			0.6	CTPS1	2024	2014
1.0		25343225	[]	[disease of anatomical entity (7), disease by infectious agent (0050117)]	[]	[Infections (C01), Respiratory Tract Diseases (C08)]	[Disease or Syndrome (T047)]	Influenza	disease	C0021400	[MESH_D007251, NCI_C53482, ICD9CM_487, DO_8469, MONDO_0005812, EFO_0007328, UMLS_C0021400]					0.913	0.506	[ENSG00000185507]	3665	protein-coding	[DTO_05007542]	[Transcription factor]	[Q92985]	3.2948E-32	0			1			0.6	IRF7	2013	2013
1.0		110111769	[]	[disease of anatomical entity (7), genetic disease (630)]	[]	[Immune System Diseases (C20), Congenital, Hereditary, and Neonatal Diseases and Abnormalities (C16)]	[Disease or Syndrome (T047)]	IMMUNODEFICIENCY 39	disease	C4225358	[OMIM_616345, OMIM_605047, ORDO_574918, DO_0111969, MONDO_0014597, UMLS_C4225358]	Autosomal recessive	<1 / 1 000 000	Worldwide	Point prevalence	0.913	0.506	[ENSG00000185507]	3665	protein-coding	[DTO_05007542]	[Transcription factor]	[Q92985]	3.2948E-32	0			5			0.6	IRF7	2022	2015
1.0		20277678	[]	[disease of anatomical entity (7)]	[]	[Immune System Diseases (C20)]	[Disease or Syndrome (T047)]	Graft-vs-Host Disease	disease	C0018133	[MESH_D006086, ICD9CM_279.5, ICD9CM_279.50, NCI_C3063, ORDO_39812, DO_0081267, MONDO_0013730, UMLS_C0018133]	Not applicable	1-9 / 100 000	Europe	Point prevalence	0.826	0.554	[ENSG00000243646]	3588	protein-coding	[DTO_05007575]	[Receptor]	[Q08334]	1.0977E-8	0			0			0.6	IL10RB		
0.6666666666666666		40289784	[]	[disease of mental health (150)]	[Abnormality of the nervous system (00707)]	[Mental Disorders (F03)]	[Mental or Behavioral Dysfunction (T048)]	Schizophrenia	disease	C0036341	[MESH_D012559, ICD10_F20, ICD10_F20.9, OMIM_181500, ICD9CM_295.90, HPO_HP:0100753, NCI_C3362, ICD9CM_295.9, ICD9CM_295, DO_5419, MONDO_0005090, UMLS_C0036341]					0.826	0.507	[ENSG00000110324]	3587	protein-coding	[DTO_05007575]	[Receptor]	[Q13651]	1.9334E-4	0			1			0.6	IL10RA	2007	2007
1.0		110112253	[]	[]	[]	[]	[Disease or Syndrome (T047)]	SINGLETON-MERTEN SYNDROME 2	disease	C4225380	[OMIM_616298, OMIM_609631, MONDO_0014575, UMLS_C4225380]					0.87	0.49	[ENSG00000107201]	23586	protein-coding	[]	[]	[O95786]	3.5096E-20	0			2			0.6	RIGI	2017	2015
1.0		55035588	[]	[disease of anatomical entity (7), genetic disease (630)]	[Abnormality of blood and blood-forming tissues (01871), Abnormal cellular phenotype (25354), Abnormality of metabolism/homeostasis (01939), Abnormality of the immune system (02715)]	[Immune System Diseases (C20), Hemic and Lymphatic Diseases (C15)]	[Disease or Syndrome (T047)]	Immunoglobulin A deficiency (disorder)	disease	C0162538	[MESH_D017098, HPO_HP:0002720, DO_0060025, DO_11701, MONDO_0001341, EFO_1001929, UMLS_C0162538]					0.826	0.462	[ENSG00000163600]	29851	protein-coding	[]	[]	[Q9Y6W8]	0.0032269	0			0			0.6	ICOS		
1.0		75190670	[]	[disease of mental health (150)]	[]	[Mental Disorders (F03)]	[Mental or Behavioral Dysfunction (T048)]	Mood Disorders	disease	C0525045	[MESH_D019964, ICD10_F39, ICD10_F30-F39.9, NCI_C92200, DO_3324, MONDO_0005371, EFO_0004247, UMLS_C0525045]					0.87	0.419	[ENSG00000102524]	10673	protein-coding	[]	[]	[Q9Y275]	0.99334	0			1			0.55	TNFSF13B	2010	2010
1.0		95158893	[]	[]	[]	[Immune System Diseases (C20), Hemic and Lymphatic Diseases (C15)]	[Disease or Syndrome (T047)]	Immunoglobulin a deficiency 2	disease	C1836032	[OMIM_609529, MESH_C536291, OMIM_604907, DO_0060025, MONDO_0012291, UMLS_C1836032]					0.826	0.509	[ENSG00000240505]	23495	protein-coding	[]	[]	[O14836]	4.1739E-16	0			24			0.5	TNFRSF13B	2019	2005
1.0		105111323	[]	[disease of anatomical entity (7), genetic disease (630)]	[]	[]	[Disease or Syndrome (T047)]	IMMUNODEFICIENCY, COMMON VARIABLE, 1	disease	C3149378	[OMIM_607594, OMIM_604558, ORDO_1572, DO_0081144, MONDO_0015517, MONDO_0011864, UMLS_C3149378]					0.826	0.462	[ENSG00000163600]	29851	protein-coding	[]	[]	[Q9Y6W8]	0.0032269	0			10			0.5	ICOS	2021	2001
1.0		85339133	[]	[disease by infectious agent (0050117)]	[]	[Infections (C01), Respiratory Tract Diseases (C08)]	[Disease or Syndrome (T047)]	Severe Acute Respiratory Syndrome	disease	C1175175	[ICD9CM_079.82, NCI_C85064, MESH_D045169, ORDO_140896, DO_2945, MONDO_0005091, EFO_0000694, UMLS_C1175175]	Not applicable	<1 / 1 000 000	Europe	Annual incidence	0.913	0.499	[ENSG00000126456]	3661	protein-coding	[DTO_05007542]	[Transcription factor]	[Q14653]	5.2045E-8	0			1			0.5	IRF3	2016	2016
1.0		50246202	[]	[disease of anatomical entity (7)]	[]	[Digestive System Diseases (C06)]	[Disease or Syndrome (T047)]	Crohn's disease of large bowel	disease	C0156147	[ICD10_K50.1, NCI_C35211, ICD9CM_555.1, MESH_D003424, NCI_C37262, DO_0060192, DO_8778, MONDO_0005011, MONDO_0005532, EFO_0000384, EFO_0005622, UMLS_C0156147]					0.826	0.507	[ENSG00000110324]	3587	protein-coding	[DTO_05007575]	[Receptor]	[Q13651]	1.9334E-4	0			1			0.5	IL10RA	2022	2022
0.976878612716763		105018390	[]	[disease of anatomical entity (7), genetic disease (630)]	[]	[Immune System Diseases (C20), Hemic and Lymphatic Diseases (C15), Congenital, Hereditary, and Neonatal Diseases and Abnormalities (C16)]	[Disease or Syndrome (T047)]	Hyper-Immunoglobulin E Syndrome, Autosomal Dominant	disease	C2936739	[MESH_D007589, OMIM_147060, NCI_C126342, ORDO_2314, DO_3261, MONDO_0007818, UMLS_C2936739]	Autosomal dominant	1-9 / 1 000 000,1-9 / 100 000	Europe,Europe	Annual incidence,Point prevalence	0.913	0.309	[ENSG00000168610]	6774	protein-coding	[DTO_05007557]	[Nucleic acid binding]	[P40763]	1.0	0			124			1.0	STAT3	2023	1966
0.9850746268656716		85216137	[]	[disease of anatomical entity (7), disease of cellular proliferation (14566)]	[Neoplasm (02664), Abnormality of the genitourinary system (00119)]	[Endocrine System Diseases (C19), Urogenital Diseases (C12), Neoplasms (C04)]	[Neoplastic Process (T191)]	ovarian neoplasm	disease	C0919267	[MESH_D010051, HPO_HP:0100615, NCI_C4984, ORDO_213500, DO_2394, MONDO_0008170, MONDO_0021068, EFO_0003893, UMLS_C0919267]					0.913	0.309	[ENSG00000168610]	6774	protein-coding	[DTO_05007557]	[Nucleic acid binding]	[P40763]	1.0	2			1			1.0	STAT3	2012	2012
0.9		30263796	[]	[disease of anatomical entity (7)]	[Abnormality of the immune system (02715)]	[Immune System Diseases (C20), Skin and Connective Tissue Diseases (C17)]	[Disease or Syndrome (T047)]	Lupus Erythematosus, Systemic	disease	C0024141	[MESH_D008180, ICD10_M32, NCI_C3201, ICD10_M32.9, OMIM_152700, ICD9CM_710.0, HPO_HP:0002725, ORDO_536, DO_9074, MONDO_0007915, UMLS_C0024141]	Not applicable	1-5 / 10 000,6-9 / 10 000,1-5 / 10 000,1-5 / 10 000,1-5 / 10 000,1-5 / 10 000,1-5 / 10 000,1-5 / 10 000,1-9 / 100 000,1-5 / 10 000,6-9 / 10 000	France,Martinique,New Zealand,Korea, Republic of,United States,Taiwan, Province of China,Europe,Finland,Worldwide,Worldwide,Poland	Point prevalence,Point prevalence,Point prevalence,Point prevalence,Point prevalence,Point prevalence,Point prevalence,Point prevalence,Annual incidence,Point prevalence,Annual incidence	0.957	0.456	[ENSG00000173372]	712	protein-coding	[]	[]	[P02745]	0.059574	3			1			1.0	C1QA	1996	1996
0.9553571428571429		30263166	[]	[disease of anatomical entity (7)]	[Abnormality of the immune system (02715)]	[Immune System Diseases (C20), Skin and Connective Tissue Diseases (C17)]	[Disease or Syndrome (T047)]	Lupus Erythematosus, Systemic	disease	C0024141	[MESH_D008180, ICD10_M32, NCI_C3201, ICD10_M32.9, OMIM_152700, ICD9CM_710.0, HPO_HP:0002725, ORDO_536, DO_9074, MONDO_0007915, UMLS_C0024141]	Not applicable	1-5 / 10 000,6-9 / 10 000,1-5 / 10 000,1-5 / 10 000,1-5 / 10 000,1-5 / 10 000,1-5 / 10 000,1-5 / 10 000,1-9 / 100 000,1-5 / 10 000,6-9 / 10 000	France,Martinique,New Zealand,Korea, Republic of,United States,Taiwan, Province of China,Europe,Finland,Worldwide,Worldwide,Poland	Point prevalence,Point prevalence,Point prevalence,Point prevalence,Point prevalence,Point prevalence,Point prevalence,Point prevalence,Annual incidence,Point prevalence,Annual incidence	0.913	0.426	[ENSG00000138378]	6775	protein-coding	[DTO_05007557]	[Nucleic acid binding]	[Q14765]	0.93228	1			5			1.0	STAT4	2013	2007
0.9626168224299065		45251809	[]	[disease of anatomical entity (7)]	[Abnormality of the immune system (02715)]	[Congenital, Hereditary, and Neonatal Diseases and Abnormalities (C16), Nutritional and Metabolic Diseases (C18), Immune System Diseases (C20)]	[Disease or Syndrome (T047)]	Severe Combined Immunodeficiency	disease	C0085110	[MESH_D016511, HPO_HP:0004430, NCI_C3472, ORDO_183660, DO_5812, DO_627, MONDO_0015974, UMLS_C0085110]	Autosomal recessive,X-linked recessive	1-9 / 100 000,1-9 / 100 000,1-9 / 100 000,1-9 / 100 000,1-9 / 100 000,1-9 / 100 000	Europe,France,Greece,Chile,Costa rica,United States	Prevalence at birth,Prevalence at birth,Prevalence at birth,Prevalence at birth,Prevalence at birth,Prevalence at birth	0.826	0.493	[ENSG00000166349]	5896	protein-coding	[DTO_05007624]	[Enzyme]	[P15918]	2.175E-5	1			48			1.0	RAG1	2024	1996
0.9315068493150684		100308485	[]	[disease of anatomical entity (7)]	[]	[Immune System Diseases (C20), Nutritional and Metabolic Diseases (C18), Congenital, Hereditary, and Neonatal Diseases and Abnormalities (C16)]	[Disease or Syndrome (T047)]	Omenn Syndrome	disease	C2700553	[OMIM_603554, NCI_C61240, MESH_D016511, OMIM_179615, OMIM_179616, OMIM_605988, ORDO_183660, ORDO_39041, DO_0060010, DO_5812, DO_627, MONDO_0015974, MONDO_0011338, EFO_1001499, UMLS_C2700553]	Autosomal recessive	<1 / 1 000 000	Worldwide	Point prevalence	0.826	0.493	[ENSG00000166349]	5896	protein-coding	[DTO_05007624]	[Enzyme]	[P15918]	2.175E-5	0			27			1.0	RAG1	2018	1998
0.9027777777777778		100308584	[]	[disease of anatomical entity (7)]	[]	[Immune System Diseases (C20), Nutritional and Metabolic Diseases (C18), Congenital, Hereditary, and Neonatal Diseases and Abnormalities (C16)]	[Disease or Syndrome (T047)]	Omenn Syndrome	disease	C2700553	[OMIM_603554, NCI_C61240, MESH_D016511, OMIM_179615, OMIM_179616, OMIM_605988, ORDO_183660, ORDO_39041, DO_0060010, DO_5812, DO_627, MONDO_0015974, MONDO_0011338, EFO_1001499, UMLS_C2700553]	Autosomal recessive	<1 / 1 000 000	Worldwide	Point prevalence	0.87	0.504	[ENSG00000175097]	5897	protein-coding	[]	[]	[P55895]	0.022105	0			33			1.0	RAG2	2019	1996
0.9642857142857143		15054420	[]	[disease of anatomical entity (7)]	[Abnormality of the immune system (02715), Abnormality of the digestive system (25031)]	[Digestive System Diseases (C06)]	[Disease or Syndrome (T047)]	Ulcerative Colitis	disease	C0009324	[ICD10_K51, MESH_D003093, ICD10_K51.9, OMIM_266600, ICD9CM_556.9, HPO_HP:0100279, NCI_C2952, ICD9CM_556, DO_8577, MONDO_0005101, EFO_0000729, UMLS_C0009324]					0.913	0.309	[ENSG00000168610]	6774	protein-coding	[DTO_05007557]	[Nucleic acid binding]	[P40763]	1.0	1			2			1.0	STAT3	2010	2008
0.9642857142857143		40176487	[]	[disease of anatomical entity (7)]	[Abnormality of the immune system (02715), Abnormality of the integument (01574)]	[Skin and Connective Tissue Diseases (C17)]	[Disease or Syndrome (T047)]	Psoriasis	disease	C0033860	[MESH_D011565, ICD10_L40, ICD10_L40.9, HPO_HP:0003765, NCI_C3346, DO_4398, DO_8893, DO_9088, MONDO_0005083, EFO_0000676, UMLS_C0033860]					0.913	0.309	[ENSG00000168610]	6774	protein-coding	[DTO_05007557]	[Nucleic acid binding]	[P40763]	1.0	1			1			1.0	STAT3	2012	2012
0.9728506787330317		10350152	[]	[disease of anatomical entity (7), disease of cellular proliferation (14566)]	[Abnormality of the respiratory system (02086), Neoplasm (02664)]	[Neoplasms (C04), Respiratory Tract Diseases (C08)]	[Neoplastic Process (T191)]	Non-Small Cell Lung Carcinoma	disease	C0007131	[MESH_D002289, OMIM_211980, HPO_HP:0030358, NCI_C2926, DO_3908, MONDO_0005233, EFO_0003060, UMLS_C0007131]					0.913	0.309	[ENSG00000168610]	6774	protein-coding	[DTO_05007557]	[Nucleic acid binding]	[P40763]	1.0	4			1			0.95	STAT3	2012	2012
0.9766081871345029		25318661	[]	[]	[]	[Pathological Conditions, Signs and Symptoms (C23)]	[Pathologic Function (T046)]	Inflammation	phenotype	C0021368	[MESH_D007249, NCI_C3137, UMLS_C0021368]					0.913	0.309	[ENSG00000168610]	6774	protein-coding	[DTO_05007557]	[Nucleic acid binding]	[P40763]	1.0	5			3			0.95	STAT3	2014	2011
0.9115646258503401		105328191	[]	[]	[]	[Immune System Diseases (C20), Hemic and Lymphatic Diseases (C15), Congenital, Hereditary, and Neonatal Diseases and Abnormalities (C16)]	[Disease or Syndrome (T047)]	Job Syndrome	disease	C3887645	[MESH_D007589, ICD10_D82.4, OMIM_147060, OMIM_102582, NCI_C3144, ORDO_2314, ORDO_331223, DO_3261, MONDO_0007818, MONDO_0018037, UMLS_C3887645]					0.913	0.309	[ENSG00000168610]	6774	protein-coding	[DTO_05007557]	[Nucleic acid binding]	[P40763]	1.0	0			14			0.95	STAT3	2016	2007
0.9318181818181818		70276519	[]	[syndrome (225), genetic disease (630)]	[]	[Immune System Diseases (C20), Nervous System Diseases (C10), Congenital, Hereditary, and Neonatal Diseases and Abnormalities (C16)]	[Disease or Syndrome (T047)]	Aicardi-Goutieres syndrome	disease	C0393591	[MESH_C535607, OMIM_225750, ORDO_51, DO_0050629, MONDO_0018866, EFO_0002109, UMLS_C0393591]	Autosomal dominant,Autosomal recessive	1-5 / 10 000	Europe	Point prevalence	0.87	0.433	[ENSG00000115267]	64135	protein-coding	[]	[]	[Q9BYX4]	4.3151E-34	0			3			0.95	IFIH1	2014	1993
0.967741935483871		30262508	[]	[disease of anatomical entity (7)]	[Abnormality of the immune system (02715)]	[Immune System Diseases (C20), Skin and Connective Tissue Diseases (C17)]	[Disease or Syndrome (T047)]	Lupus Erythematosus, Systemic	disease	C0024141	[MESH_D008180, ICD10_M32, NCI_C3201, ICD10_M32.9, OMIM_152700, ICD9CM_710.0, HPO_HP:0002725, ORDO_536, DO_9074, MONDO_0007915, UMLS_C0024141]	Not applicable	1-5 / 10 000,6-9 / 10 000,1-5 / 10 000,1-5 / 10 000,1-5 / 10 000,1-5 / 10 000,1-5 / 10 000,1-5 / 10 000,1-9 / 100 000,1-5 / 10 000,6-9 / 10 000	France,Martinique,New Zealand,Korea, Republic of,United States,Taiwan, Province of China,Europe,Finland,Worldwide,Worldwide,Poland	Point prevalence,Point prevalence,Point prevalence,Point prevalence,Point prevalence,Point prevalence,Point prevalence,Point prevalence,Annual incidence,Point prevalence,Annual incidence	0.87	0.433	[ENSG00000115267]	64135	protein-coding	[]	[]	[Q9BYX4]	4.3151E-34	2			2			0.95	IFIH1	2014	2009
0.9333333333333333		40152982	[]	[disease of anatomical entity (7), disease of cellular proliferation (14566)]	[Neoplasm (02664), Abnormality of the genitourinary system (00119)]	[Urogenital Diseases (C12), Neoplasms (C04)]	[Neoplastic Process (T191)]	Prostatic Neoplasms	disease	C0033578	[MESH_D011471, HPO_HP:0100787, NCI_C3343, DO_10283, MONDO_0008315, MONDO_0021259, UMLS_C0033578]					0.913	0.309	[ENSG00000168610]	6774	protein-coding	[DTO_05007557]	[Nucleic acid binding]	[P40763]	1.0	1			3			0.95	STAT3	2015	2004
0.9844097995545658		10171283	[]	[disease of anatomical entity (7), disease of cellular proliferation (14566)]	[]	[Skin and Connective Tissue Diseases (C17), Neoplasms (C04)]	[Neoplastic Process (T191)]	Malignant neoplasm of breast	disease	C0006142	[MESH_D001943, ICD10_C50, ICD10_C50-C50.9, ICD10_C50.9, OMIM_114480, NCI_C9335, DO_1612, DO_3459, MONDO_0016419, MONDO_0007254, MONDO_0021100, EFO_0000305, EFO_0003869, UMLS_C0006142]					0.913	0.309	[ENSG00000168610]	6774	protein-coding	[DTO_05007557]	[Nucleic acid binding]	[P40763]	1.0	0			0			0.9	STAT3		
0.9747474747474747		80143133	[]	[disease of anatomical entity (7), disease of cellular proliferation (14566)]	[]	[Urogenital Diseases (C12), Neoplasms (C04)]	[Neoplastic Process (T191)]	Prostate carcinoma	disease	C0600139	[NCI_C4863, DO_10286, MONDO_0005159, EFO_0001663, UMLS_C0600139]					0.913	0.309	[ENSG00000168610]	6774	protein-coding	[DTO_05007557]	[Nucleic acid binding]	[P40763]	1.0	0			0			0.9	STAT3		
0.9895833333333334		70239210	[]	[disease of anatomical entity (7), disease of cellular proliferation (14566)]	[Neoplasm (02664), Abnormality of the genitourinary system (00119)]	[Neoplasms (C04), Urogenital Diseases (C12)]	[Neoplastic Process (T191)]	Malignant neoplasm of prostate	disease	C0376358	[ICD10_C61, MESH_D011471, OMIM_176807, ICD9CM_185, OMIM_600020, OMIM_600185, HPO_HP:0012125, NCI_C7378, DO_10283, MONDO_0008315, MONDO_0700275, EFO_0000673, EFO_0001663, UMLS_C0376358]					0.913	0.309	[ENSG00000168610]	6774	protein-coding	[DTO_05007557]	[Nucleic acid binding]	[P40763]	1.0	0			0			0.9	STAT3		
0.8584070796460177		5289770	[]	[disease of anatomical entity (7)]	[Abnormality of the musculoskeletal system (33127)]	[Skin and Connective Tissue Diseases (C17), Immune System Diseases (C20), Musculoskeletal Diseases (C05)]	[Disease or Syndrome (T047)]	Rheumatoid Arthritis	disease	C0003873	[MESH_D001172, ICD10_M06.9, OMIM_180300, ICD9CM_714.0, OMIM_607218, HPO_HP:0001370, NCI_C2884, DO_7148, MONDO_0008383, EFO_0000685, UMLS_C0003873]					0.913	0.426	[ENSG00000138378]	6775	protein-coding	[DTO_05007557]	[Nucleic acid binding]	[Q14765]	0.93228	0			2			0.9	STAT4	2012	2010
0.9139784946236559		45251917	[]	[disease of anatomical entity (7)]	[Abnormality of the immune system (02715)]	[Congenital, Hereditary, and Neonatal Diseases and Abnormalities (C16), Nutritional and Metabolic Diseases (C18), Immune System Diseases (C20)]	[Disease or Syndrome (T047)]	Severe Combined Immunodeficiency	disease	C0085110	[MESH_D016511, HPO_HP:0004430, NCI_C3472, ORDO_183660, DO_5812, DO_627, MONDO_0015974, UMLS_C0085110]	Autosomal recessive,X-linked recessive	1-9 / 100 000,1-9 / 100 000,1-9 / 100 000,1-9 / 100 000,1-9 / 100 000,1-9 / 100 000	Europe,France,Greece,Chile,Costa rica,United States	Prevalence at birth,Prevalence at birth,Prevalence at birth,Prevalence at birth,Prevalence at birth,Prevalence at birth	0.87	0.504	[ENSG00000175097]	5897	protein-coding	[]	[]	[P55895]	0.022105	0			30			0.9	RAG2	2023	1996
0.967032967032967		85335061	[]	[disease of cellular proliferation (14566)]	[]	[Neoplasms (C04)]	[Neoplastic Process (T191)]	Squamous cell carcinoma of the head and neck	disease	C1168401	[OMIM_275355, NCI_C34447, OMIM_603612, MESH_D000077195, DO_2876, DO_5515, DO_5520, MONDO_0010150, EFO_0000181, UMLS_C1168401]					0.913	0.309	[ENSG00000168610]	6774	protein-coding	[DTO_05007557]	[Nucleic acid binding]	[P40763]	1.0	3			1			0.9	STAT3	2016	2016
0.9651162790697675		10397701	[]	[disease of cellular proliferation (14566)]	[Abnormality of the integument (01574), Neoplasm (02664)]	[Neoplasms (C04)]	[Neoplastic Process (T191)]	Squamous cell carcinoma	disease	C0007137	[MESH_D002294, NCI_C2929, HPO_HP:0002860, DO_1749, MONDO_0005096, EFO_0000707, UMLS_C0007137]					0.913	0.309	[ENSG00000168610]	6774	protein-coding	[DTO_05007557]	[Nucleic acid binding]	[P40763]	1.0	3			2			0.9	STAT3	2015	2007
1.0		105170434	[]	[disease of anatomical entity (7), genetic disease (630)]	[]	[Immune System Diseases (C20)]	[Disease or Syndrome (T047)]	CANDIDIASIS, FAMILIAL, 7	disease	C3279990	[OMIM_614162, OMIM_600555, NCI_C172099, ORDO_391487, DO_0111946, DO_2058, MONDO_0013599, UMLS_C3279990]					0.913	0.364	[ENSG00000115415]	6772	protein-coding	[DTO_05007557]	[Nucleic acid binding]	[P42224]	1.0	0			84			0.9	STAT1	2024	2006
0.9384615384615385		5289652	[]	[disease of anatomical entity (7)]	[Abnormality of the musculoskeletal system (33127)]	[Skin and Connective Tissue Diseases (C17), Immune System Diseases (C20), Musculoskeletal Diseases (C05)]	[Disease or Syndrome (T047)]	Rheumatoid Arthritis	disease	C0003873	[MESH_D001172, ICD10_M06.9, OMIM_180300, ICD9CM_714.0, OMIM_607218, HPO_HP:0001370, NCI_C2884, DO_7148, MONDO_0008383, EFO_0000685, UMLS_C0003873]					0.913	0.309	[ENSG00000168610]	6774	protein-coding	[DTO_05007557]	[Nucleic acid binding]	[P40763]	1.0	5			0			0.9	STAT3		
0.890625		35289118	[]	[disease of metabolism (0014667)]	[Growth abnormality (01507)]	[Nutritional and Metabolic Diseases (C18), Pathological Conditions, Signs and Symptoms (C23)]	[Disease or Syndrome (T047)]	Obesity	disease	C0028754	[ICD10_E66, MESH_D009765, ICD10_E66.9, OMIM_601665, ICD9CM_278.00, HPO_HP:0001513, NCI_C159658, NCI_C3283, DO_9970, MONDO_0011122, MONDO_0019182, EFO_0001073, UMLS_C0028754]					0.913	0.309	[ENSG00000168610]	6774	protein-coding	[DTO_05007557]	[Nucleic acid binding]	[P40763]	1.0	2			0			0.9	STAT3		
0.896551724137931		40310076	[]	[disease of anatomical entity (7)]	[]	[Skin and Connective Tissue Diseases (C17)]	[Disease or Syndrome (T047)]	Systemic Scleroderma	disease	C0036421	[ICD10_M34.0, MESH_D012595, ICD10_M34, ICD10_M34.9, NCI_C72070, ICD9CM_710.1, NCI_C197525, ORDO_90291, DO_418, DO_419, MONDO_0005100, EFO_0000717, UMLS_C0036421]	Multigenic/multifactorial,Not applicable	1-5 / 10 000,>1 / 1000,1-5 / 10 000,1-9 / 100 000,1-5 / 10 000,>1 / 1000,1-5 / 10 000,6-9 / 10 000,1-5 / 10 000,1-5 / 10 000,>1 / 1000,1-5 / 10 000,1-9 / 100 000,1-9 / 100 000,1-5 / 10 000,1-9 / 100 000	Europe,Spain,Spain,United Kingdom,France,Greece,Greece,Japan,United States,Canada,Australia,Australia,Taiwan, Province of China,Taiwan, Province of China,Italy,Italy	Point prevalence,Annual incidence,Point prevalence,Point prevalence,Point prevalence,Annual incidence,Point prevalence,Annual incidence,Point prevalence,Point prevalence,Annual incidence,Point prevalence,Annual incidence,Point prevalence,Point prevalence,Annual incidence	0.913	0.426	[ENSG00000138378]	6775	protein-coding	[DTO_05007557]	[Nucleic acid binding]	[Q14765]	0.93228	0			1			0.9	STAT4	2010	2010
0.9090909090909091		100226112	[]	[disease of anatomical entity (7), disease of cellular proliferation (14566)]	[Neoplasm (02664), Abnormality of the digestive system (25031)]	[Neoplasms (C04), Digestive System Diseases (C06)]	[Neoplastic Process (T191)]	Liver carcinoma	disease	C2239176	[ICD10_C22.0, MESH_D006528, OMIM_114550, NCI_C3099, HPO_HP:0001402, ORDO_88673, DO_3571, DO_684, MONDO_0007256, EFO_0000182, EFO_0000762, EFO_1000256, UMLS_C2239176]	Not applicable	1-9 / 100 000,1-5 / 10 000,1-9 / 100 000,1-9 / 100 000,1-9 / 100 000,1-9 / 100 000,1-9 / 100 000,1-5 / 10 000,1-9 / 100 000,1-9 / 100 000,1-5 / 10 000,1-5 / 10 000,1-5 / 10 000,1-5 / 10 000,6-9 / 10 000,1-5 / 10 000,1-9 / 100 000,1-9 / 100 000,1-9 / 100 000,1-9 / 100 000,1-9 / 100 000,1-9 / 100 000,1-9 / 100 000,1-9 / 100 000,1-9 / 100 000,1-9 / 100 000,1-9 / 100 000,1-9 / 100 000,1-9 / 100 000,1-9 / 1 000 000,1-9 / 100 000,1-9 / 100 000,1-9 / 100 000,1-9 / 100 000	United States,Europe,France,United Kingdom,Germany,Spain,Italy,Greece,Canada,Oceania,Latin America,China,Japan,Korea, Republic of,Mongolia,Africa,Europe,Austria,Belgium,Bulgaria,Croatia,Czech Republic,Estonia,Finland,Iceland,Ireland,Latvia,Lithuania,Norway,Poland,Portugal,Slovakia,Switzerland,Netherlands	Annual incidence,Point prevalence,Annual incidence,Annual incidence,Annual incidence,Annual incidence,Annual incidence,Annual incidence,Annual incidence,Annual incidence,Annual incidence,Annual incidence,Annual incidence,Annual incidence,Annual incidence,Annual incidence,Annual incidence,Annual incidence,Annual incidence,Annual incidence,Annual incidence,Annual incidence,Annual incidence,Annual incidence,Annual incidence,Annual incidence,Annual incidence,Annual incidence,Annual incidence,Annual incidence,Annual incidence,Annual incidence,Annual incidence,Annual incidence	0.913	0.426	[ENSG00000138378]	6775	protein-coding	[DTO_05007557]	[Nucleic acid binding]	[Q14765]	0.93228	0			1			0.9	STAT4	2013	2013
0.9285714285714286		5422420	[]	[disease of anatomical entity (7)]	[]	[Eye Diseases (C11), Skin and Connective Tissue Diseases (C17), Cardiovascular Diseases (C14), Stomatognathic Diseases (C07), Congenital, Hereditary, and Neonatal Diseases and Abnormalities (C16)]	[Disease or Syndrome (T047)]	Behcet Syndrome	disease	C0004943	[MESH_D001528, ICD10_M35.2, OMIM_109650, NCI_C34416, ICD9CM_136.1, ORDO_117, DO_13241, MONDO_0007191, EFO_0003780, UMLS_C0004943]	Multigenic/multifactorial	1-9 / 1 000 000,1-9 / 1 000 000,1-9 / 100 000,1-9 / 1 000 000,1-9 / 100 000,1-9 / 100 000,1-5 / 10 000,1-9 / 100 000,1-9 / 100 000,1-5 / 10 000,>1 / 1000,1-5 / 10 000,1-5 / 10 000,1-9 / 1 000 000,1-5 / 10 000,1-9 / 100 000	Spain,Italy,United States,Iran, Islamic Republic of,France,Italy,United Kingdom,Sweden,Portugal,Japan,Turkey,Iran, Islamic Republic of,Israel,Taiwan, Province of China,Saudi Arabia,Korea, Republic of	Annual incidence,Annual incidence,Point prevalence,Annual incidence,Point prevalence,Point prevalence,Point prevalence,Point prevalence,Point prevalence,Point prevalence,Point prevalence,Point prevalence,Point prevalence,Annual incidence,Point prevalence,Annual incidence	0.913	0.426	[ENSG00000138378]	6775	protein-coding	[DTO_05007557]	[Nucleic acid binding]	[Q14765]	0.93228	0			3			0.9	STAT4	2015	2012
1.0		10345842	[]	[disease of anatomical entity (7), disease of cellular proliferation (14566)]	[Abnormality of the respiratory system (02086), Neoplasm (02664)]	[Neoplasms (C04), Respiratory Tract Diseases (C08)]	[Neoplastic Process (T191)]	Non-Small Cell Lung Carcinoma	disease	C0007131	[MESH_D002289, OMIM_211980, HPO_HP:0030358, NCI_C2926, DO_3908, MONDO_0005233, EFO_0003060, UMLS_C0007131]					0.913	0.385	[ENSG00000173039]	5970	protein-coding	[DTO_05007542]	[Transcription factor]	[Q04206]	0.99992	1			0			0.9	RELA		
0.9166666666666666		15336137	[]	[disease of anatomical entity (7), disease of metabolism (0014667), genetic disease (630)]	[Abnormality of metabolism/homeostasis (01939), Abnormality of the endocrine system (00818)]	[Nutritional and Metabolic Diseases (C18), Immune System Diseases (C20), Endocrine System Diseases (C19)]	[Disease or Syndrome (T047)]	Diabetes Mellitus, Insulin-Dependent	disease	C0011854	[MESH_D003922, ICD10_E10, OMIM_222100, NCI_C2986, HPO_HP:0100651, ORDO_243377, DO_0110741, DO_0110742, DO_0110743, DO_0110744, DO_0110745, DO_0110746, DO_9744, DO_0110747, DO_0110749, DO_0110750, DO_0110751, DO_0110752, DO_0110753, DO_0110754, DO_0110755, DO_0110756, DO_0110757, DO_0110758, DO_0110759, DO_0110760, DO_0110761, MONDO_0005147, MONDO_0007454, MONDO_0010950, MONDO_0011572, MONDO_0011016, MONDO_0011033, MONDO_0011068, MONDO_0011123, MONDO_0012422, MONDO_0010861, MONDO_0010862, MONDO_0010863, MONDO_0010864, MONDO_0011167, MONDO_0011168, MONDO_0012919, MONDO_0012920, MONDO_0012921, MONDO_0012961, MONDO_0011302, MONDO_0013078, UMLS_C0011854]					0.913	0.309	[ENSG00000168610]	6774	protein-coding	[DTO_05007557]	[Nucleic acid binding]	[P40763]	1.0	2			1			0.9	STAT3	2014	2014
0.837037037037037		30264503	[]	[disease of anatomical entity (7)]	[Abnormality of the immune system (02715)]	[Immune System Diseases (C20), Skin and Connective Tissue Diseases (C17)]	[Disease or Syndrome (T047)]	Lupus Erythematosus, Systemic	disease	C0024141	[MESH_D008180, ICD10_M32, NCI_C3201, ICD10_M32.9, OMIM_152700, ICD9CM_710.0, HPO_HP:0002725, ORDO_536, DO_9074, MONDO_0007915, UMLS_C0024141]	Not applicable	1-5 / 10 000,6-9 / 10 000,1-5 / 10 000,1-5 / 10 000,1-5 / 10 000,1-5 / 10 000,1-5 / 10 000,1-5 / 10 000,1-9 / 100 000,1-5 / 10 000,6-9 / 10 000	France,Martinique,New Zealand,Korea, Republic of,United States,Taiwan, Province of China,Europe,Finland,Worldwide,Worldwide,Poland	Point prevalence,Point prevalence,Point prevalence,Point prevalence,Point prevalence,Point prevalence,Point prevalence,Point prevalence,Annual incidence,Point prevalence,Annual incidence	0.913	0.443	[ENSG00000244731]	720	protein-coding	[]	[]	[P0C0L4]	0.10697	7			6			1.0	C4A	2013	1999
0.8133333333333334		30264590	[]	[disease of anatomical entity (7)]	[Abnormality of the immune system (02715)]	[Immune System Diseases (C20), Skin and Connective Tissue Diseases (C17)]	[Disease or Syndrome (T047)]	Lupus Erythematosus, Systemic	disease	C0024141	[MESH_D008180, ICD10_M32, NCI_C3201, ICD10_M32.9, OMIM_152700, ICD9CM_710.0, HPO_HP:0002725, ORDO_536, DO_9074, MONDO_0007915, UMLS_C0024141]	Not applicable	1-5 / 10 000,6-9 / 10 000,1-5 / 10 000,1-5 / 10 000,1-5 / 10 000,1-5 / 10 000,1-5 / 10 000,1-5 / 10 000,1-9 / 100 000,1-5 / 10 000,6-9 / 10 000	France,Martinique,New Zealand,Korea, Republic of,United States,Taiwan, Province of China,Europe,Finland,Worldwide,Worldwide,Poland	Point prevalence,Point prevalence,Point prevalence,Point prevalence,Point prevalence,Point prevalence,Point prevalence,Point prevalence,Annual incidence,Point prevalence,Annual incidence	0.913	0.465	[ENSG00000224389]	721	protein-coding	[DTO_05007584]	[Enzyme modulator]	[P0C0L5, P0C0L4]	0.99808	5			7			1.0	C4B	2013	1988
1.0		40177662	[]	[disease of anatomical entity (7)]	[Abnormality of the immune system (02715), Abnormality of the integument (01574)]	[Skin and Connective Tissue Diseases (C17)]	[Disease or Syndrome (T047)]	Psoriasis	disease	C0033860	[MESH_D011565, ICD10_L40, ICD10_L40.9, HPO_HP:0003765, NCI_C3346, DO_4398, DO_8893, DO_9088, MONDO_0005083, EFO_0000676, UMLS_C0033860]					0.87	0.472	[ENSG00000105397]	7297	protein-coding	[DTO_03300101]	[Kinase]	[P29597]	1.4894E-7	1			1			1.0	TYK2	2010	2010
0.9807692307692307		115075398	[]	[disease of anatomical entity (7), genetic disease (630)]	[]	[Immune System Diseases (C20), Congenital, Hereditary, and Neonatal Diseases and Abnormalities (C16), Hemic and Lymphatic Diseases (C15)]	[Disease or Syndrome (T047)]	HYPER-IgE RECURRENT INFECTION SYNDROME 2, AUTOSOMAL RECESSIVE	disease	C4722305	[MESH_D007589, OMIM_243700, NCI_C126343, OMIM_611432, ORDO_2314, ORDO_217390, DO_0080594, DO_3261, MONDO_0009478, UMLS_C4722305]					0.87	0.489	[ENSG00000107099]	81704	protein-coding	[DTO_05007584]	[Enzyme modulator]	[Q8NF50]	2.6121E-17	0			32			1.0	DOCK8	2024	2004
1.0		115024296	[]	[]	[]	[Immune System Diseases (C20)]	[Disease or Syndrome (T047)]	B-CELL EXPANSION WITH NFKB AND T-CELL ANERGY	disease	C4551967	[OMIM_607210, OMIM_616452, NCI_C176791, ORDO_464336, MONDO_0014645, UMLS_C4551967]	Autosomal dominant	<1 / 1 000 000	Worldwide	Point prevalence	0.783	0.529	[ENSG00000198286]	84433	protein-coding	[]	[]	[Q9BXL7]	1.0	0			34			1.0	CARD11	2023	2002
0.9183673469387755		45231315	[]	[disease of anatomical entity (7), disease of cellular proliferation (14566)]	[]	[Immune System Diseases (C20), Neoplasms (C04), Hemic and Lymphatic Diseases (C15)]	[Neoplastic Process (T191)]	Diffuse Large B-Cell Lymphoma	disease	C0079744	[MESH_D016403, ICD10_C83.3, NCI_C8851, ORDO_544, DO_0050745, MONDO_0018905, EFO_0000403, EFO_1000157, EFO_1000490, UMLS_C0079744]	Multigenic/multifactorial,Not applicable	1-5 / 10 000,1-9 / 100 000,1-9 / 100 000,1-9 / 1 000 000,1-9 / 1 000 000,1-9 / 100 000,1-9 / 100 000,1-9 / 100 000,1-9 / 100 000,1-9 / 100 000,1-9 / 100 000,1-9 / 100 000,1-9 / 100 000,1-9 / 100 000,1-9 / 100 000,1-9 / 100 000,1-9 / 100 000,1-9 / 100 000,1-9 / 100 000,1-9 / 100 000,1-9 / 100 000,1-9 / 100 000,1-9 / 100 000,1-9 / 100 000,1-9 / 100 000,1-9 / 100 000	Europe,France,Europe,Croatia,Latvia,Austria,Belgium,Bulgaria,Czech Republic,Estonia,Finland,Germany,Iceland,Ireland,Italy,Lithuania,Malta,Norway,Poland,Portugal,Slovakia,Slovenia,Spain,Switzerland,Netherlands,United Kingdom	Point prevalence,Annual incidence,Annual incidence,Annual incidence,Annual incidence,Annual incidence,Annual incidence,Annual incidence,Annual incidence,Annual incidence,Annual incidence,Annual incidence,Annual incidence,Annual incidence,Annual incidence,Annual incidence,Annual incidence,Annual incidence,Annual incidence,Annual incidence,Annual incidence,Annual incidence,Annual incidence,Annual incidence,Annual incidence,Annual incidence	0.783	0.529	[ENSG00000198286]	84433	protein-coding	[]	[]	[Q9BXL7]	1.0	3			2			0.95	CARD11	2015	2014
1.0		100367099	[]	[disease of anatomical entity (7)]	[]	[Urogenital Diseases (C12), Hemic and Lymphatic Diseases (C15)]	[Disease or Syndrome (T047)]	Atypical Hemolytic Uremic Syndrome	disease	C2931788	[MESH_D065766, NCI_C123223, ORDO_2134, DO_0080301, DO_12554, MONDO_0016244, UMLS_C2931788]	Autosomal dominant,Autosomal recessive,Not applicable	1-9 / 1 000 000,1-9 / 100 000,<1 / 1 000 000	United States,Europe,China	Annual incidence,Point prevalence,Point prevalence	0.913	0.441	[ENSG00000125730]	718	protein-coding	[]	[]	[P01024]		1			0			0.95	C3		
0.9038461538461539		105328285	[]	[]	[]	[Immune System Diseases (C20), Hemic and Lymphatic Diseases (C15), Congenital, Hereditary, and Neonatal Diseases and Abnormalities (C16)]	[Disease or Syndrome (T047)]	Job Syndrome	disease	C3887645	[MESH_D007589, ICD10_D82.4, OMIM_147060, OMIM_102582, NCI_C3144, ORDO_2314, ORDO_331223, DO_3261, MONDO_0007818, MONDO_0018037, UMLS_C3887645]					0.87	0.489	[ENSG00000107099]	81704	protein-coding	[DTO_05007584]	[Enzyme modulator]	[Q8NF50]	2.6121E-17	2			0			0.9	DOCK8		
0.9354838709677419		5293021	[]	[disease of anatomical entity (7)]	[Abnormality of the musculoskeletal system (33127)]	[Skin and Connective Tissue Diseases (C17), Immune System Diseases (C20), Musculoskeletal Diseases (C05)]	[Disease or Syndrome (T047)]	Rheumatoid Arthritis	disease	C0003873	[MESH_D001172, ICD10_M06.9, OMIM_180300, ICD9CM_714.0, OMIM_607218, HPO_HP:0001370, NCI_C2884, DO_7148, MONDO_0008383, EFO_0000685, UMLS_C0003873]					0.87	0.472	[ENSG00000105397]	7297	protein-coding	[DTO_03300101]	[Kinase]	[P29597]	1.4894E-7	0			2			0.9	TYK2	2018	2012
0.9473684210526315		5292857	[]	[disease of anatomical entity (7)]	[Abnormality of the musculoskeletal system (33127)]	[Skin and Connective Tissue Diseases (C17), Immune System Diseases (C20), Musculoskeletal Diseases (C05)]	[Disease or Syndrome (T047)]	Rheumatoid Arthritis	disease	C0003873	[MESH_D001172, ICD10_M06.9, OMIM_180300, ICD9CM_714.0, OMIM_607218, HPO_HP:0001370, NCI_C2884, DO_7148, MONDO_0008383, EFO_0000685, UMLS_C0003873]					0.913	0.465	[ENSG00000224389]	721	protein-coding	[DTO_05007584]	[Enzyme modulator]	[P0C0L5, P0C0L4]	0.99808	1			0			0.9	C4B		
1.0		15295786	[]	[disease of anatomical entity (7)]	[Abnormality of the immune system (02715), Abnormality of the integument (01574)]	[Skin and Connective Tissue Diseases (C17), Immune System Diseases (C20), Congenital, Hereditary, and Neonatal Diseases and Abnormalities (C16)]	[Disease or Syndrome (T047)]	Dermatitis, Atopic	disease	C0011615	[MESH_D003876, ICD10_L20, ICD10_L20.9, OMIM_603165, HPO_HP:0001047, DO_3310, MONDO_0004980, MONDO_0100178, EFO_0000274, UMLS_C0011615]					0.87	0.489	[ENSG00000107099]	81704	protein-coding	[DTO_05007584]	[Enzyme modulator]	[Q8NF50]	2.6121E-17	1			0			0.9	DOCK8		
1.0		30264321	[]	[disease of anatomical entity (7)]	[Abnormality of the immune system (02715)]	[Immune System Diseases (C20), Skin and Connective Tissue Diseases (C17)]	[Disease or Syndrome (T047)]	Lupus Erythematosus, Systemic	disease	C0024141	[MESH_D008180, ICD10_M32, NCI_C3201, ICD10_M32.9, OMIM_152700, ICD9CM_710.0, HPO_HP:0002725, ORDO_536, DO_9074, MONDO_0007915, UMLS_C0024141]	Not applicable	1-5 / 10 000,6-9 / 10 000,1-5 / 10 000,1-5 / 10 000,1-5 / 10 000,1-5 / 10 000,1-5 / 10 000,1-5 / 10 000,1-9 / 100 000,1-5 / 10 000,6-9 / 10 000	France,Martinique,New Zealand,Korea, Republic of,United States,Taiwan, Province of China,Europe,Finland,Worldwide,Worldwide,Poland	Point prevalence,Point prevalence,Point prevalence,Point prevalence,Point prevalence,Point prevalence,Point prevalence,Point prevalence,Annual incidence,Point prevalence,Annual incidence	0.913	0.441	[ENSG00000125730]	718	protein-coding	[]	[]	[P01024]		10			0			0.85	C3		
0.9444444444444444		15337301	[]	[disease of anatomical entity (7), disease of metabolism (0014667), genetic disease (630)]	[Abnormality of metabolism/homeostasis (01939), Abnormality of the endocrine system (00818)]	[Nutritional and Metabolic Diseases (C18), Immune System Diseases (C20), Endocrine System Diseases (C19)]	[Disease or Syndrome (T047)]	Diabetes Mellitus, Insulin-Dependent	disease	C0011854	[MESH_D003922, ICD10_E10, OMIM_222100, NCI_C2986, HPO_HP:0100651, ORDO_243377, DO_0110741, DO_0110742, DO_0110743, DO_0110744, DO_0110745, DO_0110746, DO_9744, DO_0110747, DO_0110749, DO_0110750, DO_0110751, DO_0110752, DO_0110753, DO_0110754, DO_0110755, DO_0110756, DO_0110757, DO_0110758, DO_0110759, DO_0110760, DO_0110761, MONDO_0005147, MONDO_0007454, MONDO_0010950, MONDO_0011572, MONDO_0011016, MONDO_0011033, MONDO_0011068, MONDO_0011123, MONDO_0012422, MONDO_0010861, MONDO_0010862, MONDO_0010863, MONDO_0010864, MONDO_0011167, MONDO_0011168, MONDO_0012919, MONDO_0012920, MONDO_0012921, MONDO_0012961, MONDO_0011302, MONDO_0013078, UMLS_C0011854]					0.87	0.472	[ENSG00000105397]	7297	protein-coding	[DTO_03300101]	[Kinase]	[P29597]	1.4894E-7	0			1			0.8	TYK2	2018	2018
0.9411764705882353		20259247	[]	[disease of anatomical entity (7)]	[Abnormality of the genitourinary system (00119)]	[Urogenital Diseases (C12), Immune System Diseases (C20)]	[Disease or Syndrome (T047)]	IGA Glomerulonephritis	disease	C0017661	[MESH_D005922, NCI_C34643, OMIM_161950, HPO_HP:0000794, NCI_C35280, ORDO_34145, DO_2986, MONDO_0005342, EFO_0004194, UMLS_C0017661]					0.87	0.492	[ENSG00000161955]	8741	protein-coding	[]	[]	[O75888]	7.7445E-4	0			1			0.8	TNFSF13	2011	2011
1.0		35071157	[]	[disease of anatomical entity (7)]	[]	[Immune System Diseases (C20), Nervous System Diseases (C10)]	[Disease or Syndrome (T047)]	Multiple Sclerosis	disease	C0026769	[MESH_D009103, ICD10_G35, ICD9CM_340, NCI_C3243, ORDO_802, DO_2377, MONDO_0005301, EFO_0803536, UMLS_C0026769]					0.87	0.472	[ENSG00000105397]	7297	protein-coding	[DTO_03300101]	[Kinase]	[P29597]	1.4894E-7	0			1			0.8	TYK2	2009	2009
1.0		110211988	[]	[disease of anatomical entity (7), genetic disease (630)]	[]	[Immune System Diseases (C20)]	[Disease or Syndrome (T047)]	IMMUNODEFICIENCY 11B WITH ATOPIC DERMATITIS	disease	C4539957	[OMIM_617638, OMIM_607210, NCI_C176630, ORDO_619972, DO_0111958, MONDO_0054697, UMLS_C4539957]					0.783	0.529	[ENSG00000198286]	84433	protein-coding	[]	[]	[Q9BXL7]	1.0	0			13			0.8	CARD11	2021	2002
0.9230769230769231		5142341	[]	[disease of anatomical entity (7), genetic disease (630)]	[Abnormality of the nervous system (00707)]	[Mental Disorders (F03), Nervous System Diseases (C10)]	[Disease or Syndrome (T047)]	Alzheimer's Disease	disease	C0002395	[MESH_D000544, ICD10_G30, ICD10_G30.9, NCI_C2866, OMIM_104300, ICD9CM_331.0, OMIM_516000, HPO_HP:0002511, DO_10652, DO_11870, DO_0110035, DO_0110037, DO_0110038, DO_0110039, DO_0110041, DO_0110043, DO_0110044, DO_0110045, DO_0110046, DO_0110047, DO_0110048, MONDO_0007089, MONDO_0004975, MONDO_0011401, MONDO_0011561, MONDO_0011647, MONDO_0011777, MONDO_0012321, MONDO_0012344, MONDO_0012609, MONDO_0012630, MONDO_0012631, MONDO_0011194, UMLS_C0002395]					0.913	0.441	[ENSG00000125730]	718	protein-coding	[]	[]	[P01024]		0			0			0.8	C3		
0.8333333333333334		5373517	[]	[disease of mental health (150)]	[Abnormality of the nervous system (00707)]	[Mental Disorders (F03)]	[Mental or Behavioral Dysfunction (T048)]	Autistic Disorder	disease	C0004352	[ICD10_F84.0, MESH_D001321, OMIM_209850, NCI_C97161, HPO_HP:0000717, ICD9CM_299.0, ORDO_106, DO_12849, MONDO_0005260, MONDO_0020836, EFO_0003756, EFO_0003758, UMLS_C0004352]					0.913	0.465	[ENSG00000224389]	721	protein-coding	[DTO_05007584]	[Enzyme modulator]	[P0C0L5, P0C0L4]	0.99808	0			2			0.8	C4B	2010	2005
1.0		15295892	[]	[disease of anatomical entity (7)]	[Abnormality of the immune system (02715), Abnormality of the integument (01574)]	[Skin and Connective Tissue Diseases (C17), Immune System Diseases (C20), Congenital, Hereditary, and Neonatal Diseases and Abnormalities (C16)]	[Disease or Syndrome (T047)]	Dermatitis, Atopic	disease	C0011615	[MESH_D003876, ICD10_L20, ICD10_L20.9, OMIM_603165, HPO_HP:0001047, DO_3310, MONDO_0004980, MONDO_0100178, EFO_0000274, UMLS_C0011615]					0.783	0.529	[ENSG00000198286]	84433	protein-coding	[]	[]	[Q9BXL7]	1.0	0			2			0.8	CARD11	2017	2012
0.9130434782608695		115178470	[]	[disease by infectious agent (0050117)]	[]	[Infections (C01), Respiratory Tract Diseases (C08)]	[Disease or Syndrome (T047)]	COVID-19 Virus Disease	disease	C5203670	[MESH_D000086382, NCI_C171133, DO_0080600, MONDO_0100096, UMLS_C5203670]					0.87	0.472	[ENSG00000105397]	7297	protein-coding	[DTO_03300101]	[Kinase]	[P29597]	1.4894E-7	0			1			0.75	TYK2	2021	2021
0.75		15409117	[]	[disease of metabolism (0014667), genetic disease (630)]	[Abnormality of metabolism/homeostasis (01939), Abnormality of the endocrine system (00818)]	[Nutritional and Metabolic Diseases (C18), Endocrine System Diseases (C19)]	[Disease or Syndrome (T047)]	Diabetes Mellitus, Non-Insulin-Dependent	disease	C0011860	[MESH_D003924, ICD10_E11, OMIM_125853, NCI_C26747, OMIM_600509, OMIM_147545, HPO_HP:0005978, OMIM_138079, OMIM_147670, OMIM_167413, OMIM_600281, OMIM_189907, OMIM_138430, OMIM_164731, OMIM_601724, DO_9352, MONDO_0005148, UMLS_C0011860]					0.913	0.441	[ENSG00000125730]	718	protein-coding	[]	[]	[P01024]		0			1			0.75	C3	2010	2010
1.0		25364740	[]	[]	[Abnormality of metabolism/homeostasis (01939)]	[Nutritional and Metabolic Diseases (C18)]	[Pathologic Function (T046)]	Insulin Resistance	phenotype	C0021655	[MESH_D007333, NCI_C113101, OMIM_147670, HPO_HP:0000855, EFO_0002614, UMLS_C0021655]					0.913	0.441	[ENSG00000125730]	718	protein-coding	[]	[]	[P01024]		0			1			0.75	C3	2008	2008
1.0		30270119	[]	[disease of anatomical entity (7)]	[]	[Immune System Diseases (C20), Skin and Connective Tissue Diseases (C17), Urogenital Diseases (C12)]	[Disease or Syndrome (T047)]	Lupus Nephritis	disease	C0024143	[MESH_D008181, HPO_HP:0033726, NCI_C34789, DO_0080162, MONDO_0005556, EFO_0005761, UMLS_C0024143]					0.913	0.441	[ENSG00000125730]	718	protein-coding	[]	[]	[P01024]		3			1			0.75	C3	2019	2019
1.0		115267648	[]	[disease of anatomical entity (7), genetic disease (630)]	[]	[]	[Disease or Syndrome (T047)]	Combined immunodeficiency due to DOCK8 deficiency	disease	C5679816	[ORDO_217390, DO_0080594, MONDO_0009478, UMLS_C5679816]	Autosomal recessive	<1 / 1 000 000	Worldwide	Point prevalence	0.87	0.489	[ENSG00000107099]	81704	protein-coding	[DTO_05007584]	[Enzyme modulator]	[Q8NF50]	2.6121E-17	0			0			0.75	DOCK8		
1.0		5321680	[]	[disease of anatomical entity (7)]	[Abnormality of the respiratory system (02086), Abnormality of the immune system (02715)]	[Immune System Diseases (C20), Respiratory Tract Diseases (C08)]	[Disease or Syndrome (T047)]	Asthma	disease	C0004096	[ICD10_J45, MESH_D001249, ICD10_J45.9, HPO_HP:0002099, NCI_C28397, ICD9CM_493, ICD9CM_493.9, DO_2841, DO_9360, DO_9415, MONDO_0004979, UMLS_C0004096]					0.783	0.529	[ENSG00000198286]	84433	protein-coding	[]	[]	[Q9BXL7]	1.0	0			0			0.75	CARD11		
1.0		105244330	[]	[disease of anatomical entity (7), genetic disease (630)]	[]	[]	[Disease or Syndrome (T047)]	IMMUNODEFICIENCY 11	disease	C3554686	[OMIM_615206, OMIM_607210, ORDO_357237, DO_0111957, MONDO_0014081, UMLS_C3554686]					0.783	0.529	[ENSG00000198286]	84433	protein-coding	[]	[]	[Q9BXL7]	1.0	0			30			0.7	CARD11	2023	2002
1.0		100149147	[]	[disease of anatomical entity (7), genetic disease (630)]	[]	[Immune System Diseases (C20), Congenital, Hereditary, and Neonatal Diseases and Abnormalities (C16), Hemic and Lymphatic Diseases (C15)]	[Disease or Syndrome (T047)]	Tyrosine Kinase 2 Deficiency	disease	C1969086	[MESH_C566928, OMIM_611521, OMIM_176941, ORDO_331226, DO_0111989, MONDO_0012682, UMLS_C1969086]	Autosomal recessive	<1 / 1 000 000	Worldwide	Point prevalence	0.87	0.472	[ENSG00000105397]	7297	protein-coding	[DTO_03300101]	[Kinase]	[P29597]	1.4894E-7	0			17			0.7	TYK2	2022	2003
0.8888888888888888		5320380	[]	[disease of anatomical entity (7)]	[Abnormality of the respiratory system (02086), Abnormality of the immune system (02715)]	[Immune System Diseases (C20), Respiratory Tract Diseases (C08)]	[Disease or Syndrome (T047)]	Asthma	disease	C0004096	[ICD10_J45, MESH_D001249, ICD10_J45.9, HPO_HP:0002099, NCI_C28397, ICD9CM_493, ICD9CM_493.9, DO_2841, DO_9360, DO_9415, MONDO_0004979, UMLS_C0004096]					0.913	0.441	[ENSG00000125730]	718	protein-coding	[]	[]	[P01024]		0			0			0.7	C3		
1.0		30308590	[]	[disease of anatomical entity (7)]	[Abnormality of the eye (00478)]	[Eye Diseases (C11)]	[Disease or Syndrome (T047)]	Macular degeneration	disease	C0024437	[MESH_D008268, OMIM_607643, OMIM_607921, HPO_HP:0000608, NCI_C123330, DO_10871, DO_4448, MONDO_0003004, EFO_0001365, EFO_0009606, UMLS_C0024437]					0.913	0.441	[ENSG00000125730]	718	protein-coding	[]	[]	[P01024]		0			4			0.7	C3	2013	2007
1.0		105173952	[]	[disease of anatomical entity (7)]	[]	[Immune System Diseases (C20), Congenital, Hereditary, and Neonatal Diseases and Abnormalities (C16)]	[Finding (T033)]	Complement Component 4a Deficiency	phenotype	C3280642	[OMIM_614380, MESH_C565167, OMIM_120810, DO_0060297, MONDO_0013721, UMLS_C3280642]					0.913	0.443	[ENSG00000244731]	720	protein-coding	[]	[]	[P0C0L4]	0.10697	0			2			0.7	C4A	1993	1990
0.9137055837563451		70293828	[]	[disease of anatomical entity (7), genetic disease (630)]	[]	[Immune System Diseases (C20), Congenital, Hereditary, and Neonatal Diseases and Abnormalities (C16), Hemic and Lymphatic Diseases (C15)]	[Disease or Syndrome (T047)]	Hyper-IgM Immunodeficiency Syndrome, Type 1	disease	C0398689	[MESH_D053307, OMIM_308230, OMIM_300386, NCI_C158531, ORDO_101088, DO_0060022, DO_6620, MONDO_0003947, MONDO_0010626, UMLS_C0398689]	X-linked recessive				0.957	0.377	[ENSG00000102245]	959	protein-coding	[DTO_05007599]	[Signaling]	[P29965]		0			88			1.0	CD40LG	2023	1992
0.8285714285714286		5296783	[]	[disease of anatomical entity (7)]	[Abnormality of the musculoskeletal system (33127)]	[Skin and Connective Tissue Diseases (C17), Immune System Diseases (C20), Musculoskeletal Diseases (C05)]	[Disease or Syndrome (T047)]	Rheumatoid Arthritis	disease	C0003873	[MESH_D001172, ICD10_M06.9, OMIM_180300, ICD9CM_714.0, OMIM_607218, HPO_HP:0001370, NCI_C2884, DO_7148, MONDO_0008383, EFO_0000685, UMLS_C0003873]					0.957	0.369	[ENSG00000101017]	958	protein-coding	[]	[]	[P25942]	0.030332	1			3			1.0	CD40	2012	2008
0.9137931034482759		35073121	[]	[disease of anatomical entity (7)]	[]	[Immune System Diseases (C20), Nervous System Diseases (C10)]	[Disease or Syndrome (T047)]	Multiple Sclerosis	disease	C0026769	[MESH_D009103, ICD10_G35, ICD9CM_340, NCI_C3243, ORDO_802, DO_2377, MONDO_0005301, EFO_0803536, UMLS_C0026769]					0.957	0.369	[ENSG00000101017]	958	protein-coding	[]	[]	[P25942]	0.030332	2			1			1.0	CD40	2009	2009
0.8833333333333333		30266983	[]	[disease of anatomical entity (7)]	[Abnormality of the immune system (02715)]	[Immune System Diseases (C20), Skin and Connective Tissue Diseases (C17)]	[Disease or Syndrome (T047)]	Lupus Erythematosus, Systemic	disease	C0024141	[MESH_D008180, ICD10_M32, NCI_C3201, ICD10_M32.9, OMIM_152700, ICD9CM_710.0, HPO_HP:0002725, ORDO_536, DO_9074, MONDO_0007915, UMLS_C0024141]	Not applicable	1-5 / 10 000,6-9 / 10 000,1-5 / 10 000,1-5 / 10 000,1-5 / 10 000,1-5 / 10 000,1-5 / 10 000,1-5 / 10 000,1-9 / 100 000,1-5 / 10 000,6-9 / 10 000	France,Martinique,New Zealand,Korea, Republic of,United States,Taiwan, Province of China,Europe,Finland,Worldwide,Worldwide,Poland	Point prevalence,Point prevalence,Point prevalence,Point prevalence,Point prevalence,Point prevalence,Point prevalence,Point prevalence,Annual incidence,Point prevalence,Annual incidence	0.957	0.369	[ENSG00000101017]	958	protein-coding	[]	[]	[P25942]	0.030332	2			0			0.95	CD40		
0.8235294117647058		15182808	[]	[disease of anatomical entity (7)]	[]	[Cardiovascular Diseases (C14)]	[Disease or Syndrome (T047)]	Coronary heart disease	disease	C0010068	[MESH_D003327, DO_3393, MONDO_0005010, EFO_0001645, UMLS_C0010068]					0.957	0.377	[ENSG00000102245]	959	protein-coding	[DTO_05007599]	[Signaling]	[P29965]		3			1			0.95	CD40LG	2006	2006
0.9240506329113924		30267080	[]	[disease of anatomical entity (7)]	[Abnormality of the immune system (02715)]	[Immune System Diseases (C20), Skin and Connective Tissue Diseases (C17)]	[Disease or Syndrome (T047)]	Lupus Erythematosus, Systemic	disease	C0024141	[MESH_D008180, ICD10_M32, NCI_C3201, ICD10_M32.9, OMIM_152700, ICD9CM_710.0, HPO_HP:0002725, ORDO_536, DO_9074, MONDO_0007915, UMLS_C0024141]	Not applicable	1-5 / 10 000,6-9 / 10 000,1-5 / 10 000,1-5 / 10 000,1-5 / 10 000,1-5 / 10 000,1-5 / 10 000,1-5 / 10 000,1-9 / 100 000,1-5 / 10 000,6-9 / 10 000	France,Martinique,New Zealand,Korea, Republic of,United States,Taiwan, Province of China,Europe,Finland,Worldwide,Worldwide,Poland	Point prevalence,Point prevalence,Point prevalence,Point prevalence,Point prevalence,Point prevalence,Point prevalence,Point prevalence,Annual incidence,Point prevalence,Annual incidence	0.957	0.377	[ENSG00000102245]	959	protein-coding	[DTO_05007599]	[Signaling]	[P29965]		3			1			0.9	CD40LG	2017	2017
0.9629629629629629		25114074	[]	[disease by infectious agent (0050117)]	[]	[Infections (C01), Urogenital Diseases (C12), Immune System Diseases (C20)]	[Disease or Syndrome (T047)]	HIV Infections	disease	C0019693	[MESH_D015658, ICD10_B20-B24.9, ICD10_B24, ICD9CM_042, NCI_C3108, ICD9CM_042-042.99, DO_526, DO_635, MONDO_0005109, EFO_0000764, UMLS_C0019693]					0.957	0.377	[ENSG00000102245]	959	protein-coding	[DTO_05007599]	[Signaling]	[P29965]		6			0			0.9	CD40LG		
1.0	Definitive	95122643	[]	[disease of anatomical entity (7), genetic disease (630)]	[]	[Congenital, Hereditary, and Neonatal Diseases and Abnormalities (C16), Immune System Diseases (C20), Hemic and Lymphatic Diseases (C15)]	[Disease or Syndrome (T047)]	IMMUNODEFICIENCY WITH HYPER-IgM, TYPE 3	disease	C1720957	[MESH_D053306, OMIM_606843, OMIM_109535, NCI_C176416, ORDO_101090, DO_0060023, DO_0080544, MONDO_0003947, MONDO_0011735, UMLS_C1720957]					0.957	0.369	[ENSG00000101017]	958	protein-coding	[]	[]	[P25942]	0.030332	0			16			0.9	CD40	2023	1994
0.9		5263283	[]	[disease of anatomical entity (7)]	[Abnormality of the musculoskeletal system (33127)]	[Musculoskeletal Diseases (C05)]	[Disease or Syndrome (T047)]	Arthritis	disease	C0003864	[MESH_D001168, ICD10_M13.9, HPO_HP:0001369, NCI_C2883, DO_848, MONDO_0005578, EFO_0005856, UMLS_C0003864]					0.957	0.369	[ENSG00000101017]	958	protein-coding	[]	[]	[P25942]	0.030332	1			0			0.9	CD40		
0.7954545454545454		20287927	[]	[disease of anatomical entity (7)]	[Abnormality of the endocrine system (00818)]	[Endocrine System Diseases (C19), Eye Diseases (C11), Immune System Diseases (C20)]	[Disease or Syndrome (T047)]	Graves Disease	disease	C0018213	[MESH_D006111, OMIM_275000, NCI_C3071, HPO_HP:0100647, DO_12361, DO_7997, MONDO_0005364, MONDO_0100489, EFO_0004237, UMLS_C0018213]					0.957	0.369	[ENSG00000101017]	958	protein-coding	[]	[]	[P25942]	0.030332	0			0			0.85	CD40		
0.926829268292683		35055460	[]	[disease of anatomical entity (7), disease of cellular proliferation (14566)]	[Abnormality of blood and blood-forming tissues (01871), Neoplasm (02664)]	[Immune System Diseases (C20), Hemic and Lymphatic Diseases (C15), Neoplasms (C04), Cardiovascular Diseases (C14)]	[Neoplastic Process (T191)]	Multiple Myeloma	disease	C0026764	[MESH_D009101, ICD10_C90.0, OMIM_254500, HPO_HP:0006775, NCI_C3242, ICD9CM_203.0, ORDO_29073, DO_9538, MONDO_0009693, EFO_0001378, UMLS_C0026764]	Not applicable	1-9 / 100 000,1-9 / 100 000,1-5 / 10 000,1-9 / 100 000,1-9 / 100 000,1-9 / 100 000,1-9 / 100 000,1-9 / 100 000,1-9 / 100 000	United States,Worldwide,Europe,France,Europe,United States,Iran, Islamic Republic of,Australia,Denmark	Prevalence at birth,Annual incidence,Point prevalence,Annual incidence,Annual incidence,Annual incidence,Annual incidence,Annual incidence,Annual incidence	0.957	0.369	[ENSG00000101017]	958	protein-coding	[]	[]	[P25942]	0.030332	1			0			0.85	CD40		
0.8571428571428571		15174128	[]	[disease of anatomical entity (7)]	[Abnormality of the cardiovascular system (01626)]	[Cardiovascular Diseases (C14)]	[Disease or Syndrome (T047)]	Coronary Arteriosclerosis	disease	C0010054	[MESH_D003324, ICD10_I25.1, HPO_HP:0001677, NCI_C35505, ICD9CM_414.0, DO_13739, DO_3393, MONDO_0005010, MONDO_0021661, EFO_0001645, UMLS_C0010054]					0.957	0.377	[ENSG00000102245]	959	protein-coding	[DTO_05007599]	[Signaling]	[P29965]		0			1			0.85	CD40LG	2006	2006
0.8947368421052632		30418418	[]	[disease of cellular proliferation (14566)]	[Neoplasm (02664)]	[Skin and Connective Tissue Diseases (C17), Neoplasms (C04)]	[Neoplastic Process (T191)]	melanoma	disease	C0025202	[MESH_D008545, HPO_HP:0002861, NCI_C3224, DO_1909, DO_8923, MONDO_0005105, EFO_0000756, UMLS_C0025202]					0.957	0.369	[ENSG00000101017]	958	protein-coding	[]	[]	[P25942]	0.030332	1			0			0.85	CD40		
0.9333333333333333		35035712	[]	[disease of anatomical entity (7)]	[]	[Skin and Connective Tissue Diseases (C17), Hemic and Lymphatic Diseases (C15), Cardiovascular Diseases (C14)]	[Disease or Syndrome (T047)]	Mucocutaneous Lymph Node Syndrome	disease	C0026691	[MESH_D009080, ICD10_M30.3, OMIM_611775, ICD9CM_446.1, NCI_C34825, ORDO_2331, DO_13378, MONDO_0012727, EFO_0004246, UMLS_C0026691]	Multigenic/multifactorial				0.957	0.369	[ENSG00000101017]	958	protein-coding	[]	[]	[P25942]	0.030332	0			2			0.85	CD40	2012	2012
1.0		35055493	[]	[disease of anatomical entity (7), disease of cellular proliferation (14566)]	[Abnormality of blood and blood-forming tissues (01871), Neoplasm (02664)]	[Immune System Diseases (C20), Hemic and Lymphatic Diseases (C15), Neoplasms (C04), Cardiovascular Diseases (C14)]	[Neoplastic Process (T191)]	Multiple Myeloma	disease	C0026764	[MESH_D009101, ICD10_C90.0, OMIM_254500, HPO_HP:0006775, NCI_C3242, ICD9CM_203.0, ORDO_29073, DO_9538, MONDO_0009693, EFO_0001378, UMLS_C0026764]	Not applicable	1-9 / 100 000,1-9 / 100 000,1-5 / 10 000,1-9 / 100 000,1-9 / 100 000,1-9 / 100 000,1-9 / 100 000,1-9 / 100 000,1-9 / 100 000	United States,Worldwide,Europe,France,Europe,United States,Iran, Islamic Republic of,Australia,Denmark	Prevalence at birth,Annual incidence,Point prevalence,Annual incidence,Annual incidence,Annual incidence,Annual incidence,Annual incidence,Annual incidence	0.957	0.377	[ENSG00000102245]	959	protein-coding	[DTO_05007599]	[Signaling]	[P29965]		1			0			0.85	CD40LG		
0.875		40179307	[]	[disease of anatomical entity (7)]	[Abnormality of the immune system (02715), Abnormality of the integument (01574)]	[Skin and Connective Tissue Diseases (C17)]	[Disease or Syndrome (T047)]	Psoriasis	disease	C0033860	[MESH_D011565, ICD10_L40, ICD10_L40.9, HPO_HP:0003765, NCI_C3346, DO_4398, DO_8893, DO_9088, MONDO_0005083, EFO_0000676, UMLS_C0033860]					0.957	0.369	[ENSG00000101017]	958	protein-coding	[]	[]	[P25942]	0.030332	1			0			0.85	CD40		
0.967741935483871		45223011	[]	[disease of anatomical entity (7), disease of cellular proliferation (14566)]	[Abnormality of blood and blood-forming tissues (01871), Neoplasm (02664)]	[Immune System Diseases (C20), Neoplasms (C04), Hemic and Lymphatic Diseases (C15)]	[Neoplastic Process (T191)]	B-Cell Lymphomas	disease	C0079731	[MESH_D016393, NCI_C3457, HPO_HP:0012191, NCI_C27907, DO_707, MONDO_0004095, MONDO_0015759, EFO_0000096, EFO_1001938, UMLS_C0079731]		1-5 / 10 000	Europe	Annual incidence	0.957	0.369	[ENSG00000101017]	958	protein-coding	[]	[]	[P25942]	0.030332	0			0			0.8	CD40		
1.0		65004773	[]	[disease of anatomical entity (7)]	[]	[Immune System Diseases (C20), Hemic and Lymphatic Diseases (C15), Congenital, Hereditary, and Neonatal Diseases and Abnormalities (C16)]	[Disease or Syndrome (T047)]	Hyperimmunoglobulin M syndrome	disease	C0272236	[MESH_D053306, NCI_C3990, NCI_C84783, DO_0080544, MONDO_0003947, UMLS_C0272236]					0.957	0.369	[ENSG00000101017]	958	protein-coding	[]	[]	[P25942]	0.030332	0			0			0.8	CD40		
0.8235294117647058		5323578	[]	[disease of anatomical entity (7)]	[Abnormality of the respiratory system (02086), Abnormality of the immune system (02715)]	[Immune System Diseases (C20), Respiratory Tract Diseases (C08)]	[Disease or Syndrome (T047)]	Asthma	disease	C0004096	[ICD10_J45, MESH_D001249, ICD10_J45.9, HPO_HP:0002099, NCI_C28397, ICD9CM_493, ICD9CM_493.9, DO_2841, DO_9360, DO_9415, MONDO_0004979, UMLS_C0004096]					0.957	0.369	[ENSG00000101017]	958	protein-coding	[]	[]	[P25942]	0.030332	0			0			0.8	CD40		
1.0		45232347	[]	[disease of anatomical entity (7), disease of cellular proliferation (14566)]	[]	[Immune System Diseases (C20), Neoplasms (C04), Hemic and Lymphatic Diseases (C15)]	[Neoplastic Process (T191)]	Diffuse Large B-Cell Lymphoma	disease	C0079744	[MESH_D016403, ICD10_C83.3, NCI_C8851, ORDO_544, DO_0050745, MONDO_0018905, EFO_0000403, EFO_1000157, EFO_1000490, UMLS_C0079744]	Multigenic/multifactorial,Not applicable	1-5 / 10 000,1-9 / 100 000,1-9 / 100 000,1-9 / 1 000 000,1-9 / 1 000 000,1-9 / 100 000,1-9 / 100 000,1-9 / 100 000,1-9 / 100 000,1-9 / 100 000,1-9 / 100 000,1-9 / 100 000,1-9 / 100 000,1-9 / 100 000,1-9 / 100 000,1-9 / 100 000,1-9 / 100 000,1-9 / 100 000,1-9 / 100 000,1-9 / 100 000,1-9 / 100 000,1-9 / 100 000,1-9 / 100 000,1-9 / 100 000,1-9 / 100 000,1-9 / 100 000	Europe,France,Europe,Croatia,Latvia,Austria,Belgium,Bulgaria,Czech Republic,Estonia,Finland,Germany,Iceland,Ireland,Italy,Lithuania,Malta,Norway,Poland,Portugal,Slovakia,Slovenia,Spain,Switzerland,Netherlands,United Kingdom	Point prevalence,Annual incidence,Annual incidence,Annual incidence,Annual incidence,Annual incidence,Annual incidence,Annual incidence,Annual incidence,Annual incidence,Annual incidence,Annual incidence,Annual incidence,Annual incidence,Annual incidence,Annual incidence,Annual incidence,Annual incidence,Annual incidence,Annual incidence,Annual incidence,Annual incidence,Annual incidence,Annual incidence,Annual incidence,Annual incidence	0.957	0.369	[ENSG00000101017]	958	protein-coding	[]	[]	[P25942]	0.030332	0			0			0.8	CD40		
1.0		30294363	[]	[disease of anatomical entity (7), disease of cellular proliferation (14566)]	[]	[Immune System Diseases (C20), Neoplasms (C04), Hemic and Lymphatic Diseases (C15)]	[Neoplastic Process (T191)]	Lymphoma, Follicular	disease	C0024301	[MESH_D008224, ICD10_C82, ICD10_C82.9, HPO_HP:0033125, NCI_C3209, ICD9CM_202.0, ORDO_545, DO_0050873, MONDO_0018906, EFO_0000096, EFO_1000211, UMLS_C0024301]	Multigenic/multifactorial,Not applicable	1-5 / 10 000,1-9 / 100 000,1-9 / 100 000,1-9 / 1 000 000,1-9 / 1 000 000,1-9 / 1 000 000,1-9 / 1 000 000,1-9 / 1 000 000,1-9 / 1 000 000,1-9 / 100 000,1-9 / 100 000,1-9 / 100 000,1-9 / 100 000,1-9 / 100 000,1-9 / 100 000,1-9 / 100 000,1-9 / 100 000,1-9 / 100 000,1-9 / 100 000,1-9 / 100 000,1-9 / 100 000,1-9 / 100 000,1-9 / 100 000,1-9 / 100 000,1-9 / 100 000,1-9 / 100 000	Europe,France,Europe,Bulgaria,Estonia,Finland,Latvia,Lithuania,Poland,Austria,Belgium,Croatia,Czech Republic,Germany,Iceland,Ireland,Italy,Malta,Norway,Portugal,Slovakia,Slovenia,Spain,Switzerland,Netherlands,United Kingdom	Point prevalence,Annual incidence,Annual incidence,Annual incidence,Annual incidence,Annual incidence,Annual incidence,Annual incidence,Annual incidence,Annual incidence,Annual incidence,Annual incidence,Annual incidence,Annual incidence,Annual incidence,Annual incidence,Annual incidence,Annual incidence,Annual incidence,Annual incidence,Annual incidence,Annual incidence,Annual incidence,Annual incidence,Annual incidence,Annual incidence	0.957	0.369	[ENSG00000101017]	958	protein-coding	[]	[]	[P25942]	0.030332	0			0			0.8	CD40		
1.0		30270608	[]	[disease of anatomical entity (7)]	[]	[Immune System Diseases (C20), Skin and Connective Tissue Diseases (C17), Urogenital Diseases (C12)]	[Disease or Syndrome (T047)]	Lupus Nephritis	disease	C0024143	[MESH_D008181, HPO_HP:0033726, NCI_C34789, DO_0080162, MONDO_0005556, EFO_0005761, UMLS_C0024143]					0.957	0.377	[ENSG00000102245]	959	protein-coding	[DTO_05007599]	[Signaling]	[P29965]		0			0			0.8	CD40LG		
0.873015873015873		65004837	[]	[disease of anatomical entity (7)]	[]	[Immune System Diseases (C20), Hemic and Lymphatic Diseases (C15), Congenital, Hereditary, and Neonatal Diseases and Abnormalities (C16)]	[Disease or Syndrome (T047)]	Hyperimmunoglobulin M syndrome	disease	C0272236	[MESH_D053306, NCI_C3990, NCI_C84783, DO_0080544, MONDO_0003947, UMLS_C0272236]					0.957	0.377	[ENSG00000102245]	959	protein-coding	[DTO_05007599]	[Signaling]	[P29965]		0			1			0.75	CD40LG	2016	2016
0.8378378378378378		70293545	[]	[disease of anatomical entity (7), genetic disease (630)]	[]	[Immune System Diseases (C20), Congenital, Hereditary, and Neonatal Diseases and Abnormalities (C16), Hemic and Lymphatic Diseases (C15)]	[Disease or Syndrome (T047)]	Hyper-IgM Immunodeficiency Syndrome, Type 1	disease	C0398689	[MESH_D053307, OMIM_308230, OMIM_300386, NCI_C158531, ORDO_101088, DO_0060022, DO_6620, MONDO_0003947, MONDO_0010626, UMLS_C0398689]	X-linked recessive				0.957	0.369	[ENSG00000101017]	958	protein-coding	[]	[]	[P25942]	0.030332	0			1			0.75	CD40	1993	1993
1.0		35297460	[]	[disease of metabolism (0014667)]	[Growth abnormality (01507)]	[Nutritional and Metabolic Diseases (C18), Pathological Conditions, Signs and Symptoms (C23)]	[Disease or Syndrome (T047)]	Obesity	disease	C0028754	[ICD10_E66, MESH_D009765, ICD10_E66.9, OMIM_601665, ICD9CM_278.00, HPO_HP:0001513, NCI_C159658, NCI_C3283, DO_9970, MONDO_0011122, MONDO_0019182, EFO_0001073, UMLS_C0028754]					0.957	0.369	[ENSG00000101017]	958	protein-coding	[]	[]	[P25942]	0.030332	0			1			0.75	CD40	2018	2018
0.9473684210526315		30301528	[]	[disease of anatomical entity (7), disease of cellular proliferation (14566)]	[Neoplasm (02664), Abnormality of blood and blood-forming tissues (01871)]	[Immune System Diseases (C20), Neoplasms (C04), Hemic and Lymphatic Diseases (C15)]	[Neoplastic Process (T191)]	Lymphoma, Non-Hodgkin	disease	C0024305	[MESH_D008228, ICD10_C85.9, ICD10_C83.1, NCI_C3211, OMIM_191170, HPO_HP:0012539, ORDO_547, ORDO_52416, DO_0060058, DO_0060060, DO_2571, DO_8538, MONDO_0018908, EFO_0000574, EFO_0005287, EFO_0005952, EFO_1001469, UMLS_C0024305]		1-5 / 10 000	Europe	Annual incidence	0.957	0.369	[ENSG00000101017]	958	protein-coding	[]	[]	[P25942]	0.030332	0			0			0.75	CD40		
0.9375		25121384	[]	[disease of anatomical entity (7), disease of cellular proliferation (14566)]	[Abnormality of blood and blood-forming tissues (01871), Neoplasm (02664)]	[Neoplasms (C04), Hemic and Lymphatic Diseases (C15), Immune System Diseases (C20)]	[Neoplastic Process (T191)]	Hodgkin Disease	disease	C0019829	[MESH_D006689, ICD10_C81, ICD10_C81.9, NCI_C9357, OMIM_236000, OMIM_613169, HPO_HP:0012189, NCI_C6914, NCI_C26956, ICD9CM_201.1, ICD9CM_201.0, ICD9CM_201.9, ICD9CM_201, ORDO_391, ORDO_98293, DO_8543, DO_8567, DO_8628, DO_8642, DO_8654, MONDO_0004952, MONDO_0009348, EFO_0000183, UMLS_C0019829]	Multigenic/multifactorial	1-9 / 100 000,1-5 / 10 000,1-9 / 100 000	Europe,Europe,United States	Annual incidence,Lifetime Prevalence,Annual incidence	0.957	0.369	[ENSG00000101017]	958	protein-coding	[]	[]	[P25942]	0.030332	0			1			0.75	CD40	1995	1995
0.75		70292268	[]	[disease of anatomical entity (7)]	[Abnormality of blood and blood-forming tissues (01871), Abnormality of the immune system (02715)]	[Immune System Diseases (C20), Hemic and Lymphatic Diseases (C15), Pathological Conditions, Signs and Symptoms (C23)]	[Disease or Syndrome (T047)]	Immune thrombocytopenic purpura	disease	C0398650	[MESH_D016553, ICD10_D69.3, OMIM_188030, NCI_C3446, ICD9CM_287.31, HPO_HP:0001973, ORDO_3002, DO_8924, MONDO_0008558, EFO_0007160, UMLS_C0398650]	Not applicable	1-5 / 10 000,1-9 / 100 000,1-9 / 100 000,1-9 / 100 000,1-5 / 10 000,1-9 / 100 000	Europe,United States,United Kingdom,Denmark,Denmark,France	Point prevalence,Point prevalence,Annual incidence,Annual incidence,Point prevalence,Annual incidence	0.957	0.377	[ENSG00000102245]	959	protein-coding	[DTO_05007599]	[Signaling]	[P29965]		0			0			0.75	CD40LG		
0.9090909090909091		10205323	[]	[disease of anatomical entity (7), disease of cellular proliferation (14566)]	[Abnormality of blood and blood-forming tissues (01871), Neoplasm (02664)]	[Immune System Diseases (C20), Neoplasms (C04), Infections (C01), Hemic and Lymphatic Diseases (C15)]	[Neoplastic Process (T191)]	Burkitt Lymphoma	disease	C0006413	[MESH_D002051, ICD10_C83.7, OMIM_113970, NCI_C2912, HPO_HP:0030080, ICD9CM_200.2, ORDO_543, DO_8584, MONDO_0007243, EFO_0000309, UMLS_C0006413]	Not applicable	1-9 / 1 000 000,1-5 / 10 000,1-9 / 1 000 000	Europe,Africa,United States	Annual incidence,Point prevalence,Point prevalence	0.957	0.369	[ENSG00000101017]	958	protein-coding	[]	[]	[P25942]	0.030332	0			0			0.75	CD40		
1.0		50107157	[]	[disease of anatomical entity (7)]	[]	[Cardiovascular Diseases (C14)]	[Disease or Syndrome (T047)]	Myocardial Ischemia	disease	C0151744	[MESH_D017202, ICD10_I20-I25.9, NCI_C50625, ICD9CM_410-414.99, DO_3393, MONDO_0005010, MONDO_0024644, EFO_0001645, EFO_1001375, UMLS_C0151744]					0.957	0.377	[ENSG00000102245]	959	protein-coding	[DTO_05007599]	[Signaling]	[P29965]		4			1			0.75	CD40LG	2006	2006
0.9230769230769231		10157491	[]	[disease of anatomical entity (7), disease of cellular proliferation (14566)]	[]	[Skin and Connective Tissue Diseases (C17), Neoplasms (C04)]	[Neoplastic Process (T191)]	Malignant neoplasm of breast	disease	C0006142	[MESH_D001943, ICD10_C50, ICD10_C50-C50.9, ICD10_C50.9, OMIM_114480, NCI_C9335, DO_1612, DO_3459, MONDO_0016419, MONDO_0007254, MONDO_0021100, EFO_0000305, EFO_0003869, UMLS_C0006142]					0.826	0.511	[ENSG00000104856]	5971	protein-coding	[DTO_05007542]	[Transcription factor]	[Q01201]	0.9693	0			0			0.75	RELB		
1.0		105239945	[]	[disease of anatomical entity (7), genetic disease (630)]	[]	[Immune System Diseases (C20)]	[Disease or Syndrome (T047)]	IMMUNODEFICIENCY, COMMON VARIABLE, 8, WITH AUTOIMMUNITY	disease	C3553512	[OMIM_614700, OMIM_606453, NCI_C176809, ORDO_445018, DO_0081151, MONDO_0013863, UMLS_C3553512]	Autosomal recessive	<1 / 1 000 000	Worldwide	Point prevalence	0.87	0.515	[ENSG00000198589]	987	protein-coding	[]	[]	[P50851]	0.0091929	0			58			0.7	LRBA	2022	2012
1.0		110211673	[]	[disease of anatomical entity (7), genetic disease (630)]	[]	[]	[Disease or Syndrome (T047)]	IMMUNODEFICIENCY 53	disease	C4539811	[OMIM_617585, OMIM_604758, ORDO_688594, DO_0111992, MONDO_0054696, UMLS_C4539811]					0.826	0.511	[ENSG00000104856]	5971	protein-coding	[DTO_05007542]	[Transcription factor]	[Q01201]	0.9693	0			7			0.7	RELB	2024	1995
1.0	Definitive	105116790	[]	[]	[]	[Immune System Diseases (C20), Congenital, Hereditary, and Neonatal Diseases and Abnormalities (C16)]	[Disease or Syndrome (T047)]	C1q DEFICIENCY 1	disease	C3150902	[OMIM_613652, NCI_C119990, OMIM_120550, MONDO_0013343, MONDO_0958182, UMLS_C3150902]					0.87	0.592	[ENSG00000173369]	713	protein-coding	[]	[]	[P02746]	0.24867	0			9			0.65	C1QB	2015	1988
0.8571428571428571		40293602	[]	[disease of mental health (150)]	[Abnormality of the nervous system (00707)]	[Mental Disorders (F03)]	[Mental or Behavioral Dysfunction (T048)]	Schizophrenia	disease	C0036341	[MESH_D012559, ICD10_F20, ICD10_F20.9, OMIM_181500, ICD9CM_295.90, HPO_HP:0100753, NCI_C3362, ICD9CM_295.9, ICD9CM_295, DO_5419, MONDO_0005090, UMLS_C0036341]					0.87	0.484	[ENSG00000171608]	5293	protein-coding	[DTO_03300101]	[Kinase]	[O00329]	1.0	0			0			0.65	PIK3CD		
0.8333333333333334		70082327	[]	[disease of anatomical entity (7), disease of cellular proliferation (14566)]	[]	[Neoplasms (C04), Digestive System Diseases (C06)]	[Neoplastic Process (T191)]	Malignant neoplasm of large intestine	disease	C0346629	[NCI_C4978, DO_9256, DO_5672, MONDO_0005575, UMLS_C0346629]					0.87	0.484	[ENSG00000171608]	5293	protein-coding	[DTO_03300101]	[Kinase]	[O00329]	1.0	0			0			0.65	PIK3CD		
1.0		105116800	[]	[]	[]	[Immune System Diseases (C20), Congenital, Hereditary, and Neonatal Diseases and Abnormalities (C16)]	[Disease or Syndrome (T047)]	C1q DEFICIENCY 1	disease	C3150902	[OMIM_613652, NCI_C119990, OMIM_120550, MONDO_0013343, MONDO_0958182, UMLS_C3150902]					0.826	0.588	[ENSG00000159189]	714	protein-coding	[]	[]	[P02747]	0.017695	0			4			0.6	C1QC	2015	1993
1.0		30308579	[]	[disease of anatomical entity (7)]	[Abnormality of the eye (00478)]	[Eye Diseases (C11)]	[Disease or Syndrome (T047)]	Macular degeneration	disease	C0024437	[MESH_D008268, OMIM_607643, OMIM_607921, HPO_HP:0000608, NCI_C123330, DO_10871, DO_4448, MONDO_0003004, EFO_0001365, EFO_0009606, UMLS_C0024437]					0.87	0.46	[ENSG00000166278]	717	protein-coding	[]	[]	[P06681]		2			1			0.6	C2	2006	2006
1.0		40177534	[]	[disease of anatomical entity (7)]	[Abnormality of the immune system (02715), Abnormality of the integument (01574)]	[Skin and Connective Tissue Diseases (C17)]	[Disease or Syndrome (T047)]	Psoriasis	disease	C0033860	[MESH_D011565, ICD10_L40, ICD10_L40.9, HPO_HP:0003765, NCI_C3346, DO_4398, DO_8893, DO_9088, MONDO_0005083, EFO_0000676, UMLS_C0033860]					0.87	0.46	[ENSG00000166278]	717	protein-coding	[]	[]	[P06681]		0			0			0.6	C2		
0.6666666666666666		45228179	[]	[disease of anatomical entity (7), disease of cellular proliferation (14566)]	[]	[Immune System Diseases (C20), Neoplasms (C04), Hemic and Lymphatic Diseases (C15)]	[Neoplastic Process (T191)]	Diffuse Large B-Cell Lymphoma	disease	C0079744	[MESH_D016403, ICD10_C83.3, NCI_C8851, ORDO_544, DO_0050745, MONDO_0018905, EFO_0000403, EFO_1000157, EFO_1000490, UMLS_C0079744]	Multigenic/multifactorial,Not applicable	1-5 / 10 000,1-9 / 100 000,1-9 / 100 000,1-9 / 1 000 000,1-9 / 1 000 000,1-9 / 100 000,1-9 / 100 000,1-9 / 100 000,1-9 / 100 000,1-9 / 100 000,1-9 / 100 000,1-9 / 100 000,1-9 / 100 000,1-9 / 100 000,1-9 / 100 000,1-9 / 100 000,1-9 / 100 000,1-9 / 100 000,1-9 / 100 000,1-9 / 100 000,1-9 / 100 000,1-9 / 100 000,1-9 / 100 000,1-9 / 100 000,1-9 / 100 000,1-9 / 100 000	Europe,France,Europe,Croatia,Latvia,Austria,Belgium,Bulgaria,Czech Republic,Estonia,Finland,Germany,Iceland,Ireland,Italy,Lithuania,Malta,Norway,Poland,Portugal,Slovakia,Slovenia,Spain,Switzerland,Netherlands,United Kingdom	Point prevalence,Annual incidence,Annual incidence,Annual incidence,Annual incidence,Annual incidence,Annual incidence,Annual incidence,Annual incidence,Annual incidence,Annual incidence,Annual incidence,Annual incidence,Annual incidence,Annual incidence,Annual incidence,Annual incidence,Annual incidence,Annual incidence,Annual incidence,Annual incidence,Annual incidence,Annual incidence,Annual incidence,Annual incidence,Annual incidence	0.87	0.484	[ENSG00000171608]	5293	protein-coding	[DTO_03300101]	[Kinase]	[O00329]	1.0	0			1			0.6	PIK3CD	2011	2011
1.0		20258888	[]	[disease of anatomical entity (7)]	[Abnormality of the genitourinary system (00119)]	[Urogenital Diseases (C12), Immune System Diseases (C20)]	[Disease or Syndrome (T047)]	IGA Glomerulonephritis	disease	C0017661	[MESH_D005922, NCI_C34643, OMIM_161950, HPO_HP:0000794, NCI_C35280, ORDO_34145, DO_2986, MONDO_0005342, EFO_0004194, UMLS_C0017661]					0.87	0.592	[ENSG00000173369]	713	protein-coding	[]	[]	[P02746]	0.24867	0			1			0.6	C1QB	2014	2014
1.0		115229145	[]	[]	[]	[]	[Disease or Syndrome (T047)]	IMMUNODEFICIENCY 14B, AUTOSOMAL RECESSIVE	disease	C5543301	[OMIM_619281, OMIM_602839, MONDO_0023655, UMLS_C5543301]					0.87	0.484	[ENSG00000171608]	5293	protein-coding	[DTO_03300101]	[Kinase]	[O00329]	1.0	0			16			0.55	PIK3CD	2020	1997
1.0		5142312	[]	[disease of anatomical entity (7), genetic disease (630)]	[Abnormality of the nervous system (00707)]	[Mental Disorders (F03), Nervous System Diseases (C10)]	[Disease or Syndrome (T047)]	Alzheimer's Disease	disease	C0002395	[MESH_D000544, ICD10_G30, ICD10_G30.9, NCI_C2866, OMIM_104300, ICD9CM_331.0, OMIM_516000, HPO_HP:0002511, DO_10652, DO_11870, DO_0110035, DO_0110037, DO_0110038, DO_0110039, DO_0110041, DO_0110043, DO_0110044, DO_0110045, DO_0110046, DO_0110047, DO_0110048, MONDO_0007089, MONDO_0004975, MONDO_0011401, MONDO_0011561, MONDO_0011647, MONDO_0011777, MONDO_0012321, MONDO_0012344, MONDO_0012609, MONDO_0012630, MONDO_0012631, MONDO_0011194, UMLS_C0002395]					0.87	0.46	[ENSG00000166278]	717	protein-coding	[]	[]	[P06681]		0			0			0.55	C2		
1.0		100332891	[]	[]	[]	[Musculoskeletal Diseases (C05), Pathological Conditions, Signs and Symptoms (C23), Eye Diseases (C11), Immune System Diseases (C20), Nervous System Diseases (C10), Congenital, Hereditary, and Neonatal Diseases and Abnormalities (C16), Mental Disorders (F03)]	[Disease or Syndrome (T047)]	Roifman-Chitayat Syndrome	disease	C2750068	[OMIM_613328, MESH_C567641, ORDO_221139, MONDO_0013226, UMLS_C2750068]		<1 / 1 000 000	Worldwide	Point prevalence	0.87	0.484	[ENSG00000171608]	5293	protein-coding	[DTO_03300101]	[Kinase]	[O00329]	1.0	0			9			0.5	PIK3CD	2020	2006
1.0		115301544	[]	[]	[]	[]	[Disease or Syndrome (T047)]	C1q DEFICIENCY 3	disease	C5830423	[OMIM_620322, OMIM_120575, MONDO_0958188, UMLS_C5830423]					0.826	0.588	[ENSG00000159189]	714	protein-coding	[]	[]	[P02747]	0.017695	0			3			0.5	C1QC	2014	1981
1.0		115301537	[]	[]	[]	[]	[Disease or Syndrome (T047)]	C1q DEFICIENCY 2	disease	C5830422	[OMIM_620321, OMIM_120570, MONDO_0958187, UMLS_C5830422]					0.87	0.592	[ENSG00000173369]	713	protein-coding	[]	[]	[P02746]	0.24867	0			3			0.5	C1QB	2013	1988
0.5		30193566	[]	[disease of anatomical entity (7)]	[Abnormality of the digestive system (25031)]	[Digestive System Diseases (C06), Pathological Conditions, Signs and Symptoms (C23)]	[Disease or Syndrome (T047)]	Liver Cirrhosis	disease	C0023890	[MESH_D008103, HPO_HP:0001394, NCI_C2951, DO_5082, MONDO_0005155, EFO_0001422, UMLS_C0023890]					0.87	0.592	[ENSG00000173369]	713	protein-coding	[]	[]	[P02746]	0.24867	0			1			0.5	C1QB	2016	2016
1.0		40299239	[]	[disease of mental health (150)]	[Abnormality of the nervous system (00707)]	[Mental Disorders (F03)]	[Mental or Behavioral Dysfunction (T048)]	Schizophrenia	disease	C0036341	[MESH_D012559, ICD10_F20, ICD10_F20.9, OMIM_181500, ICD9CM_295.90, HPO_HP:0100753, NCI_C3362, ICD9CM_295.9, ICD9CM_295, DO_5419, MONDO_0005090, UMLS_C0036341]					0.87	0.592	[ENSG00000173369]	713	protein-coding	[]	[]	[P02746]	0.24867	0			1			0.5	C1QB	2011	2011
1.0		10194695	[]	[disease of anatomical entity (7), disease of cellular proliferation (14566)]	[]	[Skin and Connective Tissue Diseases (C17), Neoplasms (C04)]	[Neoplastic Process (T191)]	Malignant neoplasm of breast	disease	C0006142	[MESH_D001943, ICD10_C50, ICD10_C50-C50.9, ICD10_C50.9, OMIM_114480, NCI_C9335, DO_1612, DO_3459, MONDO_0016419, MONDO_0007254, MONDO_0021100, EFO_0000305, EFO_0003869, UMLS_C0006142]					0.87	0.515	[ENSG00000198589]	987	protein-coding	[]	[]	[P50851]	0.0091929	0			0			0.5	LRBA		
		70294739	[]	[disease of anatomical entity (7)]	[]	[Immune System Diseases (C20), Congenital, Hereditary, and Neonatal Diseases and Abnormalities (C16)]	[Disease or Syndrome (T047)]	Classical complement pathway abnormality	disease	C0398750	[ORDO_169147, DO_0060295, DO_0060297, DO_0060298, MONDO_0013720, MONDO_0015699, MONDO_0009006, UMLS_C0398750]					0.87	0.46	[ENSG00000166278]	717	protein-coding	[]	[]	[P06681]		0			0			0.5	C2		
1.0		15298487	[]	[disease of anatomical entity (7)]	[]	[Skin and Connective Tissue Diseases (C17), Musculoskeletal Diseases (C05), Nervous System Diseases (C10)]	[Disease or Syndrome (T047)]	Dermatomyositis	disease	C0011633	[MESH_D003882, ICD10_M33, ICD10_M33.9, ICD9CM_710.3, NCI_C197520, NCI_C26744, ORDO_221, DO_10223, DO_14203, MONDO_0016367, EFO_0000398, UMLS_C0011633]	Not applicable	1-9 / 1 000 000,1-9 / 100 000,1-9 / 1 000 000,1-5 / 10 000,1-9 / 1 000 000,1-9 / 100 000,1-5 / 10 000,1-9 / 100 000,1-9 / 1 000 000,1-9 / 100 000,1-9 / 100 000,1-5 / 10 000,1-9 / 100 000,1-9 / 100 000	Australia,Australia,Argentina,Argentina,Spain,United States,United States,Norway,Sweden,Sweden,Germany,Germany,Worldwide,Worldwide	Annual incidence,Point prevalence,Annual incidence,Point prevalence,Annual incidence,Annual incidence,Point prevalence,Point prevalence,Annual incidence,Point prevalence,Annual incidence,Point prevalence,Annual incidence,Point prevalence	0.87	0.46	[ENSG00000166278]	717	protein-coding	[]	[]	[P06681]		0			1			0.45	C2	1987	1987
1.0		20048215	[]	[disease of anatomical entity (7), disease of cellular proliferation (14566)]	[]	[Urogenital Diseases (C12), Neoplasms (C04)]	[Neoplastic Process (T191)]	Endometrial Neoplasms	disease	C0014170	[MESH_D016889, NCI_C3012, DO_1380, DO_2871, MONDO_0011962, MONDO_0021251, EFO_0004230, UMLS_C0014170]					0.87	0.484	[ENSG00000171608]	5293	protein-coding	[DTO_03300101]	[Kinase]	[O00329]	1.0	0			0			0.45	PIK3CD		
1.0		15137759	[]	[disease of anatomical entity (7), disease of cellular proliferation (14566)]	[Abnormality of the digestive system (25031), Neoplasm (02664)]	[Digestive System Diseases (C06), Neoplasms (C04)]	[Neoplastic Process (T191)]	Colorectal Neoplasms	disease	C0009404	[MESH_D015179, NCI_C2956, HPO_HP:0100834, DO_0080199, DO_9256, MONDO_0005335, MONDO_0005575, EFO_0004142, UMLS_C0009404]					0.87	0.484	[ENSG00000171608]	5293	protein-coding	[DTO_03300101]	[Kinase]	[O00329]	1.0	0			0			0.45	PIK3CD		
1.0		10270487	[]	[disease of anatomical entity (7), disease of cellular proliferation (14566)]	[]	[Urogenital Diseases (C12), Neoplasms (C04)]	[Neoplastic Process (T191)]	Malignant neoplasm of endometrium	disease	C0007103	[ICD10_C54.1, NCI_C27815, DO_1380, MONDO_0011962, EFO_0004230, EFO_1000919, UMLS_C0007103]					0.87	0.484	[ENSG00000171608]	5293	protein-coding	[DTO_03300101]	[Kinase]	[O00329]	1.0	0			0			0.45	PIK3CD		
		105305391	[]	[disease of anatomical entity (7), genetic disease (630)]	[]	[]	[Disease or Syndrome (T047)]	MACULAR DEGENERATION, AGE-RELATED, 14	disease	C3809653	[OMIM_615489, DO_0110026, MONDO_0014207, EFO_0001365, UMLS_C3809653]					0.87	0.46	[ENSG00000166278]	717	protein-coding	[]	[]	[P06681]		0			0			0.45	C2		
		100342329	[]	[disease of anatomical entity (7)]	[]	[]	[Disease or Syndrome (T047)]	C1 esterase inhibitor [C1-INH] deficiency	disease	C2873848	[DO_0060295, DO_0060297, DO_0060298, DO_0060299, DO_0060300, DO_0060301, DO_0060302, DO_0060303, DO_626, MONDO_0013421, MONDO_0013422, MONDO_0013445, MONDO_0013720, MONDO_0009006, UMLS_C2873848]					0.87	0.46	[ENSG00000166278]	717	protein-coding	[]	[]	[P06681]		0			0			0.45	C2		
		65004913	[]	[disease of anatomical entity (7)]	[]	[Immune System Diseases (C20), Congenital, Hereditary, and Neonatal Diseases and Abnormalities (C16)]	[Disease or Syndrome (T047)]	Complement Deficiencies	disease	C0272242	[ICD10_D84.1, MESH_D000081208, NCI_C4691, ORDO_101992, DO_0060295, DO_0060297, DO_0060298, DO_0060299, DO_0060300, DO_0060301, DO_0060302, DO_0060303, DO_626, MONDO_0003832, MONDO_0013421, MONDO_0013422, MONDO_0013445, MONDO_0013720, MONDO_0009006, UMLS_C0272242]					0.87	0.46	[ENSG00000166278]	717	protein-coding	[]	[]	[P06681]		0			0			0.45	C2		
		105112565	[]	[disease of anatomical entity (7)]	[]	[Immune System Diseases (C20), Congenital, Hereditary, and Neonatal Diseases and Abnormalities (C16)]	[Disease or Syndrome (T047)]	COMPLEMENT COMPONENT 2 DEFICIENCY	disease	C3150275	[OMIM_217000, NCI_C119992, DO_0060295, MONDO_0009006, UMLS_C3150275]					0.87	0.46	[ENSG00000166278]	717	protein-coding	[]	[]	[P06681]		0			0			0.45	C2		
1.0		105349230	[]	[disease of anatomical entity (7), genetic disease (630)]	[]	[]	[Disease or Syndrome (T047)]	MICROPHTHALMIA/COLOBOMA AND SKELETAL DYSPLASIA SYNDROME	disease	C4014540	[OMIM_615877, OMIM_604357, ORDO_424099, DO_0111802, MONDO_0014380, UMLS_C4014540]					0.87	0.515	[ENSG00000198589]	987	protein-coding	[]	[]	[P50851]	0.0091929	0			4			0.4	LRBA	2021	2014
1.0		110024382	[]	[]	[Abnormality of the immune system (02715)]	[]	[Pathologic Function (T046)]	Immunological abnormality	phenotype	C4021753	[HPO_HP:0002715, UMLS_C4021753]					0.87	0.484	[ENSG00000171608]	5293	protein-coding	[DTO_03300101]	[Kinase]	[O00329]	1.0	0			2			0.4	PIK3CD	2016	2014
"0.9243697478991597"	""	"30096880"	"[]"	"[disease of anatomical entity (7), disease of cellular proliferation (14566)]"	"[Neoplasm (02664), Abnormality of blood and blood-forming tissues (01871), Abnormality of the immune system (02715)]"	"[Immune System Diseases (C20), Neoplasms (C04), Hemic and Lymphatic Diseases (C15)]"	"[Neoplastic Process (T191)]"	"Acute lymphocytic leukemia"	"disease"	"C0023449"	"[ICD10_C91.0, NCI_C3167, HPO_HP:0006721, ICD9CM_204.0, ORDO_513, DO_9952, MONDO_0004967, EFO_0000220, EFO_1001830, UMLS_C0023449]"	""	""	""	""	"0.87"	"0.474"	"[ENSG00000185811]"	"10320"	"protein-coding"	"[DTO_05007542]"	"[Transcription factor]"	"[Q13422]"	"1.0"	"0"	""	""	"4"	""	""	"1.0"	"IKZF1"	"2019"	"2009"
"0.8"	""	"30276340"	"[]"	"[disease of anatomical entity (7), disease of cellular proliferation (14566)]"	"[Neoplasm (02664), Abnormality of blood and blood-forming tissues (01871)]"	"[Immune System Diseases (C20), Neoplasms (C04), Hemic and Lymphatic Diseases (C15)]"	"[Neoplastic Process (T191)]"	"Lymphoma"	"disease"	"C0024299"	"[MESH_D008223, NCI_C3208, HPO_HP:0002665, ORDO_223735, DO_0060058, DO_0060060, MONDO_0005062, EFO_0000574, UMLS_C0024299]"	""	""	""	""	"0.87"	"0.474"	"[ENSG00000185811]"	"10320"	"protein-coding"	"[DTO_05007542]"	"[Transcription factor]"	"[Q13422]"	"1.0"	"1"	""	""	"1"	""	""	"0.85"	"IKZF1"	"2002"	"2002"
"0.8125"	"Moderate"	"5375503"	"[]"	"[]"	"[Abnormality of the immune system (02715)]"	"[Immune System Diseases (C20)]"	"[Disease or Syndrome (T047)]"	"Autoimmune Diseases"	"disease"	"C0004364"	"[MESH_D001327, OMIM_109100, HPO_HP:0002960, NCI_C2889, DO_417, MONDO_0007179, EFO_0000540, EFO_0005140, EFO_0005809, UMLS_C0004364]"	""	""	""	""	"0.87"	"0.474"	"[ENSG00000185811]"	"10320"	"protein-coding"	"[DTO_05007542]"	"[Transcription factor]"	"[Q13422]"	"1.0"	"0"	""	""	"3"	""	""	"0.8"	"IKZF1"	"2022"	"1986"
"0.9583333333333334"	""	"70039015"	"[]"	"[disease of anatomical entity (7), disease of cellular proliferation (14566)]"	"[]"	"[Neoplasms (C04), Digestive System Diseases (C06)]"	"[Neoplastic Process (T191)]"	"Malignant neoplasm of large intestine"	"disease"	"C0346629"	"[NCI_C4978, DO_9256, DO_5672, MONDO_0005575, UMLS_C0346629]"	""	""	""	""	"0.87"	"0.474"	"[ENSG00000185811]"	"10320"	"protein-coding"	"[DTO_05007542]"	"[Transcription factor]"	"[Q13422]"	"1.0"	"0"	""	""	"0"	""	""	"0.75"	"IKZF1"	""	""
"1.0"	""	"65052070"	"[]"	"[disease of anatomical entity (7), disease of cellular proliferation (14566)]"	"[Abnormality of blood and blood-forming tissues (01871), Neoplasm (02664), Abnormality of the immune system (02715)]"	"[Pathological Conditions, Signs and Symptoms (C23), Hemic and Lymphatic Diseases (C15), Neoplasms (C04)]"	"[Neoplastic Process (T191)]"	"Philadelphia chromosome positive chronic myelogenous leukemia"	"disease"	"C0279543"	"[MESH_D015464, ICD10_C92.1, OMIM_608232, NCI_C9128, HPO_HP:0005506, ICD9CM_205.1, ORDO_521, DO_0081088, DO_8552, MONDO_0011996, EFO_0000339, UMLS_C0279543]"	"Not applicable"	"1-9 / 100 000,1-9 / 100 000,1-9 / 100 000,1-9 / 100 000,1-9 / 100 000"	"Europe,France,Europe,Europe,United States"	"Annual incidence,Annual incidence,Point prevalence,Lifetime Prevalence,Annual incidence"	"0.87"	"0.474"	"[ENSG00000185811]"	"10320"	"protein-coding"	"[DTO_05007542]"	"[Transcription factor]"	"[Q13422]"	"1.0"	"0"	""	""	"1"	""	""	"0.75"	"IKZF1"	"2014"	"2014"
"0.9166666666666666"	""	"15144025"	"[]"	"[disease of anatomical entity (7), genetic disease (630)]"	"[]"	"[Immune System Diseases (C20)]"	"[Disease or Syndrome (T047)]"	"Common Variable Immunodeficiency"	"disease"	"C0009447"	"[MESH_D017074, ICD10_D83, ICD10_D83.9, ICD9CM_279.06, OMIM_607594, ORDO_1572, DO_12177, MONDO_0015517, UMLS_C0009447]"	"Autosomal dominant,Autosomal recessive,Not applicable"	"1-9 / 100 000,1-9 / 100 000,1-9 / 1 000 000,1-9 / 1 000 000,1-9 / 1 000 000,1-9 / 1 000 000,1-9 / 1 000 000,1-9 / 1 000 000,1-9 / 1 000 000,<1 / 1 000 000,1-9 / 1 000 000"	"Specific population,Netherlands,France,Spain,Netherlands,United Kingdom,Italy,Germany,Turkey,Poland,Australia"	"Point prevalence,Annual incidence,Point prevalence,Point prevalence,Point prevalence,Point prevalence,Point prevalence,Point prevalence,Point prevalence,Point prevalence,Point prevalence"	"0.87"	"0.474"	"[ENSG00000185811]"	"10320"	"protein-coding"	"[DTO_05007542]"	"[Transcription factor]"	"[Q13422]"	"1.0"	"0"	""	""	"0"	""	""	"0.75"	"IKZF1"	""	""
"1.0"	""	"30250183"	"[]"	"[disease of anatomical entity (7)]"	"[Abnormality of the immune system (02715)]"	"[Immune System Diseases (C20), Skin and Connective Tissue Diseases (C17)]"	"[Disease or Syndrome (T047)]"	"Lupus Erythematosus, Systemic"	"disease"	"C0024141"	"[MESH_D008180, ICD10_M32, NCI_C3201, ICD10_M32.9, OMIM_152700, ICD9CM_710.0, HPO_HP:0002725, ORDO_536, DO_9074, MONDO_0007915, UMLS_C0024141]"	"Not applicable"	"1-5 / 10 000,6-9 / 10 000,1-5 / 10 000,1-5 / 10 000,1-5 / 10 000,1-5 / 10 000,1-5 / 10 000,1-5 / 10 000,1-9 / 100 000,1-5 / 10 000,6-9 / 10 000"	"France,Martinique,New Zealand,Korea, Republic of,United States,Taiwan, Province of China,Europe,Finland,Worldwide,Worldwide,Poland"	"Point prevalence,Point prevalence,Point prevalence,Point prevalence,Point prevalence,Point prevalence,Point prevalence,Point prevalence,Annual incidence,Point prevalence,Annual incidence"	"0.87"	"0.474"	"[ENSG00000185811]"	"10320"	"protein-coding"	"[DTO_05007542]"	"[Transcription factor]"	"[Q13422]"	"1.0"	"0"	""	""	"1"	""	""	"0.7"	"IKZF1"	"2009"	"2009"
"1.0"	""	"110108251"	"[]"	"[disease of anatomical entity (7), genetic disease (630)]"	"[]"	"[]"	"[Disease or Syndrome (T047)]"	"IMMUNODEFICIENCY, COMMON VARIABLE, 13"	"disease"	"C4225173"	"[OMIM_616873, OMIM_603023, ORDO_317473, DO_0081155, MONDO_0014810, UMLS_C4225173]"	""	""	""	""	"0.87"	"0.474"	"[ENSG00000185811]"	"10320"	"protein-coding"	"[DTO_05007542]"	"[Transcription factor]"	"[Q13422]"	"1.0"	"0"	""	""	"12"	""	""	"0.7"	"IKZF1"	"2019"	"1995"
"1.0"	""	"80087058"	"[]"	"[disease of anatomical entity (7), disease of cellular proliferation (14566)]"	"[]"	"[Immune System Diseases (C20), Hemic and Lymphatic Diseases (C15), Neoplasms (C04)]"	"[Neoplastic Process (T191)]"	"Lymphoid neoplasm (morphologic abnormality)"	"disease"	"C0598798"	"[NCI_C7065, DO_0060058, MONDO_0005157, MONDO_0005062, EFO_0000574, EFO_0001642, UMLS_C0598798]"	""	""	""	""	"0.87"	"0.474"	"[ENSG00000185811]"	"10320"	"protein-coding"	"[DTO_05007542]"	"[Transcription factor]"	"[Q13422]"	"1.0"	"0"	""	""	"1"	""	""	"0.65"	"IKZF1"	"2002"	"2002"
"0.8888888888888888"	""	"25257818"	"[]"	"[disease of anatomical entity (7)]"	"[Abnormality of the immune system (02715)]"	"[Immune System Diseases (C20)]"	"[Disease or Syndrome (T047)]"	"Immunologic Deficiency Syndromes"	"disease"	"C0021051"	"[MESH_D007153, ICD10_D84.9, NCI_C39725, ICD9CM_279.3, HPO_HP:0002721, NCI_C3131, DO_612, MONDO_0003778, MONDO_0021094, UMLS_C0021051]"	""	""	""	""	"0.87"	"0.474"	"[ENSG00000185811]"	"10320"	"protein-coding"	"[DTO_05007542]"	"[Transcription factor]"	"[Q13422]"	"1.0"	"0"	""	""	"0"	""	""	"0.65"	"IKZF1"	""	""
"1.0"	""	"45028596"	"[]"	"[disease of anatomical entity (7)]"	"[]"	"[Skin and Connective Tissue Diseases (C17), Chemically-Induced Disorders (C25), Stomatognathic Diseases (C07), Immune System Diseases (C20)]"	"[Disease or Syndrome (T047)]"	"Stevens-Johnson Syndrome"	"disease"	"C0038325"	"[MESH_D013262, ICD10_L51.1, ICD9CM_695.13, NCI_C79484, ORDO_36426, DO_0050426, MONDO_0018229, EFO_0004276, UMLS_C0038325]"	"Not applicable"	""	""	""	"0.87"	"0.474"	"[ENSG00000185811]"	"10320"	"protein-coding"	"[DTO_05007542]"	"[Transcription factor]"	"[Q13422]"	"1.0"	"0"	""	""	"1"	""	""	"0.6"	"IKZF1"	"2015"	"2015"
"1.0"	""	"15133128"	"[]"	"[disease of anatomical entity (7), disease of cellular proliferation (14566)]"	"[Abnormality of the digestive system (25031), Neoplasm (02664)]"	"[Digestive System Diseases (C06), Neoplasms (C04)]"	"[Neoplastic Process (T191)]"	"Colorectal Neoplasms"	"disease"	"C0009404"	"[MESH_D015179, NCI_C2956, HPO_HP:0100834, DO_0080199, DO_9256, MONDO_0005335, MONDO_0005575, EFO_0004142, UMLS_C0009404]"	""	""	""	""	"0.87"	"0.474"	"[ENSG00000185811]"	"10320"	"protein-coding"	"[DTO_05007542]"	"[Transcription factor]"	"[Q13422]"	"1.0"	"0"	""	""	"0"	""	""	"0.55"	"IKZF1"	""	""
"1.0"	""	"90188024"	"[]"	"[disease of anatomical entity (7), disease of cellular proliferation (14566)]"	"[]"	"[Neoplasms (C04)]"	"[Neoplastic Process (T191)]"	"Precursor Lymphoid Neoplasm"	"disease"	"C1335469"	"[NCI_C7055, DO_9952, MONDO_0003538, MONDO_0004967, EFO_0000220, EFO_0009119, UMLS_C1335469]"	""	""	""	""	"0.87"	"0.474"	"[ENSG00000185811]"	"10320"	"protein-coding"	"[DTO_05007542]"	"[Transcription factor]"	"[Q13422]"	"1.0"	"0"	""	""	"1"	""	""	"0.5"	"IKZF1"	"2009"	"2009"
"1.0"	""	"85135671"	"[]"	"[disease of anatomical entity (7), disease of cellular proliferation (14566)]"	"[]"	"[Immune System Diseases (C20), Neoplasms (C04), Hemic and Lymphatic Diseases (C15)]"	"[Neoplastic Process (T191)]"	"B lymphoblastic leukemia lymphoma"	"disease"	"C0862030"	"[NCI_C8936, DO_0080630, MONDO_0004947, EFO_0000094, UMLS_C0862030]"	""	""	""	""	"0.87"	"0.474"	"[ENSG00000185811]"	"10320"	"protein-coding"	"[DTO_05007542]"	"[Transcription factor]"	"[Q13422]"	"1.0"	"0"	""	""	"1"	""	""	"0.45"	"IKZF1"	"2013"	"2013"
"1.0"	""	"115273604"	"[]"	"[disease of anatomical entity (7), disease of cellular proliferation (14566)]"	"[]"	"[]"	"[Neoplastic Process (T191)]"	"B-ALL with t(9;22)(q34.1;q11.2)"	"disease"	"C5680319"	"[ORDO_585909, DO_0080643, MONDO_0035940, UMLS_C5680319]"	""	""	""	""	"0.87"	"0.474"	"[ENSG00000185811]"	"10320"	"protein-coding"	"[DTO_05007542]"	"[Transcription factor]"	"[Q13422]"	"1.0"	"0"	""	""	"4"	""	""	"0.4"	"IKZF1"	"2013"	"2008"
"1.0"	""	"115151347"	"[]"	"[]"	"[]"	"[Hemic and Lymphatic Diseases (C15)]"	"[Disease or Syndrome (T047)]"	"Pancytopenia due to IKAROS family zinc finger 1 mutations (disorder)"	"disease"	"C5190826"	"[ORDO_317473, MONDO_0014810, UMLS_C5190826]"	"Autosomal dominant"	"<1 / 1 000 000"	"Worldwide"	"Point prevalence"	"0.87"	"0.474"	"[ENSG00000185811]"	"10320"	"protein-coding"	"[DTO_05007542]"	"[Transcription factor]"	"[Q13422]"	"1.0"	"0"	""	""	"2"	""	""	"0.4"	"IKZF1"	"2016"	"2012"
"1.0"	""	"100354117"	"[]"	"[]"	"[]"	"[Neoplasms (C04), Digestive System Diseases (C06), Endocrine System Diseases (C19)]"	"[Neoplastic Process (T191)]"	"Gastro-enteropancreatic neuroendocrine tumor"	"disease"	"C2930967"	"[MESH_C535650, NCI_C95404, MONDO_0000386, MONDO_0024503, UMLS_C2930967]"	""	""	""	""	"0.87"	"0.474"	"[ENSG00000185811]"	"10320"	"protein-coding"	"[DTO_05007542]"	"[Transcription factor]"	"[Q13422]"	"1.0"	"0"	""	""	"1"	""	""	"0.4"	"IKZF1"	"2018"	"2018"
"1.0"	""	"70182841"	"[]"	"[disease of anatomical entity (7)]"	"[]"	"[Digestive System Diseases (C06)]"	"[Disease or Syndrome (T047)]"	"Chronic left-sided ulcerative colitis"	"disease"	"C0375359"	"[ICD9CM_556.5, DO_8577, MONDO_0005101, EFO_0000729, UMLS_C0375359]"	""	""	""	""	"0.87"	"0.474"	"[ENSG00000185811]"	"10320"	"protein-coding"	"[DTO_05007542]"	"[Transcription factor]"	"[Q13422]"	"1.0"	"0"	""	""	"1"	""	""	"0.4"	"IKZF1"	"2010"	"2010"
"1.0"	""	"15046069"	"[]"	"[disease of anatomical entity (7)]"	"[Abnormality of the immune system (02715), Abnormality of the digestive system (25031)]"	"[Digestive System Diseases (C06)]"	"[Disease or Syndrome (T047)]"	"Ulcerative Colitis"	"disease"	"C0009324"	"[ICD10_K51, MESH_D003093, ICD10_K51.9, OMIM_266600, ICD9CM_556.9, HPO_HP:0100279, NCI_C2952, ICD9CM_556, DO_8577, MONDO_0005101, EFO_0000729, UMLS_C0009324]"	""	""	""	""	"0.87"	"0.474"	"[ENSG00000185811]"	"10320"	"protein-coding"	"[DTO_05007542]"	"[Transcription factor]"	"[Q13422]"	"1.0"	"0"	""	""	"1"	""	""	"0.4"	"IKZF1"	"2010"	"2010"
""	""	"115157385"	"[]"	"[]"	"[]"	"[Immune System Diseases (C20), Congenital, Hereditary, and Neonatal Diseases and Abnormalities (C16)]"	"[Disease or Syndrome (T047)]"	"Immunodeficiency Disorder, Inherited"	"disease"	"C5197805"	"[MESH_D000081207, ORDO_101997, UMLS_C5197805]"	""	""	""	""	"0.87"	"0.474"	"[ENSG00000185811]"	"10320"	"protein-coding"	"[DTO_05007542]"	"[Transcription factor]"	"[Q13422]"	"1.0"	"0"	""	""	"0"	""	""	"0.4"	"IKZF1"	""	""
""	""	"45073434"	"[]"	"[disease of cellular proliferation (14566)]"	"[Neoplasm (02664), Abnormality of the genitourinary system (00119)]"	"[Neoplasms (C04)]"	"[Neoplastic Process (T191)]"	"Teratoma"	"disease"	"C0039538"	"[MESH_D013724, HPO_HP:0009792, NCI_C3403, ORDO_883, DO_5563, DO_5566, DO_3307, MONDO_0002601, UMLS_C0039538]"	""	""	""	""	"0.87"	"0.474"	"[ENSG00000185811]"	"10320"	"protein-coding"	"[DTO_05007542]"	"[Transcription factor]"	"[Q13422]"	"1.0"	"0"	""	""	"0"	""	""	"0.4"	"IKZF1"	""	""
""	""	"115035103"	"[]"	"[]"	"[]"	"[]"	"[Disease or Syndrome (T047)]"	"DIAMOND-BLACKFAN ANEMIA-LIKE"	"disease"	"C4693556"	"[OMIM_617911, OMIM_133170, MONDO_0060662, UMLS_C4693556]"	""	""	""	""	"0.87"	"0.474"	"[ENSG00000185811]"	"10320"	"protein-coding"	"[DTO_05007542]"	"[Transcription factor]"	"[Q13422]"	"1.0"	"0"	""	""	"0"	""	""	"0.4"	"IKZF1"	""	""
""	""	"100338063"	"[]"	"[]"	"[]"	"[]"	"[Neoplastic Process (T191)]"	"LEUKEMIA, ACUTE LYMPHOBLASTIC, SUSCEPTIBILITY TO, 2"	"disease"	"C2751593"	"[OMIM_613067, MONDO_0013109, UMLS_C2751593]"	""	""	""	""	"0.87"	"0.474"	"[ENSG00000185811]"	"10320"	"protein-coding"	"[DTO_05007542]"	"[Transcription factor]"	"[Q13422]"	"1.0"	"0"	""	""	"0"	""	""	"0.4"	"IKZF1"	""	""
"0.9629629629629629"	""	"5268965"	"[]"	"[disease of anatomical entity (7)]"	"[Abnormality of the musculoskeletal system (33127)]"	"[Skin and Connective Tissue Diseases (C17), Immune System Diseases (C20), Musculoskeletal Diseases (C05)]"	"[Disease or Syndrome (T047)]"	"Rheumatoid Arthritis"	"disease"	"C0003873"	"[MESH_D001172, ICD10_M06.9, OMIM_180300, ICD9CM_714.0, OMIM_607218, HPO_HP:0001370, NCI_C2884, DO_7148, MONDO_0008383, EFO_0000685, UMLS_C0003873]"	""	""	""	""	"0.913"	"0.441"	"[ENSG00000112486]"	"1235"	"protein-coding"	"[DTO_02300001]"	"[G-protein coupled receptor]"	"[P51684]"	"0.19951"	"2"	""	""	"3"	""	""	"0.9"	"CCR6"	"2012"	"2010"
"0.875"	""	"15046734"	"[]"	"[disease of anatomical entity (7)]"	"[Abnormality of the immune system (02715), Abnormality of the digestive system (25031)]"	"[Digestive System Diseases (C06)]"	"[Disease or Syndrome (T047)]"	"Ulcerative Colitis"	"disease"	"C0009324"	"[ICD10_K51, MESH_D003093, ICD10_K51.9, OMIM_266600, ICD9CM_556.9, HPO_HP:0100279, NCI_C2952, ICD9CM_556, DO_8577, MONDO_0005101, EFO_0000729, UMLS_C0009324]"	""	""	""	""	"0.913"	"0.441"	"[ENSG00000112486]"	"1235"	"protein-coding"	"[DTO_02300001]"	"[G-protein coupled receptor]"	"[P51684]"	"0.19951"	"0"	""	""	"1"	""	""	"0.65"	"CCR6"	"2005"	"2005"
"1.0"	""	"55067563"	"[]"	"[]"	"[Abnormality of the nervous system (00707)]"	"[Behavior and Behavior Mechanisms (F01), Nervous System Diseases (C10), Pathological Conditions, Signs and Symptoms (C23)]"	"[Mental or Behavioral Dysfunction (T048)]"	"Anhedonia"	"disease"	"C0178417"	"[MESH_D059445, HPO_HP:0012154, NCI_C3673, UMLS_C0178417]"	""	""	""	""	"0.913"	"0.441"	"[ENSG00000112486]"	"1235"	"protein-coding"	"[DTO_02300001]"	"[G-protein coupled receptor]"	"[P51684]"	"0.19951"	"0"	""	""	"1"	""	""	"0.55"	"CCR6"	"2014"	"2014"
"1.0"	""	"45193653"	"[]"	"[disease of anatomical entity (7)]"	"[Abnormality of the integument (01574)]"	"[Skin and Connective Tissue Diseases (C17)]"	"[Disease or Syndrome (T047)]"	"Vitiligo"	"disease"	"C0042900"	"[ICD10_L80, MESH_D014820, ICD9CM_709.01, HPO_HP:0001045, NCI_C26915, ORDO_3435, DO_12306, MONDO_0008661, EFO_0004208, UMLS_C0042900]"	""	""	""	""	"0.913"	"0.441"	"[ENSG00000112486]"	"1235"	"protein-coding"	"[DTO_02300001]"	"[G-protein coupled receptor]"	"[P51684]"	"0.19951"	"1"	""	""	"1"	""	""	"0.5"	"CCR6"	"2010"	"2010"
"1.0"	""	"25186648"	"[]"	"[disease of anatomical entity (7)]"	"[Abnormality of the immune system (02715)]"	"[Immune System Diseases (C20)]"	"[Pathologic Function (T046)]"	"Hypersensitivity"	"phenotype"	"C0020517"	"[MESH_D006967, ICD10_T78.4, HPO_HP:0012393, NCI_C3114, DO_1205, MONDO_0000605, MONDO_0005271, EFO_1002003, UMLS_C0020517]"	""	""	""	""	"0.913"	"0.441"	"[ENSG00000112486]"	"1235"	"protein-coding"	"[DTO_02300001]"	"[G-protein coupled receptor]"	"[P51684]"	"0.19951"	"1"	""	""	"1"	""	""	"0.5"	"CCR6"	"2011"	"2011"
"1.0"	""	"90002686"	"[]"	"[disease of anatomical entity (7)]"	"[]"	"[Skin and Connective Tissue Diseases (C17)]"	"[Disease or Syndrome (T047)]"	"Diffuse Scleroderma"	"disease"	"C1258104"	"[MESH_D045743, NCI_C116791, ORDO_220393, DO_1580, MONDO_0005019, MONDO_0016356, EFO_0000404, EFO_0000717, UMLS_C1258104]"	"Multigenic/multifactorial,Not applicable"	"1-9 / 100 000"	"Taiwan, Province of China"	"Annual incidence"	"0.913"	"0.441"	"[ENSG00000112486]"	"1235"	"protein-coding"	"[DTO_02300001]"	"[G-protein coupled receptor]"	"[P51684]"	"0.19951"	"0"	""	""	"1"	""	""	"0.4"	"CCR6"	"2013"	"2013"
"1.0"	""	"40094761"	"[]"	"[disease of anatomical entity (7)]"	"[Abnormality of the respiratory system (02086), Abnormality of the immune system (02715)]"	"[Infections (C01), Respiratory Tract Diseases (C08)]"	"[Disease or Syndrome (T047)]"	"Pneumonia"	"disease"	"C0032285"	"[MESH_D011014, ICD10_J18.9, HPO_HP:0002090, NCI_C3333, DO_552, MONDO_0005249, EFO_0003106, UMLS_C0032285]"	""	""	""	""	"0.913"	"0.441"	"[ENSG00000112486]"	"1235"	"protein-coding"	"[DTO_02300001]"	"[G-protein coupled receptor]"	"[P51684]"	"0.19951"	"0"	""	""	"1"	""	""	"0.4"	"CCR6"	"2011"	"2011"
"1.0"	""	"115250686"	"[]"	"[]"	"[]"	"[Skin and Connective Tissue Diseases (C17)]"	"[Disease or Syndrome (T047)]"	"Systemic sclerosis with limited cutaneous involvement"	"disease"	"C5574860"	"[ORDO_220402, DO_1577, MONDO_0016358, UMLS_C5574860]"	"Multigenic/multifactorial,Not applicable"	""	""	""	"0.913"	"0.441"	"[ENSG00000112486]"	"1235"	"protein-coding"	"[DTO_02300001]"	"[G-protein coupled receptor]"	"[P51684]"	"0.19951"	"0"	""	""	"1"	""	""	"0.4"	"CCR6"	"2013"	"2013"
"1.0"	""	"70182851"	"[]"	"[disease of anatomical entity (7)]"	"[]"	"[Digestive System Diseases (C06)]"	"[Disease or Syndrome (T047)]"	"Chronic left-sided ulcerative colitis"	"disease"	"C0375359"	"[ICD9CM_556.5, DO_8577, MONDO_0005101, EFO_0000729, UMLS_C0375359]"	""	""	""	""	"0.913"	"0.441"	"[ENSG00000112486]"	"1235"	"protein-coding"	"[DTO_02300001]"	"[G-protein coupled receptor]"	"[P51684]"	"0.19951"	"0"	""	""	"1"	""	""	"0.4"	"CCR6"	"2005"	"2005"
"1.0"	""	"30166440"	"[]"	"[disease of anatomical entity (7), disease of cellular proliferation (14566), disease by infectious agent (0050117)]"	"[]"	"[Immune System Diseases (C20), Neoplasms (C04), Hemic and Lymphatic Diseases (C15)]"	"[Neoplastic Process (T191)]"	"Adult T-Cell Lymphoma/Leukemia"	"disease"	"C0023493"	"[ICD10_C91.5, MESH_D015459, NCI_C3184, ORDO_86875, DO_0050523, MONDO_0019471, EFO_0000209, UMLS_C0023493]"	"Multigenic/multifactorial,Not applicable"	"1-9 / 100 000"	"Europe"	"Point prevalence"	"0.87"	"0.425"	"[ENSG00000126353]"	"1236"	"protein-coding"	"[DTO_02300001]"	"[G-protein coupled receptor]"	"[P32248]"	"0.39441"	"1"	""	""	"1"	""	""	"0.7"	"CCR7"	"2015"	"2015"
"1.0"	""	"45026520"	"[]"	"[disease of anatomical entity (7)]"	"[Abnormality of the nervous system (00707)]"	"[Nervous System Diseases (C10), Pathological Conditions, Signs and Symptoms (C23)]"	"[Disease or Syndrome (T047)]"	"Status Epilepticus"	"disease"	"C0038220"	"[MESH_D013226, ICD10_G41, ICD10_G41.9, NCI_C85079, HPO_HP:0002133, DO_1824, EFO_0008526, UMLS_C0038220]"	""	""	""	""	"0.87"	"0.425"	"[ENSG00000126353]"	"1236"	"protein-coding"	"[DTO_02300001]"	"[G-protein coupled receptor]"	"[P32248]"	"0.39441"	"0"	""	""	"1"	""	""	"0.55"	"CCR7"	"2007"	"2007"
"1.0"	""	"55067566"	"[]"	"[]"	"[Abnormality of the nervous system (00707)]"	"[Behavior and Behavior Mechanisms (F01), Nervous System Diseases (C10), Pathological Conditions, Signs and Symptoms (C23)]"	"[Mental or Behavioral Dysfunction (T048)]"	"Anhedonia"	"disease"	"C0178417"	"[MESH_D059445, HPO_HP:0012154, NCI_C3673, UMLS_C0178417]"	""	""	""	""	"0.87"	"0.425"	"[ENSG00000126353]"	"1236"	"protein-coding"	"[DTO_02300001]"	"[G-protein coupled receptor]"	"[P32248]"	"0.39441"	"0"	""	""	"1"	""	""	"0.55"	"CCR7"	"2014"	"2014"
"1.0"	""	"50246054"	"[]"	"[disease of anatomical entity (7)]"	"[]"	"[Digestive System Diseases (C06)]"	"[Disease or Syndrome (T047)]"	"Crohn's disease of large bowel"	"disease"	"C0156147"	"[ICD10_K50.1, NCI_C35211, ICD9CM_555.1, MESH_D003424, NCI_C37262, DO_0060192, DO_8778, MONDO_0005011, MONDO_0005532, EFO_0000384, EFO_0005622, UMLS_C0156147]"	""	""	""	""	"0.87"	"0.425"	"[ENSG00000126353]"	"1236"	"protein-coding"	"[DTO_02300001]"	"[G-protein coupled receptor]"	"[P32248]"	"0.39441"	"0"	""	""	"1"	""	""	"0.4"	"CCR7"	"2022"	"2022"
"1.0"	""	"55066490"	"[]"	"[]"	"[]"	"[Cardiovascular Diseases (C14)]"	"[Injury or Poisoning (T037)]"	"Vascular System Injuries"	"disease"	"C0178324"	"[ICD10_T14.5, ICD9CM_904.9, MESH_D057772, ICD9CM_900-904.99, UMLS_C0178324]"	""	""	""	""	"0.913"	"0.475"	"[ENSG00000170989]"	"1901"	"protein-coding"	"[DTO_02300001]"	"[G-protein coupled receptor]"	"[P21453]"	"0.99866"	"0"	""	""	"1"	""	""	"0.5"	"S1PR1"	"2018"	"2018"
"1.0"	""	"5435393"	"[]"	"[disease of mental health (150)]"	"[Abnormality of the nervous system (00707)]"	"[Mental Disorders (F03)]"	"[Mental or Behavioral Dysfunction (T048)]"	"Bipolar Disorder"	"disease"	"C0005586"	"[MESH_D001714, ICD10_F31, ICD10_F31.9, NCI_C34423, OMIM_611535, ICD9CM_296.80, HPO_HP:0007302, DO_3312, MONDO_0004985, UMLS_C0005586]"	""	""	""	""	"0.913"	"0.475"	"[ENSG00000170989]"	"1901"	"protein-coding"	"[DTO_02300001]"	"[G-protein coupled receptor]"	"[P21453]"	"0.99866"	"0"	""	""	"1"	""	""	"0.5"	"S1PR1"	"2014"	"2014"
"1.0"	""	"105015554"	"[]"	"[]"	"[]"	"[Pathological Conditions, Signs and Symptoms (C23)]"	"[Acquired Abnormality (T020)]"	"Neointima"	"disease"	"C2936380"	"[MESH_D058426, UMLS_C2936380]"	""	""	""	""	"0.913"	"0.475"	"[ENSG00000170989]"	"1901"	"protein-coding"	"[DTO_02300001]"	"[G-protein coupled receptor]"	"[P21453]"	"0.99866"	"0"	""	""	"1"	""	""	"0.4"	"S1PR1"	"2018"	"2018"
"1.0"	""	"75231318"	"[]"	"[disease of cellular proliferation (14566)]"	"[]"	"[Neoplasms (C04)]"	"[Neoplastic Process (T191)]"	"Malignant epithelioma"	"disease"	"C0553707"	"[DO_305, MONDO_0004993, EFO_0000313, UMLS_C0553707]"	""	""	""	""	"0.913"	"0.475"	"[ENSG00000170989]"	"1901"	"protein-coding"	"[DTO_02300001]"	"[G-protein coupled receptor]"	"[P21453]"	"0.99866"	"0"	""	""	"1"	""	""	"0.4"	"S1PR1"	"2002"	"2002"
"1.0"	""	"90202891"	"[]"	"[disease of cellular proliferation (14566)]"	"[]"	"[Neoplasms (C04)]"	"[Neoplastic Process (T191)]"	"Epithelioma"	"disease"	"C1368683"	"[MESH_D009375, NCI_C3709, HPO_HP:0031492, DO_4840, DO_305, MONDO_0005626, MONDO_0004993, EFO_0000313, EFO_0006858, UMLS_C1368683]"	""	""	""	""	"0.913"	"0.475"	"[ENSG00000170989]"	"1901"	"protein-coding"	"[DTO_02300001]"	"[G-protein coupled receptor]"	"[P21453]"	"0.99866"	"0"	""	""	"1"	""	""	"0.4"	"S1PR1"	"2002"	"2002"
"1.0"	""	"10216516"	"[]"	"[disease of cellular proliferation (14566)]"	"[Neoplasm (02664)]"	"[Neoplasms (C04)]"	"[Neoplastic Process (T191)]"	"Carcinoma"	"disease"	"C0007097"	"[MESH_D002277, NCI_C2916, HPO_HP:0030731, DO_162, DO_4015, DO_305, MONDO_0004993, EFO_0000313, UMLS_C0007097]"	""	""	""	""	"0.913"	"0.475"	"[ENSG00000170989]"	"1901"	"protein-coding"	"[DTO_02300001]"	"[G-protein coupled receptor]"	"[P21453]"	"0.99866"	"0"	""	""	"1"	""	""	"0.4"	"S1PR1"	"2002"	"2002"
""	""	"-1"	"[]"	"[]"	"[]"	"[]"	"[]"	""	""	""	""	""	""	""	""	""	""	""	""	""	"[]"	"[]"	"[]"	""	""	""	""	""	""	""	""	""	""	""
"0.8378378378378378"	""	"30253146"	"[]"	"[disease of anatomical entity (7)]"	"[Abnormality of the immune system (02715)]"	"[Immune System Diseases (C20), Skin and Connective Tissue Diseases (C17)]"	"[Disease or Syndrome (T047)]"	"Lupus Erythematosus, Systemic"	"disease"	"C0024141"	"[MESH_D008180, ICD10_M32, NCI_C3201, ICD10_M32.9, OMIM_152700, ICD9CM_710.0, HPO_HP:0002725, ORDO_536, DO_9074, MONDO_0007915, UMLS_C0024141]"	"Not applicable"	"1-5 / 10 000,6-9 / 10 000,1-5 / 10 000,1-5 / 10 000,1-5 / 10 000,1-5 / 10 000,1-5 / 10 000,1-5 / 10 000,1-9 / 100 000,1-5 / 10 000,6-9 / 10 000"	"France,Martinique,New Zealand,Korea, Republic of,United States,Taiwan, Province of China,Europe,Finland,Worldwide,Worldwide,Poland"	"Point prevalence,Point prevalence,Point prevalence,Point prevalence,Point prevalence,Point prevalence,Point prevalence,Point prevalence,Annual incidence,Point prevalence,Annual incidence"	"0.87"	"0.443"	"[ENSG00000143226]"	"2212"	"protein-coding"	"[DTO_05007620]"	"[Cell adhesion]"	"[P12318]"	"2.3199E-4"	"2"	""	""	"1"	""	""	"1.0"	"FCGR2A"	"2008"	"2008"
"1.0"	""	"15048155"	"[]"	"[disease of anatomical entity (7)]"	"[Abnormality of the immune system (02715), Abnormality of the digestive system (25031)]"	"[Digestive System Diseases (C06)]"	"[Disease or Syndrome (T047)]"	"Ulcerative Colitis"	"disease"	"C0009324"	"[ICD10_K51, MESH_D003093, ICD10_K51.9, OMIM_266600, ICD9CM_556.9, HPO_HP:0100279, NCI_C2952, ICD9CM_556, DO_8577, MONDO_0005101, EFO_0000729, UMLS_C0009324]"	""	""	""	""	"0.87"	"0.443"	"[ENSG00000143226]"	"2212"	"protein-coding"	"[DTO_05007620]"	"[Cell adhesion]"	"[P12318]"	"2.3199E-4"	"0"	""	""	"2"	""	""	"1.0"	"FCGR2A"	"2010"	"2009"
"0.8260869565217391"	""	"5272756"	"[]"	"[disease of anatomical entity (7)]"	"[Abnormality of the musculoskeletal system (33127)]"	"[Skin and Connective Tissue Diseases (C17), Immune System Diseases (C20), Musculoskeletal Diseases (C05)]"	"[Disease or Syndrome (T047)]"	"Rheumatoid Arthritis"	"disease"	"C0003873"	"[MESH_D001172, ICD10_M06.9, OMIM_180300, ICD9CM_714.0, OMIM_607218, HPO_HP:0001370, NCI_C2884, DO_7148, MONDO_0008383, EFO_0000685, UMLS_C0003873]"	""	""	""	""	"0.87"	"0.443"	"[ENSG00000143226]"	"2212"	"protein-coding"	"[DTO_05007620]"	"[Cell adhesion]"	"[P12318]"	"2.3199E-4"	"0"	""	""	"2"	""	""	"0.9"	"FCGR2A"	"2012"	"2010"
"0.875"	""	"45085083"	"[]"	"[disease of anatomical entity (7)]"	"[Abnormality of blood and blood-forming tissues (01871)]"	"[Hemic and Lymphatic Diseases (C15)]"	"[Disease or Syndrome (T047)]"	"Thrombocytopenia"	"disease"	"C0040034"	"[MESH_D013921, ICD10_D69.6, ICD9CM_287.5, HPO_HP:0001873, NCI_C203448, DO_1588, MONDO_0002049, UMLS_C0040034]"	""	""	""	""	"0.87"	"0.443"	"[ENSG00000143226]"	"2212"	"protein-coding"	"[DTO_05007620]"	"[Cell adhesion]"	"[P12318]"	"2.3199E-4"	"0"	""	""	"1"	""	""	"0.9"	"FCGR2A"	"2001"	"2001"
"0.7777777777777778"	""	"30312040"	"[]"	"[disease by infectious agent (0050117)]"	"[]"	"[Infections (C01)]"	"[Disease or Syndrome (T047)]"	"Malaria"	"disease"	"C0024530"	"[MESH_D008288, ICD10_B54, ICD9CM_084.6, NCI_C34797, ICD9CM_084, ORDO_673, DO_12365, MONDO_0005136, EFO_0001068, UMLS_C0024530]"	"Not applicable"	"1-9 / 100 000,1-9 / 100 000,1-9 / 100 000,1-9 / 1 000 000,1-9 / 1 000 000,1-9 / 100 000,1-9 / 1 000 000,1-9 / 1 000 000,1-9 / 1 000 000,1-9 / 1 000 000,1-9 / 1 000 000,1-9 / 1 000 000,1-9 / 1 000 000,1-9 / 1 000 000,1-9 / 100 000,1-9 / 1 000 000,1-9 / 1 000 000,1-9 / 1 000 000,1-9 / 100 000,1-9 / 100 000,<1 / 1 000 000,1-9 / 100 000,1-9 / 1 000 000,<1 / 1 000 000,1-9 / 1 000 000,1-9 / 100 000,1-9 / 100 000,1-9 / 100 000,1-9 / 100 000"	"Europe,Europe,Denmark,Iceland,Austria,Belgium,Bulgaria,Croatia,Cyprus,Czech Republic,Estonia,Finland,Greece,Hungary,Ireland,Latvia,Lithuania,Luxembourg,Malta,Netherlands,Poland,Portugal,Romania,Slovakia,Slovenia,Spain,Sweden,United Kingdom,Norway"	"Point prevalence,Annual incidence,Annual incidence,Annual incidence,Annual incidence,Annual incidence,Annual incidence,Annual incidence,Annual incidence,Annual incidence,Annual incidence,Annual incidence,Annual incidence,Annual incidence,Annual incidence,Annual incidence,Annual incidence,Annual incidence,Annual incidence,Annual incidence,Annual incidence,Annual incidence,Annual incidence,Annual incidence,Annual incidence,Annual incidence,Annual incidence,Annual incidence,Annual incidence"	"0.87"	"0.443"	"[ENSG00000143226]"	"2212"	"protein-coding"	"[DTO_05007620]"	"[Cell adhesion]"	"[P12318]"	"2.3199E-4"	"0"	""	""	"0"	""	""	"0.85"	"FCGR2A"	""	""
"0.9090909090909091"	""	"45091374"	"[]"	"[disease of anatomical entity (7)]"	"[]"	"[Cardiovascular Diseases (C14)]"	"[Pathologic Function (T046)]"	"Thrombosis"	"phenotype"	"C0040053"	"[MESH_D013927, NCI_C26891, DO_0060903, MONDO_0000831, UMLS_C0040053]"	""	""	""	""	"0.87"	"0.443"	"[ENSG00000143226]"	"2212"	"protein-coding"	"[DTO_05007620]"	"[Cell adhesion]"	"[P12318]"	"2.3199E-4"	"0"	""	""	"1"	""	""	"0.85"	"FCGR2A"	"2001"	"2001"
"0.7142857142857143"	""	"30267944"	"[]"	"[disease of anatomical entity (7)]"	"[]"	"[Immune System Diseases (C20), Skin and Connective Tissue Diseases (C17), Urogenital Diseases (C12)]"	"[Disease or Syndrome (T047)]"	"Lupus Nephritis"	"disease"	"C0024143"	"[MESH_D008181, HPO_HP:0033726, NCI_C34789, DO_0080162, MONDO_0005556, EFO_0005761, UMLS_C0024143]"	""	""	""	""	"0.87"	"0.443"	"[ENSG00000143226]"	"2212"	"protein-coding"	"[DTO_05007620]"	"[Cell adhesion]"	"[P12318]"	"2.3199E-4"	"0"	""	""	"0"	""	""	"0.8"	"FCGR2A"	""	""
"0.92"	""	"35033814"	"[]"	"[disease of anatomical entity (7)]"	"[]"	"[Skin and Connective Tissue Diseases (C17), Hemic and Lymphatic Diseases (C15), Cardiovascular Diseases (C14)]"	"[Disease or Syndrome (T047)]"	"Mucocutaneous Lymph Node Syndrome"	"disease"	"C0026691"	"[MESH_D009080, ICD10_M30.3, OMIM_611775, ICD9CM_446.1, NCI_C34825, ORDO_2331, DO_13378, MONDO_0012727, EFO_0004246, UMLS_C0026691]"	"Multigenic/multifactorial"	""	""	""	"0.87"	"0.443"	"[ENSG00000143226]"	"2212"	"protein-coding"	"[DTO_05007620]"	"[Cell adhesion]"	"[P12318]"	"2.3199E-4"	"0"	""	""	"2"	""	""	"0.75"	"FCGR2A"	"2012"	"2011"
"1.0"	""	"35041874"	"[]"	"[disease of anatomical entity (7), disease of cellular proliferation (14566)]"	"[Abnormality of blood and blood-forming tissues (01871), Neoplasm (02664)]"	"[Immune System Diseases (C20), Hemic and Lymphatic Diseases (C15), Neoplasms (C04), Cardiovascular Diseases (C14)]"	"[Neoplastic Process (T191)]"	"Multiple Myeloma"	"disease"	"C0026764"	"[MESH_D009101, ICD10_C90.0, OMIM_254500, HPO_HP:0006775, NCI_C3242, ICD9CM_203.0, ORDO_29073, DO_9538, MONDO_0009693, EFO_0001378, UMLS_C0026764]"	"Not applicable"	"1-9 / 100 000,1-9 / 100 000,1-5 / 10 000,1-9 / 100 000,1-9 / 100 000,1-9 / 100 000,1-9 / 100 000,1-9 / 100 000,1-9 / 100 000"	"United States,Worldwide,Europe,France,Europe,United States,Iran, Islamic Republic of,Australia,Denmark"	"Prevalence at birth,Annual incidence,Point prevalence,Annual incidence,Annual incidence,Annual incidence,Annual incidence,Annual incidence,Annual incidence"	"0.87"	"0.443"	"[ENSG00000143226]"	"2212"	"protein-coding"	"[DTO_05007620]"	"[Cell adhesion]"	"[P12318]"	"2.3199E-4"	"1"	""	""	"0"	""	""	"0.75"	"FCGR2A"	""	""
"1.0"	""	"5189910"	"[]"	"[disease of anatomical entity (7)]"	"[Abnormality of blood and blood-forming tissues (01871)]"	"[Hemic and Lymphatic Diseases (C15)]"	"[Disease or Syndrome (T047)]"	"Anemia, Hemolytic"	"disease"	"C0002878"	"[MESH_D000743, ICD10_D55-D59.9, HPO_HP:0001878, NCI_C34376, DO_583, MONDO_0003664, EFO_0005558, UMLS_C0002878]"	""	""	""	""	"0.87"	"0.443"	"[ENSG00000143226]"	"2212"	"protein-coding"	"[DTO_05007620]"	"[Cell adhesion]"	"[P12318]"	"2.3199E-4"	"0"	""	""	"0"	""	""	"0.75"	"FCGR2A"	""	""
"0.7272727272727273"	""	"70290680"	"[]"	"[disease of anatomical entity (7)]"	"[Abnormality of blood and blood-forming tissues (01871), Abnormality of the immune system (02715)]"	"[Immune System Diseases (C20), Hemic and Lymphatic Diseases (C15), Pathological Conditions, Signs and Symptoms (C23)]"	"[Disease or Syndrome (T047)]"	"Immune thrombocytopenic purpura"	"disease"	"C0398650"	"[MESH_D016553, ICD10_D69.3, OMIM_188030, NCI_C3446, ICD9CM_287.31, HPO_HP:0001973, ORDO_3002, DO_8924, MONDO_0008558, EFO_0007160, UMLS_C0398650]"	"Not applicable"	"1-5 / 10 000,1-9 / 100 000,1-9 / 100 000,1-9 / 100 000,1-5 / 10 000,1-9 / 100 000"	"Europe,United States,United Kingdom,Denmark,Denmark,France"	"Point prevalence,Point prevalence,Annual incidence,Annual incidence,Point prevalence,Annual incidence"	"0.87"	"0.443"	"[ENSG00000143226]"	"2212"	"protein-coding"	"[DTO_05007620]"	"[Cell adhesion]"	"[P12318]"	"2.3199E-4"	"0"	""	""	"0"	""	""	"0.65"	"FCGR2A"	""	""
"0.75"	""	"25044027"	"[]"	"[disease by infectious agent (0050117)]"	"[]"	"[Infections (C01)]"	"[Disease or Syndrome (T047)]"	"Severe Dengue"	"disease"	"C0019100"	"[ICD10_A91, MESH_D019595, NCI_C34683, DO_12206, MONDO_0000248, MONDO_0005358, EFO_0004227, UMLS_C0019100]"	""	""	""	""	"0.87"	"0.443"	"[ENSG00000143226]"	"2212"	"protein-coding"	"[DTO_05007620]"	"[Cell adhesion]"	"[P12318]"	"2.3199E-4"	"0"	""	""	"0"	""	""	"0.65"	"FCGR2A"	""	""
"0.75"	""	"15161642"	"[]"	"[disease of anatomical entity (7)]"	"[Abnormality of the cardiovascular system (01626)]"	"[Cardiovascular Diseases (C14)]"	"[Disease or Syndrome (T047)]"	"Coronary Arteriosclerosis"	"disease"	"C0010054"	"[MESH_D003324, ICD10_I25.1, HPO_HP:0001677, NCI_C35505, ICD9CM_414.0, DO_13739, DO_3393, MONDO_0005010, MONDO_0021661, EFO_0001645, UMLS_C0010054]"	""	""	""	""	"0.87"	"0.443"	"[ENSG00000143226]"	"2212"	"protein-coding"	"[DTO_05007620]"	"[Cell adhesion]"	"[P12318]"	"2.3199E-4"	"0"	""	""	"0"	""	""	"0.65"	"FCGR2A"	""	""
"1.0"	""	"50026474"	"[]"	"[disease of anatomical entity (7)]"	"[]"	"[Cardiovascular Diseases (C14)]"	"[Pathologic Function (T046)]"	"Thrombus"	"phenotype"	"C0087086"	"[MESH_D013927, DO_0060903, MONDO_0000831, UMLS_C0087086]"	""	""	""	""	"0.87"	"0.443"	"[ENSG00000143226]"	"2212"	"protein-coding"	"[DTO_05007620]"	"[Cell adhesion]"	"[P12318]"	"2.3199E-4"	"0"	""	""	"1"	""	""	"0.65"	"FCGR2A"	"2001"	"2001"
"0.6666666666666666"	""	"15176155"	"[]"	"[disease of anatomical entity (7)]"	"[]"	"[Cardiovascular Diseases (C14)]"	"[Disease or Syndrome (T047)]"	"Coronary heart disease"	"disease"	"C0010068"	"[MESH_D003327, DO_3393, MONDO_0005010, EFO_0001645, UMLS_C0010068]"	""	""	""	""	"0.87"	"0.443"	"[ENSG00000143226]"	"2212"	"protein-coding"	"[DTO_05007620]"	"[Cell adhesion]"	"[P12318]"	"2.3199E-4"	"0"	""	""	"0"	""	""	"0.65"	"FCGR2A"	""	""
"1.0"	""	"15217711"	"[]"	"[syndrome (225), genetic disease (630)]"	"[]"	"[Congenital, Hereditary, and Neonatal Diseases and Abnormalities (C16), Respiratory Tract Diseases (C08), Digestive System Diseases (C06)]"	"[Disease or Syndrome (T047)]"	"Cystic Fibrosis"	"disease"	"C0010674"	"[MESH_D003550, ICD10_E84, ICD10_E84.9, OMIM_219700, OMIM_602421, NCI_C2975, ICD9CM_277.0, ORDO_586, DO_1485, MONDO_0009061, UMLS_C0010674]"	"Autosomal recessive"	"1-5 / 10 000,1-5 / 10 000,1-5 / 10 000,1-9 / 100 000,1-5 / 10 000,1-5 / 10 000,1-5 / 10 000,1-9 / 100 000,1-5 / 10 000,1-9 / 100 000,1-5 / 10 000,1-9 / 100 000,1-5 / 10 000,1-9 / 100 000,1-5 / 10 000,1-9 / 100 000,1-9 / 100 000,1-9 / 100 000,1-5 / 10 000,1-5 / 10 000,1-5 / 10 000,1-5 / 10 000,1-5 / 10 000,1-9 / 100 000,1-9 / 100 000,1-5 / 10 000,1-5 / 10 000,1-5 / 10 000,1-5 / 10 000,1-9 / 100 000,1-9 / 100 000,1-9 / 100 000,1-9 / 100 000,1-5 / 10 000,1-9 / 100 000,1-5 / 10 000,1-9 / 100 000,1-5 / 10 000,1-5 / 10 000,1-5 / 10 000,1-9 / 100 000,1-5 / 10 000,1-9 / 100 000,1-9 / 100 000,1-9 / 100 000,1-5 / 10 000,1-9 / 100 000,1-5 / 10 000,1-9 / 100 000,1-5 / 10 000,1-9 / 100 000,1-5 / 10 000,1-5 / 10 000,1-5 / 10 000,1-5 / 10 000,1-5 / 10 000,1-9 / 1 000 000"	"Europe,Europe,Austria,Austria,Belgium,Belgium,Bulgaria,Bulgaria,Cyprus,Cyprus,Czech Republic,Czech Republic,Denmark,Denmark,Estonia,Estonia,Finland,Finland,France,France,Germany,Germany,Greece,Greece,Hungary,Ireland,Ireland,Italy,Italy,Latvia,Lithuania,Luxembourg,Malta,Netherlands,Netherlands,Norway,Norway,Poland,Poland,Portugal,Portugal,Romania,Romania,Russian Federation,Russian Federation,Slovakia,Slovakia,Slovenia,Slovenia,Spain,Spain,Sweden,Sweden,United Kingdom,United Kingdom,Brazil,China"	"Prevalence at birth,Point prevalence,Prevalence at birth,Point prevalence,Prevalence at birth,Point prevalence,Prevalence at birth,Point prevalence,Prevalence at birth,Point prevalence,Prevalence at birth,Point prevalence,Prevalence at birth,Point prevalence,Prevalence at birth,Point prevalence,Prevalence at birth,Point prevalence,Prevalence at birth,Point prevalence,Prevalence at birth,Point prevalence,Prevalence at birth,Point prevalence,Point prevalence,Prevalence at birth,Point prevalence,Prevalence at birth,Point prevalence,Point prevalence,Point prevalence,Point prevalence,Point prevalence,Prevalence at birth,Point prevalence,Prevalence at birth,Point prevalence,Prevalence at birth,Point prevalence,Prevalence at birth,Point prevalence,Prevalence at birth,Point prevalence,Prevalence at birth,Point prevalence,Prevalence at birth,Point prevalence,Prevalence at birth,Point prevalence,Prevalence at birth,Point prevalence,Prevalence at birth,Point prevalence,Prevalence at birth,Point prevalence,Annual incidence,Point prevalence"	"0.87"	"0.443"	"[ENSG00000143226]"	"2212"	"protein-coding"	"[DTO_05007620]"	"[Cell adhesion]"	"[P12318]"	"2.3199E-4"	"0"	""	""	"17"	""	""	"0.6"	"FCGR2A"	"2020"	"1993"
"1.0"	""	"15251127"	"[]"	"[disease by infectious agent (0050117)]"	"[]"	"[Infections (C01)]"	"[Disease or Syndrome (T047)]"	"Dengue Fever"	"disease"	"C0011311"	"[MESH_D003715, ICD10_A90, ICD9CM_061, NCI_C34528, ORDO_99828, DO_10844, DO_12205, DO_9682, MONDO_0005502, EFO_0005547, UMLS_C0011311]"	"Not applicable"	">1 / 1000,1-9 / 1 000 000,1-9 / 100 000,1-9 / 100 000,1-9 / 1 000 000,<1 / 1 000 000,1-9 / 1 000 000,1-9 / 1 000 000,1-9 / 1 000 000,1-9 / 1 000 000,1-9 / 1 000 000,1-9 / 1 000 000,1-9 / 1 000 000,1-9 / 1 000 000,1-9 / 1 000 000,<1 / 1 000 000,1-9 / 1 000 000,1-9 / 1 000 000,<1 / 1 000 000,1-9 / 1 000 000,1-9 / 1 000 000,1-9 / 100 000,1-9 / 1 000 000,1-9 / 100 000,<1 / 1 000 000"	"Worldwide,Europe,Europe,Austria,Belgium,Croatia,Estonia,Finland,France,Germany,Hungary,Ireland,Italy,Latvia,Lithuania,Luxembourg,Malta,Portugal,Slovakia,Slovenia,Spain,Sweden,United Kingdom,Norway,Greece"	"Annual incidence,Annual incidence,Point prevalence,Annual incidence,Annual incidence,Annual incidence,Annual incidence,Annual incidence,Annual incidence,Annual incidence,Annual incidence,Annual incidence,Annual incidence,Annual incidence,Annual incidence,Annual incidence,Annual incidence,Annual incidence,Annual incidence,Annual incidence,Annual incidence,Annual incidence,Annual incidence,Annual incidence,Annual incidence"	"0.87"	"0.443"	"[ENSG00000143226]"	"2212"	"protein-coding"	"[DTO_05007620]"	"[Cell adhesion]"	"[P12318]"	"2.3199E-4"	"0"	""	""	"0"	""	""	"0.6"	"FCGR2A"	""	""
"0.6"	""	"30295943"	"[]"	"[disease of anatomical entity (7), disease of cellular proliferation (14566)]"	"[Neoplasm (02664), Abnormality of blood and blood-forming tissues (01871)]"	"[Immune System Diseases (C20), Neoplasms (C04), Hemic and Lymphatic Diseases (C15)]"	"[Neoplastic Process (T191)]"	"Lymphoma, Non-Hodgkin"	"disease"	"C0024305"	"[MESH_D008228, ICD10_C85.9, ICD10_C83.1, NCI_C3211, OMIM_191170, HPO_HP:0012539, ORDO_547, ORDO_52416, DO_0060058, DO_0060060, DO_2571, DO_8538, MONDO_0018908, EFO_0000574, EFO_0005287, EFO_0005952, EFO_1001469, UMLS_C0024305]"	""	"1-5 / 10 000"	"Europe"	"Annual incidence"	"0.87"	"0.443"	"[ENSG00000143226]"	"2212"	"protein-coding"	"[DTO_05007620]"	"[Cell adhesion]"	"[P12318]"	"2.3199E-4"	"0"	""	""	"0"	""	""	"0.6"	"FCGR2A"	""	""
"1.0"	""	"30316539"	"[]"	"[disease by infectious agent (0050117)]"	"[]"	"[Infections (C01)]"	"[Disease or Syndrome (T047)]"	"Malaria, Falciparum"	"disease"	"C0024535"	"[MESH_D016778, ICD10_B50.9, ICD10_B50, ICD9CM_084.0, NCI_C34798, DO_14067, MONDO_0005920, EFO_0007444, UMLS_C0024535]"	""	""	""	""	"0.87"	"0.443"	"[ENSG00000143226]"	"2212"	"protein-coding"	"[DTO_05007620]"	"[Cell adhesion]"	"[P12318]"	"2.3199E-4"	"0"	""	""	"0"	""	""	"0.6"	"FCGR2A"	""	""
"0.75"	""	"5341040"	"[]"	"[disease of anatomical entity (7)]"	"[Abnormality of the cardiovascular system (01626)]"	"[Cardiovascular Diseases (C14)]"	"[Disease or Syndrome (T047)]"	"Atherosclerosis"	"disease"	"C0004153"	"[ICD10_I70, ICD10_I25.0, HPO_HP:0002621, HPO_HP:0002635, NCI_C35768, NCI_C35771, ICD9CM_440, MESH_D050197, DO_1936, DO_2348, DO_2349, DO_5162, MONDO_0002277, MONDO_0005311, EFO_0003914, EFO_1000819, UMLS_C0004153]"	""	""	""	""	"0.87"	"0.443"	"[ENSG00000143226]"	"2212"	"protein-coding"	"[DTO_05007620]"	"[Cell adhesion]"	"[P12318]"	"2.3199E-4"	"0"	""	""	"0"	""	""	"0.6"	"FCGR2A"	""	""
"1.0"	""	"100146706"	"[]"	"[disease of anatomical entity (7)]"	"[]"	"[Cardiovascular Diseases (C14)]"	"[Pathologic Function (T046)]"	"Atherothrombosis"	"phenotype"	"C1963943"	"[MESH_D013927, DO_0060903, MONDO_0000831, UMLS_C1963943]"	""	""	""	""	"0.87"	"0.443"	"[ENSG00000143226]"	"2212"	"protein-coding"	"[DTO_05007620]"	"[Cell adhesion]"	"[P12318]"	"2.3199E-4"	"0"	""	""	"1"	""	""	"0.6"	"FCGR2A"	"2001"	"2001"
"0.6666666666666666"	""	"45224555"	"[]"	"[disease of anatomical entity (7), disease of cellular proliferation (14566)]"	"[]"	"[Immune System Diseases (C20), Neoplasms (C04), Hemic and Lymphatic Diseases (C15)]"	"[Neoplastic Process (T191)]"	"Diffuse Large B-Cell Lymphoma"	"disease"	"C0079744"	"[MESH_D016403, ICD10_C83.3, NCI_C8851, ORDO_544, DO_0050745, MONDO_0018905, EFO_0000403, EFO_1000157, EFO_1000490, UMLS_C0079744]"	"Multigenic/multifactorial,Not applicable"	"1-5 / 10 000,1-9 / 100 000,1-9 / 100 000,1-9 / 1 000 000,1-9 / 1 000 000,1-9 / 100 000,1-9 / 100 000,1-9 / 100 000,1-9 / 100 000,1-9 / 100 000,1-9 / 100 000,1-9 / 100 000,1-9 / 100 000,1-9 / 100 000,1-9 / 100 000,1-9 / 100 000,1-9 / 100 000,1-9 / 100 000,1-9 / 100 000,1-9 / 100 000,1-9 / 100 000,1-9 / 100 000,1-9 / 100 000,1-9 / 100 000,1-9 / 100 000,1-9 / 100 000"	"Europe,France,Europe,Croatia,Latvia,Austria,Belgium,Bulgaria,Czech Republic,Estonia,Finland,Germany,Iceland,Ireland,Italy,Lithuania,Malta,Norway,Poland,Portugal,Slovakia,Slovenia,Spain,Switzerland,Netherlands,United Kingdom"	"Point prevalence,Annual incidence,Annual incidence,Annual incidence,Annual incidence,Annual incidence,Annual incidence,Annual incidence,Annual incidence,Annual incidence,Annual incidence,Annual incidence,Annual incidence,Annual incidence,Annual incidence,Annual incidence,Annual incidence,Annual incidence,Annual incidence,Annual incidence,Annual incidence,Annual incidence,Annual incidence,Annual incidence,Annual incidence,Annual incidence"	"0.87"	"0.443"	"[ENSG00000143226]"	"2212"	"protein-coding"	"[DTO_05007620]"	"[Cell adhesion]"	"[P12318]"	"2.3199E-4"	"0"	""	""	"0"	""	""	"0.6"	"FCGR2A"	""	""
"1.0"	""	"20069034"	"[]"	"[disease of anatomical entity (7)]"	"[Abnormality of the nervous system (00707)]"	"[Nervous System Diseases (C10)]"	"[Disease or Syndrome (T047)]"	"Epilepsy"	"disease"	"C0014544"	"[MESH_D004827, ICD10_G40, ICD10_G40.9, NCI_C3020, HPO_HP:0001250, ICD9CM_345.9, DO_1826, MONDO_0005027, EFO_0000474, UMLS_C0014544]"	""	""	""	""	"0.87"	"0.443"	"[ENSG00000143226]"	"2212"	"protein-coding"	"[DTO_05007620]"	"[Cell adhesion]"	"[P12318]"	"2.3199E-4"	"0"	""	""	"0"	""	""	"0.6"	"FCGR2A"	""	""
"1.0"	""	"30094365"	"[]"	"[disease of anatomical entity (7), disease of cellular proliferation (14566)]"	"[Neoplasm (02664), Abnormality of blood and blood-forming tissues (01871), Abnormality of the immune system (02715)]"	"[Immune System Diseases (C20), Neoplasms (C04), Hemic and Lymphatic Diseases (C15)]"	"[Neoplastic Process (T191)]"	"Lymphoid leukemia"	"disease"	"C0023448"	"[MESH_D007945, ICD10_C91, ICD10_C91.9, HPO_HP:0005526, NCI_C7539, ICD9CM_204.9, ICD9CM_204, DO_1037, DO_8692, MONDO_0005402, EFO_0000220, EFO_0004289, UMLS_C0023448]"	""	""	""	""	"0.87"	"0.443"	"[ENSG00000143226]"	"2212"	"protein-coding"	"[DTO_05007620]"	"[Cell adhesion]"	"[P12318]"	"2.3199E-4"	"1"	""	""	"0"	""	""	"0.6"	"FCGR2A"	""	""
"0.5"	""	"35238436"	"[]"	"[disease of anatomical entity (7), physical disorder (0080015)]"	"[]"	"[Hemic and Lymphatic Diseases (C15)]"	"[Disease or Syndrome (T047)]"	"Neutropenia"	"disease"	"C0027947"	"[MESH_D009503, ICD9CM_288.0, ICD9CM_288.00, DO_0050590, DO_12987, DO_1227, MONDO_0001609, MONDO_0001475, MONDO_0018542, UMLS_C0027947]"	""	""	""	""	"0.87"	"0.443"	"[ENSG00000143226]"	"2212"	"protein-coding"	"[DTO_05007620]"	"[Cell adhesion]"	"[P12318]"	"2.3199E-4"	"0"	""	""	"0"	""	""	"0.55"	"FCGR2A"	""	""
"1.0"	""	"45071570"	"[]"	"[disease of anatomical entity (7)]"	"[]"	"[Immune System Diseases (C20), Skin and Connective Tissue Diseases (C17), Nervous System Diseases (C10), Cardiovascular Diseases (C14)]"	"[Disease or Syndrome (T047)]"	"Giant Cell Arteritis"	"disease"	"C0039483"	"[MESH_D013700, OMIM_187360, ICD9CM_446.5, NCI_C35065, ORDO_397, DO_13375, MONDO_0008538, EFO_1001209, UMLS_C0039483]"	"Multigenic/multifactorial"	"1-9 / 100 000,1-9 / 1 000 000,1-9 / 100 000,1-9 / 100 000,1-5 / 10 000,1-5 / 10 000,1-5 / 10 000,1-5 / 10 000"	"Germany,United States,Italy,Sweden,United Kingdom,Europe,Italy,Norway"	"Point prevalence,Annual incidence,Annual incidence,Annual incidence,Annual incidence,Point prevalence,Point prevalence,Annual incidence"	"0.87"	"0.443"	"[ENSG00000143226]"	"2212"	"protein-coding"	"[DTO_05007620]"	"[Cell adhesion]"	"[P12318]"	"2.3199E-4"	"0"	""	""	"0"	""	""	"0.55"	"FCGR2A"	""	""
"1.0"	""	"25036810"	"[]"	"[disease of anatomical entity (7), genetic disease (630)]"	"[]"	"[Congenital, Hereditary, and Neonatal Diseases and Abnormalities (C16), Hemic and Lymphatic Diseases (C15)]"	"[Disease or Syndrome (T047)]"	"Hemophilia A"	"disease"	"C0019069"	"[MESH_D006467, ICD10_D66, OMIM_306700, ICD9CM_286.0, NCI_C27146, OMIM_300841, ORDO_98878, DO_0061030, DO_12134, MONDO_0010602, UMLS_C0019069]"	"X-linked recessive"	"1-5 / 10 000,1-9 / 100 000,1-9 / 100 000,1-9 / 100 000,1-9 / 100 000,1-9 / 100 000,1-9 / 100 000,1-9 / 100 000,1-9 / 100 000,1-9 / 100 000,1-9 / 100 000,1-9 / 1 000 000,1-9 / 100 000,1-9 / 100 000,1-9 / 100 000,1-9 / 1 000 000,1-9 / 100 000,1-9 / 100 000,1-9 / 100 000,1-9 / 100 000,1-9 / 100 000,1-9 / 1 000 000,1-9 / 100 000,1-9 / 100 000,1-9 / 100 000,1-9 / 100 000,1-9 / 100 000,1-9 / 100 000,1-9 / 100 000,1-9 / 100 000,1-9 / 100 000,1-9 / 100 000,1-9 / 100 000,1-9 / 1 000 000,1-9 / 100 000,1-9 / 100 000,1-9 / 100 000,1-9 / 100 000,1-9 / 100 000,1-9 / 100 000,1-9 / 100 000,1-5 / 10 000,1-9 / 1 000 000,1-9 / 1 000 000,1-9 / 100 000,1-9 / 100 000,1-9 / 100 000,1-9 / 100 000,1-9 / 100 000,1-9 / 100 000,1-9 / 100 000,1-9 / 100 000,1-9 / 100 000,1-9 / 100 000,1-9 / 100 000,1-9 / 100 000,1-9 / 1 000 000,1-9 / 100 000,1-9 / 100 000,1-9 / 100 000,1-9 / 100 000,1-9 / 100 000,1-9 / 100 000,1-9 / 100 000,1-9 / 100 000,1-9 / 100 000,1-9 / 1 000 000,1-9 / 100 000,1-5 / 10 000,1-9 / 100 000,<1 / 1 000 000,1-9 / 100 000,1-9 / 1 000 000,1-9 / 100 000,1-9 / 100 000,1-9 / 100 000,1-9 / 100 000,1-9 / 1 000 000,1-9 / 100 000,1-9 / 100 000,1-9 / 100 000,1-9 / 100 000,1-9 / 100 000,1-9 / 1 000 000,1-9 / 1 000 000,1-9 / 100 000,1-9 / 1 000 000,1-9 / 100 000,1-9 / 100 000,1-9 / 100 000,1-9 / 100 000,1-9 / 100 000,1-9 / 1 000 000,1-9 / 1 000 000,1-9 / 100 000,1-9 / 100 000,1-9 / 100 000,<1 / 1 000 000,1-9 / 100 000,1-9 / 100 000,1-9 / 1 000 000,1-5 / 10 000,1-9 / 100 000,1-9 / 100 000,1-9 / 100 000,1-9 / 100 000,1-9 / 100 000,1-9 / 100 000"	"France,United States,Europe,Africa,Albania,Algeria,Argentina,Armenia,Australia,Austria,Azerbaijan,Bangladesh,Belarus,Belgium,Belize,Bolivia,Bosnia and Herzegovina,Brazil,Bulgaria,Canada,Chile,China,Colombia,Costa rica,Croatia,Cuba,Cyprus,Czech Republic,Denmark,Dominican Republic,Ecuador,Egypt,El Salvador,Eritrea,Estonia,Finland,Germany,Greece,Guatemala,Honduras,Hungary,Iceland,India,Indonesia,Iran, Islamic Republic of,Iraq,Ireland,Israel,Italy,Jamaica,Japan,Jordan,Kenya,Korea, Republic of,Latvia,Lebanon,Lesotho,Lithuania,Luxembourg,North Macedonia,Malaysia,Malta,Mexico,Moldova, Republic of,Mongolia,Morocco,Nepal,Netherlands,New Zealand,Nicaragua,Nigeria,Norway,Pakistan,Palestinian Territory, occupied,Panama,Paraguay,Peru,Philippines,Poland,Portugal,Qatar,Romania,Russian Federation,Saudi Arabia,Senegal,Serbia,Sierra leone,Singapore,Slovakia,Slovenia,South Africa,Spain,Sri Lanka,Sudan,Sweden,Switzerland,Thailand,Togo,Tunisia,Turkey,Ukraine,United Kingdom,Uruguay,Uzbekistan,Venezuela,Viet Nam,Zimbabwe,Georgia"	"Point prevalence,Point prevalence,Point prevalence,Point prevalence,Point prevalence,Point prevalence,Point prevalence,Point prevalence,Point prevalence,Point prevalence,Point prevalence,Point prevalence,Point prevalence,Point prevalence,Point prevalence,Point prevalence,Point prevalence,Point prevalence,Point prevalence,Point prevalence,Point prevalence,Point prevalence,Point prevalence,Point prevalence,Point prevalence,Point prevalence,Point prevalence,Point prevalence,Point prevalence,Point prevalence,Point prevalence,Point prevalence,Point prevalence,Point prevalence,Point prevalence,Point prevalence,Point prevalence,Point prevalence,Point prevalence,Point prevalence,Point prevalence,Point prevalence,Point prevalence,Point prevalence,Point prevalence,Point prevalence,Point prevalence,Point prevalence,Point prevalence,Point prevalence,Point prevalence,Point prevalence,Point prevalence,Point prevalence,Point prevalence,Point prevalence,Point prevalence,Point prevalence,Point prevalence,Point prevalence,Point prevalence,Point prevalence,Point prevalence,Point prevalence,Point prevalence,Point prevalence,Point prevalence,Point prevalence,Point prevalence,Point prevalence,Point prevalence,Point prevalence,Point prevalence,Point prevalence,Point prevalence,Point prevalence,Point prevalence,Point prevalence,Point prevalence,Point prevalence,Point prevalence,Point prevalence,Point prevalence,Point prevalence,Point prevalence,Point prevalence,Point prevalence,Point prevalence,Point prevalence,Point prevalence,Point prevalence,Point prevalence,Point prevalence,Point prevalence,Point prevalence,Point prevalence,Point prevalence,Point prevalence,Point prevalence,Point prevalence,Point prevalence,Point prevalence,Point prevalence,Point prevalence,Point prevalence,Point prevalence,Point prevalence,Point prevalence"	"0.87"	"0.443"	"[ENSG00000143226]"	"2212"	"protein-coding"	"[DTO_05007620]"	"[Cell adhesion]"	"[P12318]"	"2.3199E-4"	"0"	""	""	"0"	""	""	"0.55"	"FCGR2A"	""	""
"1.0"	""	"90002785"	"[]"	"[disease of anatomical entity (7)]"	"[]"	"[Skin and Connective Tissue Diseases (C17)]"	"[Disease or Syndrome (T047)]"	"Diffuse Scleroderma"	"disease"	"C1258104"	"[MESH_D045743, NCI_C116791, ORDO_220393, DO_1580, MONDO_0005019, MONDO_0016356, EFO_0000404, EFO_0000717, UMLS_C1258104]"	"Multigenic/multifactorial,Not applicable"	"1-9 / 100 000"	"Taiwan, Province of China"	"Annual incidence"	"0.87"	"0.443"	"[ENSG00000143226]"	"2212"	"protein-coding"	"[DTO_05007620]"	"[Cell adhesion]"	"[P12318]"	"2.3199E-4"	"1"	""	""	"0"	""	""	"0.55"	"FCGR2A"	""	""
"1.0"	""	"30302061"	"[]"	"[disease of anatomical entity (7)]"	"[Abnormality of blood and blood-forming tissues (01871), Abnormality of the immune system (02715)]"	"[Immune System Diseases (C20), Hemic and Lymphatic Diseases (C15)]"	"[Disease or Syndrome (T047)]"	"Lymphopenia"	"disease"	"C0024312"	"[MESH_D008231, ICD9CM_288.51, HPO_HP:0001888, DO_614, MONDO_0003783, UMLS_C0024312]"	""	""	""	""	"0.87"	"0.443"	"[ENSG00000143226]"	"2212"	"protein-coding"	"[DTO_05007620]"	"[Cell adhesion]"	"[P12318]"	"2.3199E-4"	"0"	""	""	"0"	""	""	"0.55"	"FCGR2A"	""	""
"1.0"	""	"70182894"	"[]"	"[disease of anatomical entity (7)]"	"[]"	"[Digestive System Diseases (C06)]"	"[Disease or Syndrome (T047)]"	"Chronic left-sided ulcerative colitis"	"disease"	"C0375359"	"[ICD9CM_556.5, DO_8577, MONDO_0005101, EFO_0000729, UMLS_C0375359]"	""	""	""	""	"0.87"	"0.443"	"[ENSG00000143226]"	"2212"	"protein-coding"	"[DTO_05007620]"	"[Cell adhesion]"	"[P12318]"	"2.3199E-4"	"0"	""	""	"2"	""	""	"0.5"	"FCGR2A"	"2010"	"2009"
"0.8717948717948718"	""	"5272864"	"[]"	"[disease of anatomical entity (7)]"	"[Abnormality of the musculoskeletal system (33127)]"	"[Skin and Connective Tissue Diseases (C17), Immune System Diseases (C20), Musculoskeletal Diseases (C05)]"	"[Disease or Syndrome (T047)]"	"Rheumatoid Arthritis"	"disease"	"C0003873"	"[MESH_D001172, ICD10_M06.9, OMIM_180300, ICD9CM_714.0, OMIM_607218, HPO_HP:0001370, NCI_C2884, DO_7148, MONDO_0008383, EFO_0000685, UMLS_C0003873]"	""	""	""	""	"0.913"	"0.382"	"[ENSG00000203747]"	"2214"	"protein-coding"	"[DTO_05007620]"	"[Cell adhesion]"	"[P08637]"	"4.2079E-4"	"6"	""	""	"0"	""	""	"0.95"	"FCGR3A"	""	""
"0.7884615384615384"	""	"30253265"	"[]"	"[disease of anatomical entity (7)]"	"[Abnormality of the immune system (02715)]"	"[Immune System Diseases (C20), Skin and Connective Tissue Diseases (C17)]"	"[Disease or Syndrome (T047)]"	"Lupus Erythematosus, Systemic"	"disease"	"C0024141"	"[MESH_D008180, ICD10_M32, NCI_C3201, ICD10_M32.9, OMIM_152700, ICD9CM_710.0, HPO_HP:0002725, ORDO_536, DO_9074, MONDO_0007915, UMLS_C0024141]"	"Not applicable"	"1-5 / 10 000,6-9 / 10 000,1-5 / 10 000,1-5 / 10 000,1-5 / 10 000,1-5 / 10 000,1-5 / 10 000,1-5 / 10 000,1-9 / 100 000,1-5 / 10 000,6-9 / 10 000"	"France,Martinique,New Zealand,Korea, Republic of,United States,Taiwan, Province of China,Europe,Finland,Worldwide,Worldwide,Poland"	"Point prevalence,Point prevalence,Point prevalence,Point prevalence,Point prevalence,Point prevalence,Point prevalence,Point prevalence,Annual incidence,Point prevalence,Annual incidence"	"0.913"	"0.382"	"[ENSG00000203747]"	"2214"	"protein-coding"	"[DTO_05007620]"	"[Cell adhesion]"	"[P08637]"	"4.2079E-4"	"2"	""	""	"0"	""	""	"0.9"	"FCGR3A"	""	""
"0.8461538461538461"	""	"70290712"	"[]"	"[disease of anatomical entity (7)]"	"[Abnormality of blood and blood-forming tissues (01871), Abnormality of the immune system (02715)]"	"[Immune System Diseases (C20), Hemic and Lymphatic Diseases (C15), Pathological Conditions, Signs and Symptoms (C23)]"	"[Disease or Syndrome (T047)]"	"Immune thrombocytopenic purpura"	"disease"	"C0398650"	"[MESH_D016553, ICD10_D69.3, OMIM_188030, NCI_C3446, ICD9CM_287.31, HPO_HP:0001973, ORDO_3002, DO_8924, MONDO_0008558, EFO_0007160, UMLS_C0398650]"	"Not applicable"	"1-5 / 10 000,1-9 / 100 000,1-9 / 100 000,1-9 / 100 000,1-5 / 10 000,1-9 / 100 000"	"Europe,United States,United Kingdom,Denmark,Denmark,France"	"Point prevalence,Point prevalence,Annual incidence,Annual incidence,Point prevalence,Annual incidence"	"0.913"	"0.382"	"[ENSG00000203747]"	"2214"	"protein-coding"	"[DTO_05007620]"	"[Cell adhesion]"	"[P08637]"	"4.2079E-4"	"4"	""	""	"0"	""	""	"0.9"	"FCGR3A"	""	""
"1.0"	""	"5257598"	"[]"	"[disease of anatomical entity (7)]"	"[Abnormality of the musculoskeletal system (33127)]"	"[Musculoskeletal Diseases (C05)]"	"[Disease or Syndrome (T047)]"	"Arthritis"	"disease"	"C0003864"	"[MESH_D001168, ICD10_M13.9, HPO_HP:0001369, NCI_C2883, DO_848, MONDO_0005578, EFO_0005856, UMLS_C0003864]"	""	""	""	""	"0.913"	"0.382"	"[ENSG00000203747]"	"2214"	"protein-coding"	"[DTO_05007620]"	"[Cell adhesion]"	"[P08637]"	"4.2079E-4"	"5"	""	""	"0"	""	""	"0.9"	"FCGR3A"	""	""
"0.8837209302325582"	""	"25103243"	"[]"	"[disease by infectious agent (0050117)]"	"[]"	"[Infections (C01), Urogenital Diseases (C12), Immune System Diseases (C20)]"	"[Disease or Syndrome (T047)]"	"HIV Infections"	"disease"	"C0019693"	"[MESH_D015658, ICD10_B20-B24.9, ICD10_B24, ICD9CM_042, NCI_C3108, ICD9CM_042-042.99, DO_526, DO_635, MONDO_0005109, EFO_0000764, UMLS_C0019693]"	""	""	""	""	"0.913"	"0.382"	"[ENSG00000203747]"	"2214"	"protein-coding"	"[DTO_05007620]"	"[Cell adhesion]"	"[P08637]"	"4.2079E-4"	"4"	""	""	"0"	""	""	"0.85"	"FCGR3A"	""	""
"1.0"	""	"5306158"	"[]"	"[disease of anatomical entity (7)]"	"[Abnormality of the respiratory system (02086), Abnormality of the immune system (02715)]"	"[Immune System Diseases (C20), Respiratory Tract Diseases (C08)]"	"[Disease or Syndrome (T047)]"	"Asthma"	"disease"	"C0004096"	"[ICD10_J45, MESH_D001249, ICD10_J45.9, HPO_HP:0002099, NCI_C28397, ICD9CM_493, ICD9CM_493.9, DO_2841, DO_9360, DO_9415, MONDO_0004979, UMLS_C0004096]"	""	""	""	""	"0.913"	"0.382"	"[ENSG00000203747]"	"2214"	"protein-coding"	"[DTO_05007620]"	"[Cell adhesion]"	"[P08637]"	"4.2079E-4"	"2"	""	""	"0"	""	""	"0.85"	"FCGR3A"	""	""
"0.6666666666666666"	""	"30267967"	"[]"	"[disease of anatomical entity (7)]"	"[]"	"[Immune System Diseases (C20), Skin and Connective Tissue Diseases (C17), Urogenital Diseases (C12)]"	"[Disease or Syndrome (T047)]"	"Lupus Nephritis"	"disease"	"C0024143"	"[MESH_D008181, HPO_HP:0033726, NCI_C34789, DO_0080162, MONDO_0005556, EFO_0005761, UMLS_C0024143]"	""	""	""	""	"0.913"	"0.382"	"[ENSG00000203747]"	"2214"	"protein-coding"	"[DTO_05007620]"	"[Cell adhesion]"	"[P08637]"	"4.2079E-4"	"0"	""	""	"0"	""	""	"0.75"	"FCGR3A"	""	""
"0.9285714285714286"	""	"15161659"	"[]"	"[disease of anatomical entity (7)]"	"[Abnormality of the cardiovascular system (01626)]"	"[Cardiovascular Diseases (C14)]"	"[Disease or Syndrome (T047)]"	"Coronary Arteriosclerosis"	"disease"	"C0010054"	"[MESH_D003324, ICD10_I25.1, HPO_HP:0001677, NCI_C35505, ICD9CM_414.0, DO_13739, DO_3393, MONDO_0005010, MONDO_0021661, EFO_0001645, UMLS_C0010054]"	""	""	""	""	"0.913"	"0.382"	"[ENSG00000203747]"	"2214"	"protein-coding"	"[DTO_05007620]"	"[Cell adhesion]"	"[P08637]"	"4.2079E-4"	"0"	""	""	"0"	""	""	"0.75"	"FCGR3A"	""	""
"1.0"	""	"25187260"	"[]"	"[disease of anatomical entity (7)]"	"[Abnormality of the immune system (02715)]"	"[Immune System Diseases (C20)]"	"[Pathologic Function (T046)]"	"Hypersensitivity"	"phenotype"	"C0020517"	"[MESH_D006967, ICD10_T78.4, HPO_HP:0012393, NCI_C3114, DO_1205, MONDO_0000605, MONDO_0005271, EFO_1002003, UMLS_C0020517]"	""	""	""	""	"0.913"	"0.382"	"[ENSG00000203747]"	"2214"	"protein-coding"	"[DTO_05007620]"	"[Cell adhesion]"	"[P08637]"	"4.2079E-4"	"1"	""	""	"0"	""	""	"0.75"	"FCGR3A"	""	""
"1.0"	""	"20276795"	"[]"	"[disease of anatomical entity (7)]"	"[]"	"[Immune System Diseases (C20)]"	"[Disease or Syndrome (T047)]"	"Graft-vs-Host Disease"	"disease"	"C0018133"	"[MESH_D006086, ICD9CM_279.5, ICD9CM_279.50, NCI_C3063, ORDO_39812, DO_0081267, MONDO_0013730, UMLS_C0018133]"	"Not applicable"	"1-9 / 100 000"	"Europe"	"Point prevalence"	"0.913"	"0.382"	"[ENSG00000203747]"	"2214"	"protein-coding"	"[DTO_05007620]"	"[Cell adhesion]"	"[P08637]"	"4.2079E-4"	"2"	""	""	"0"	""	""	"0.75"	"FCGR3A"	""	""
"1.0"	""	"15176162"	"[]"	"[disease of anatomical entity (7)]"	"[]"	"[Cardiovascular Diseases (C14)]"	"[Disease or Syndrome (T047)]"	"Coronary heart disease"	"disease"	"C0010068"	"[MESH_D003327, DO_3393, MONDO_0005010, EFO_0001645, UMLS_C0010068]"	""	""	""	""	"0.913"	"0.382"	"[ENSG00000203747]"	"2214"	"protein-coding"	"[DTO_05007620]"	"[Cell adhesion]"	"[P08637]"	"4.2079E-4"	"2"	""	""	"0"	""	""	"0.75"	"FCGR3A"	""	""
"1.0"	""	"30305746"	"[]"	"[disease of anatomical entity (7), disease of cellular proliferation (14566)]"	"[Abnormal cellular phenotype (25354), Abnormality of blood and blood-forming tissues (01871), Abnormality of the immune system (02715), Neoplasm (02664), Abnormality of metabolism/homeostasis (01939)]"	"[Cardiovascular Diseases (C14), Neoplasms (C04), Hemic and Lymphatic Diseases (C15), Immune System Diseases (C20)]"	"[Neoplastic Process (T191)]"	"Waldenstrom Macroglobulinemia"	"disease"	"C0024419"	"[MESH_D008258, ICD10_C88.0, NCI_C80307, ICD9CM_273.3, HPO_HP:0005508, ORDO_33226, DO_0060901, MONDO_0100280, EFO_0002616, EFO_0009441, UMLS_C0024419]"	"Multigenic/multifactorial"	"1-9 / 1 000 000,1-9 / 100 000,1-9 / 1 000 000,1-9 / 1 000 000,1-9 / 1 000 000,1-9 / 100 000"	"Europe,France,United States,United Kingdom,Spain,Europe"	"Annual incidence,Annual incidence,Annual incidence,Annual incidence,Annual incidence,Point prevalence"	"0.913"	"0.382"	"[ENSG00000203747]"	"2214"	"protein-coding"	"[DTO_05007620]"	"[Cell adhesion]"	"[P08637]"	"4.2079E-4"	"1"	""	""	"0"	""	""	"0.7"	"FCGR3A"	""	""
"1.0"	""	"40095506"	"[]"	"[disease of anatomical entity (7)]"	"[Abnormality of the respiratory system (02086), Abnormality of the immune system (02715)]"	"[Infections (C01), Respiratory Tract Diseases (C08)]"	"[Disease or Syndrome (T047)]"	"Pneumonia"	"disease"	"C0032285"	"[MESH_D011014, ICD10_J18.9, HPO_HP:0002090, NCI_C3333, DO_552, MONDO_0005249, EFO_0003106, UMLS_C0032285]"	""	""	""	""	"0.913"	"0.382"	"[ENSG00000203747]"	"2214"	"protein-coding"	"[DTO_05007620]"	"[Cell adhesion]"	"[P08637]"	"4.2079E-4"	"2"	""	""	"0"	""	""	"0.7"	"FCGR3A"	""	""
"1.0"	""	"5420297"	"[]"	"[disease of anatomical entity (7)]"	"[]"	"[Eye Diseases (C11), Skin and Connective Tissue Diseases (C17), Cardiovascular Diseases (C14), Stomatognathic Diseases (C07), Congenital, Hereditary, and Neonatal Diseases and Abnormalities (C16)]"	"[Disease or Syndrome (T047)]"	"Behcet Syndrome"	"disease"	"C0004943"	"[MESH_D001528, ICD10_M35.2, OMIM_109650, NCI_C34416, ICD9CM_136.1, ORDO_117, DO_13241, MONDO_0007191, EFO_0003780, UMLS_C0004943]"	"Multigenic/multifactorial"	"1-9 / 1 000 000,1-9 / 1 000 000,1-9 / 100 000,1-9 / 1 000 000,1-9 / 100 000,1-9 / 100 000,1-5 / 10 000,1-9 / 100 000,1-9 / 100 000,1-5 / 10 000,>1 / 1000,1-5 / 10 000,1-5 / 10 000,1-9 / 1 000 000,1-5 / 10 000,1-9 / 100 000"	"Spain,Italy,United States,Iran, Islamic Republic of,France,Italy,United Kingdom,Sweden,Portugal,Japan,Turkey,Iran, Islamic Republic of,Israel,Taiwan, Province of China,Saudi Arabia,Korea, Republic of"	"Annual incidence,Annual incidence,Point prevalence,Annual incidence,Point prevalence,Point prevalence,Point prevalence,Point prevalence,Point prevalence,Point prevalence,Point prevalence,Point prevalence,Point prevalence,Annual incidence,Point prevalence,Annual incidence"	"0.913"	"0.382"	"[ENSG00000203747]"	"2214"	"protein-coding"	"[DTO_05007620]"	"[Cell adhesion]"	"[P08637]"	"4.2079E-4"	"0"	""	""	"0"	""	""	"0.65"	"FCGR3A"	""	""
"1.0"	""	"65005490"	"[]"	"[disease of anatomical entity (7)]"	"[]"	"[Hemic and Lymphatic Diseases (C15)]"	"[Disease or Syndrome (T047)]"	"Thrombocytopenia due to platelet alloimmunization"	"disease"	"C0272286"	"[NCI_C3991, DO_1587, MONDO_0002048, UMLS_C0272286]"	""	""	""	""	"0.913"	"0.382"	"[ENSG00000203747]"	"2214"	"protein-coding"	"[DTO_05007620]"	"[Cell adhesion]"	"[P08637]"	"4.2079E-4"	"0"	""	""	"0"	""	""	"0.65"	"FCGR3A"	""	""
"0.75"	""	"30302068"	"[]"	"[disease of anatomical entity (7)]"	"[Abnormality of blood and blood-forming tissues (01871), Abnormality of the immune system (02715)]"	"[Immune System Diseases (C20), Hemic and Lymphatic Diseases (C15)]"	"[Disease or Syndrome (T047)]"	"Lymphopenia"	"disease"	"C0024312"	"[MESH_D008231, ICD9CM_288.51, HPO_HP:0001888, DO_614, MONDO_0003783, UMLS_C0024312]"	""	""	""	""	"0.913"	"0.382"	"[ENSG00000203747]"	"2214"	"protein-coding"	"[DTO_05007620]"	"[Cell adhesion]"	"[P08637]"	"4.2079E-4"	"0"	""	""	"0"	""	""	"0.65"	"FCGR3A"	""	""
"1.0"	""	"45071576"	"[]"	"[disease of anatomical entity (7)]"	"[]"	"[Immune System Diseases (C20), Skin and Connective Tissue Diseases (C17), Nervous System Diseases (C10), Cardiovascular Diseases (C14)]"	"[Disease or Syndrome (T047)]"	"Giant Cell Arteritis"	"disease"	"C0039483"	"[MESH_D013700, OMIM_187360, ICD9CM_446.5, NCI_C35065, ORDO_397, DO_13375, MONDO_0008538, EFO_1001209, UMLS_C0039483]"	"Multigenic/multifactorial"	"1-9 / 100 000,1-9 / 1 000 000,1-9 / 100 000,1-9 / 100 000,1-5 / 10 000,1-5 / 10 000,1-5 / 10 000,1-5 / 10 000"	"Germany,United States,Italy,Sweden,United Kingdom,Europe,Italy,Norway"	"Point prevalence,Annual incidence,Annual incidence,Annual incidence,Annual incidence,Point prevalence,Point prevalence,Annual incidence"	"0.913"	"0.382"	"[ENSG00000203747]"	"2214"	"protein-coding"	"[DTO_05007620]"	"[Cell adhesion]"	"[P08637]"	"4.2079E-4"	"0"	""	""	"0"	""	""	"0.65"	"FCGR3A"	""	""
"1.0"	""	"105307511"	"[]"	"[disease of anatomical entity (7), genetic disease (630)]"	"[]"	"[]"	"[Disease or Syndrome (T047)]"	"IMMUNODEFICIENCY 20"	"disease"	"C3810342"	"[OMIM_615707, OMIM_146740, ORDO_437552, DO_0111941, MONDO_0014313, UMLS_C3810342]"	""	""	""	""	"0.913"	"0.382"	"[ENSG00000203747]"	"2214"	"protein-coding"	"[DTO_05007620]"	"[Cell adhesion]"	"[P08637]"	"4.2079E-4"	"0"	""	""	"4"	""	""	"0.6"	"FCGR3A"	"2012"	"1996"
"0.75"	""	"20257090"	"[]"	"[disease of anatomical entity (7)]"	"[Abnormality of the genitourinary system (00119)]"	"[Urogenital Diseases (C12), Immune System Diseases (C20)]"	"[Disease or Syndrome (T047)]"	"IGA Glomerulonephritis"	"disease"	"C0017661"	"[MESH_D005922, NCI_C34643, OMIM_161950, HPO_HP:0000794, NCI_C35280, ORDO_34145, DO_2986, MONDO_0005342, EFO_0004194, UMLS_C0017661]"	""	""	""	""	"0.913"	"0.382"	"[ENSG00000203747]"	"2214"	"protein-coding"	"[DTO_05007620]"	"[Cell adhesion]"	"[P08637]"	"4.2079E-4"	"0"	""	""	"0"	""	""	"0.6"	"FCGR3A"	""	""
"0.6666666666666666"	""	"10449590"	"[]"	"[disease of anatomical entity (7)]"	"[Abnormality of the digestive system (25031), Abnormality of the immune system (02715)]"	"[Digestive System Diseases (C06), Nutritional and Metabolic Diseases (C18)]"	"[Disease or Syndrome (T047)]"	"Celiac Disease"	"disease"	"C0007570"	"[MESH_D002446, ICD10_K90.0, NCI_C26714, ICD9CM_579.0, HPO_HP:0002608, ORDO_555, DO_10608, MONDO_0005130, EFO_0001060, EFO_0009266, UMLS_C0007570]"	""	""	""	""	"0.913"	"0.382"	"[ENSG00000203747]"	"2214"	"protein-coding"	"[DTO_05007620]"	"[Cell adhesion]"	"[P08637]"	"4.2079E-4"	"0"	""	""	"1"	""	""	"0.6"	"FCGR3A"	"2018"	"2018"
"1.0"	""	"50101736"	"[]"	"[disease of anatomical entity (7)]"	"[]"	"[Cardiovascular Diseases (C14)]"	"[Disease or Syndrome (T047)]"	"Myocardial Ischemia"	"disease"	"C0151744"	"[MESH_D017202, ICD10_I20-I25.9, NCI_C50625, ICD9CM_410-414.99, DO_3393, MONDO_0005010, MONDO_0024644, EFO_0001645, EFO_1001375, UMLS_C0151744]"	""	""	""	""	"0.913"	"0.382"	"[ENSG00000203747]"	"2214"	"protein-coding"	"[DTO_05007620]"	"[Cell adhesion]"	"[P08637]"	"4.2079E-4"	"4"	""	""	"0"	""	""	"0.55"	"FCGR3A"	""	""
"1.0"	""	"35133712"	"[]"	"[disease of anatomical entity (7)]"	"[Abnormality of the immune system (02715), Abnormality of the musculoskeletal system (33127)]"	"[Musculoskeletal Diseases (C05), Nervous System Diseases (C10)]"	"[Disease or Syndrome (T047)]"	"Myositis"	"disease"	"C0027121"	"[MESH_D009220, ICD10_M60, ICD10_M60.9, OMIM_160750, HPO_HP:0100614, HPO_HP:0009071, NCI_C27578, DO_633, MONDO_0021167, MONDO_0600024, EFO_0000557, EFO_0000783, UMLS_C0027121]"	""	""	""	""	"0.913"	"0.382"	"[ENSG00000203747]"	"2214"	"protein-coding"	"[DTO_05007620]"	"[Cell adhesion]"	"[P08637]"	"4.2079E-4"	"0"	""	""	"0"	""	""	"0.55"	"FCGR3A"	""	""
"1.0"	""	"50159788"	"[]"	"[disease of anatomical entity (7)]"	"[Abnormality of the nervous system (00707)]"	"[Nervous System Diseases (C10)]"	"[Disease or Syndrome (T047)]"	"Polyneuropathy"	"disease"	"C0152025"	"[MESH_D011115, ICD10_G62.9, HPO_HP:0001271, NCI_C26951, DO_1389, DO_10554, DO_14402, DO_870, MONDO_0001824, EFO_0009562, UMLS_C0152025]"	""	""	""	""	"0.913"	"0.382"	"[ENSG00000203747]"	"2214"	"protein-coding"	"[DTO_05007620]"	"[Cell adhesion]"	"[P08637]"	"4.2079E-4"	"0"	""	""	"0"	""	""	"0.5"	"FCGR3A"	""	""
"1.0"	""	"115269016"	"[]"	"[disease of anatomical entity (7), genetic disease (630)]"	"[]"	"[Immune System Diseases (C20), Congenital, Hereditary, and Neonatal Diseases and Abnormalities (C16)]"	"[Disease or Syndrome (T047)]"	"Autosomal recessive primary immunodeficiency with defective spontaneous natural killer cell cytotoxicity (disorder)"	"disease"	"C5680046"	"[ORDO_437552, DO_0111941, MONDO_0014313, UMLS_C5680046]"	"Autosomal recessive"	"<1 / 1 000 000"	"Worldwide"	"Point prevalence"	"0.913"	"0.382"	"[ENSG00000203747]"	"2214"	"protein-coding"	"[DTO_05007620]"	"[Cell adhesion]"	"[P08637]"	"4.2079E-4"	"0"	""	""	"1"	""	""	"0.5"	"FCGR3A"	"2012"	"2012"
"1.0"	""	"100318157"	"[]"	"[disease of anatomical entity (7), disease of cellular proliferation (14566)]"	"[]"	"[Hemic and Lymphatic Diseases (C15)]"	"[Pathologic Function (T046)]"	"Myelodysplasias, Hematopoetic"	"phenotype"	"C2713368"	"[MESH_D009190, ORDO_52688, DO_0050908, MONDO_0018881, EFO_0000198, UMLS_C2713368]"	""	""	""	""	"0.913"	"0.382"	"[ENSG00000203747]"	"2214"	"protein-coding"	"[DTO_05007620]"	"[Cell adhesion]"	"[P08637]"	"4.2079E-4"	"0"	""	""	"0"	""	""	"0.45"	"FCGR3A"	""	""
"1.0"	""	"5071441"	"[]"	"[disease of anatomical entity (7)]"	"[]"	"[Otorhinolaryngologic Diseases (C09), Respiratory Tract Diseases (C08), Immune System Diseases (C20)]"	"[Disease or Syndrome (T047)]"	"Atopic rhinitis"	"disease"	"C0002103"	"[NCI_C34987, DO_4481, MONDO_0011786, EFO_0005854, UMLS_C0002103]"	""	""	""	""	"0.913"	"0.382"	"[ENSG00000203747]"	"2214"	"protein-coding"	"[DTO_05007620]"	"[Cell adhesion]"	"[P08637]"	"4.2079E-4"	"0"	""	""	"0"	""	""	"0.45"	"FCGR3A"	""	""
"1.0"	""	"60206600"	"[]"	"[disease of anatomical entity (7)]"	"[]"	"[Cardiovascular Diseases (C14)]"	"[Disease or Syndrome (T047)]"	"Chronic ischemic heart disease"	"disease"	"C0264694"	"[ICD10_I25, ICD10_I25.9, ICD9CM_414.9, DO_3393, MONDO_0005010, EFO_0001645, UMLS_C0264694]"	""	""	""	""	"0.913"	"0.382"	"[ENSG00000203747]"	"2214"	"protein-coding"	"[DTO_05007620]"	"[Cell adhesion]"	"[P08637]"	"4.2079E-4"	"0"	""	""	"0"	""	""	"0.45"	"FCGR3A"	""	""
"1.0"	""	"90145713"	"[]"	"[disease of anatomical entity (7)]"	"[]"	"[Urogenital Diseases (C12)]"	"[Disease or Syndrome (T047)]"	"Anti-Basement Membrane Glomerulonephritis"	"disease"	"C1332309"	"[NCI_C35798, DO_4780, MONDO_0003136, UMLS_C1332309]"	""	""	""	""	"0.913"	"0.382"	"[ENSG00000203747]"	"2214"	"protein-coding"	"[DTO_05007620]"	"[Cell adhesion]"	"[P08637]"	"4.2079E-4"	"0"	""	""	"0"	""	""	"0.45"	"FCGR3A"	""	""
"1.0"	""	"20069041"	"[]"	"[disease of anatomical entity (7)]"	"[Abnormality of the nervous system (00707)]"	"[Nervous System Diseases (C10)]"	"[Disease or Syndrome (T047)]"	"Epilepsy"	"disease"	"C0014544"	"[MESH_D004827, ICD10_G40, ICD10_G40.9, NCI_C3020, HPO_HP:0001250, ICD9CM_345.9, DO_1826, MONDO_0005027, EFO_0000474, UMLS_C0014544]"	""	""	""	""	"0.913"	"0.382"	"[ENSG00000203747]"	"2214"	"protein-coding"	"[DTO_05007620]"	"[Cell adhesion]"	"[P08637]"	"4.2079E-4"	"0"	""	""	"0"	""	""	"0.45"	"FCGR3A"	""	""
"1.0"	""	"85041876"	"[]"	"[]"	"[]"	"[Immune System Diseases (C20), Cardiovascular Diseases (C14), Skin and Connective Tissue Diseases (C17), Infections (C01), Nervous System Diseases (C10)]"	"[Disease or Syndrome (T047)]"	"Lupus Vasculitis, Central Nervous System"	"disease"	"C0752332"	"[MESH_D020945, NCI_C116919, MONDO_0043985, EFO_1001363, UMLS_C0752332]"	""	""	""	""	"0.913"	"0.382"	"[ENSG00000203747]"	"2214"	"protein-coding"	"[DTO_05007620]"	"[Cell adhesion]"	"[P08637]"	"4.2079E-4"	"0"	""	""	"1"	""	""	"0.4"	"FCGR3A"	"2016"	"2016"
"1.0"	""	"5306269"	"[]"	"[disease of anatomical entity (7)]"	"[Abnormality of the respiratory system (02086), Abnormality of the immune system (02715)]"	"[Immune System Diseases (C20), Respiratory Tract Diseases (C08)]"	"[Disease or Syndrome (T047)]"	"Asthma"	"disease"	"C0004096"	"[ICD10_J45, MESH_D001249, ICD10_J45.9, HPO_HP:0002099, NCI_C28397, ICD9CM_493, ICD9CM_493.9, DO_2841, DO_9360, DO_9415, MONDO_0004979, UMLS_C0004096]"	""	""	""	""	"0.826"	"0.554"	"[ENSG00000161405]"	"22806"	"protein-coding"	"[DTO_05007542]"	"[Transcription factor]"	"[Q9UKT9]"	"1.0"	"0"	""	""	"1"	""	""	"0.85"	"IKZF3"	"2015"	"2015"
"0.9"	""	"30079200"	"[]"	"[disease of anatomical entity (7), disease of cellular proliferation (14566)]"	"[Neoplasm (02664), Abnormality of blood and blood-forming tissues (01871), Abnormality of the immune system (02715)]"	"[Immune System Diseases (C20), Neoplasms (C04), Hemic and Lymphatic Diseases (C15), Pathological Conditions, Signs and Symptoms (C23)]"	"[Neoplastic Process (T191)]"	"Chronic Lymphocytic Leukemia"	"disease"	"C0023434"	"[MESH_D015451, ICD10_C91.1, NCI_C3163, OMIM_151400, HPO_HP:0005550, ICD9CM_204.1, ORDO_67038, DO_1040, DO_1703, MONDO_0004948, EFO_0000095, UMLS_C0023434]"	"Multigenic/multifactorial,Not applicable"	"1-5 / 10 000,1-9 / 100 000"	"Europe,France"	"Point prevalence,Annual incidence"	"0.826"	"0.554"	"[ENSG00000161405]"	"22806"	"protein-coding"	"[DTO_05007542]"	"[Transcription factor]"	"[Q9UKT9]"	"1.0"	"0"	""	""	"1"	""	""	"0.65"	"IKZF3"	"2015"	"2015"
"1.0"	""	"5273037"	"[]"	"[disease of anatomical entity (7)]"	"[Abnormality of the musculoskeletal system (33127)]"	"[Skin and Connective Tissue Diseases (C17), Immune System Diseases (C20), Musculoskeletal Diseases (C05)]"	"[Disease or Syndrome (T047)]"	"Rheumatoid Arthritis"	"disease"	"C0003873"	"[MESH_D001172, ICD10_M06.9, OMIM_180300, ICD9CM_714.0, OMIM_607218, HPO_HP:0001370, NCI_C2884, DO_7148, MONDO_0008383, EFO_0000685, UMLS_C0003873]"	""	""	""	""	"0.826"	"0.554"	"[ENSG00000161405]"	"22806"	"protein-coding"	"[DTO_05007542]"	"[Transcription factor]"	"[Q9UKT9]"	"1.0"	"0"	""	""	"1"	""	""	"0.65"	"IKZF3"	"2012"	"2012"
"0.8"	""	"25258298"	"[]"	"[disease of anatomical entity (7)]"	"[Abnormality of the immune system (02715)]"	"[Immune System Diseases (C20)]"	"[Disease or Syndrome (T047)]"	"Immunologic Deficiency Syndromes"	"disease"	"C0021051"	"[MESH_D007153, ICD10_D84.9, NCI_C39725, ICD9CM_279.3, HPO_HP:0002721, NCI_C3131, DO_612, MONDO_0003778, MONDO_0021094, UMLS_C0021051]"	""	""	""	""	"0.826"	"0.554"	"[ENSG00000161405]"	"22806"	"protein-coding"	"[DTO_05007542]"	"[Transcription factor]"	"[Q9UKT9]"	"1.0"	"0"	""	""	"0"	""	""	"0.65"	"IKZF3"	""	""
"0.7777777777777778"	""	"30099143"	"[]"	"[disease of anatomical entity (7), disease of cellular proliferation (14566)]"	"[Neoplasm (02664), Abnormality of blood and blood-forming tissues (01871), Abnormality of the immune system (02715)]"	"[Immune System Diseases (C20), Neoplasms (C04), Hemic and Lymphatic Diseases (C15)]"	"[Neoplastic Process (T191)]"	"Acute lymphocytic leukemia"	"disease"	"C0023449"	"[ICD10_C91.0, NCI_C3167, HPO_HP:0006721, ICD9CM_204.0, ORDO_513, DO_9952, MONDO_0004967, EFO_0000220, EFO_1001830, UMLS_C0023449]"	""	""	""	""	"0.826"	"0.554"	"[ENSG00000161405]"	"22806"	"protein-coding"	"[DTO_05007542]"	"[Transcription factor]"	"[Q9UKT9]"	"1.0"	"0"	""	""	"1"	""	""	"0.6"	"IKZF3"	"2013"	"2013"
"1.0"	""	"115241679"	"[]"	"[disease of anatomical entity (7), genetic disease (630)]"	"[]"	"[]"	"[Disease or Syndrome (T047)]"	"IMMUNODEFICIENCY 84"	"disease"	"C5561940"	"[OMIM_619437, OMIM_606221, DO_0061054, MONDO_0030333, UMLS_C5561940]"	""	""	""	""	"0.826"	"0.554"	"[ENSG00000161405]"	"22806"	"protein-coding"	"[DTO_05007542]"	"[Transcription factor]"	"[Q9UKT9]"	"1.0"	"0"	""	""	"2"	""	""	"0.6"	"IKZF3"	"2021"	"2021"
"1.0"	""	"90188098"	"[]"	"[disease of anatomical entity (7), disease of cellular proliferation (14566)]"	"[]"	"[Neoplasms (C04)]"	"[Neoplastic Process (T191)]"	"Precursor Lymphoid Neoplasm"	"disease"	"C1335469"	"[NCI_C7055, DO_9952, MONDO_0003538, MONDO_0004967, EFO_0000220, EFO_0009119, UMLS_C1335469]"	""	""	""	""	"0.826"	"0.554"	"[ENSG00000161405]"	"22806"	"protein-coding"	"[DTO_05007542]"	"[Transcription factor]"	"[Q9UKT9]"	"1.0"	"0"	""	""	"1"	""	""	"0.4"	"IKZF3"	"2013"	"2013"
"1.0"	""	"100354210"	"[]"	"[]"	"[]"	"[Neoplasms (C04), Digestive System Diseases (C06), Endocrine System Diseases (C19)]"	"[Neoplastic Process (T191)]"	"Gastro-enteropancreatic neuroendocrine tumor"	"disease"	"C2930967"	"[MESH_C535650, NCI_C95404, MONDO_0000386, MONDO_0024503, UMLS_C2930967]"	""	""	""	""	"0.826"	"0.554"	"[ENSG00000161405]"	"22806"	"protein-coding"	"[DTO_05007542]"	"[Transcription factor]"	"[Q9UKT9]"	"1.0"	"0"	""	""	"1"	""	""	"0.4"	"IKZF3"	"2018"	"2018"
"0.9259259259259259"	""	"25292925"	"[]"	"[]"	"[]"	"[Pathological Conditions, Signs and Symptoms (C23)]"	"[Pathologic Function (T046)]"	"Inflammation"	"phenotype"	"C0021368"	"[MESH_D007249, NCI_C3137, UMLS_C0021368]"	""	""	""	""	"0.913"	"0.401"	"[ENSG00000186810]"	"2833"	"protein-coding"	"[DTO_02300001]"	"[G-protein coupled receptor]"	"[P49682]"	""	"1"	""	""	"1"	""	""	"0.85"	"CXCR3"	"2003"	"2003"
"0.7777777777777778"	""	"5307609"	"[]"	"[disease of anatomical entity (7)]"	"[Abnormality of the respiratory system (02086), Abnormality of the immune system (02715)]"	"[Immune System Diseases (C20), Respiratory Tract Diseases (C08)]"	"[Disease or Syndrome (T047)]"	"Asthma"	"disease"	"C0004096"	"[ICD10_J45, MESH_D001249, ICD10_J45.9, HPO_HP:0002099, NCI_C28397, ICD9CM_493, ICD9CM_493.9, DO_2841, DO_9360, DO_9415, MONDO_0004979, UMLS_C0004096]"	""	""	""	""	"0.913"	"0.401"	"[ENSG00000186810]"	"2833"	"protein-coding"	"[DTO_02300001]"	"[G-protein coupled receptor]"	"[P49682]"	""	"0"	""	""	"0"	""	""	"0.8"	"CXCR3"	""	""
"0.8888888888888888"	""	"40095820"	"[]"	"[disease of anatomical entity (7)]"	"[Abnormality of the respiratory system (02086), Abnormality of the immune system (02715)]"	"[Infections (C01), Respiratory Tract Diseases (C08)]"	"[Disease or Syndrome (T047)]"	"Pneumonia"	"disease"	"C0032285"	"[MESH_D011014, ICD10_J18.9, HPO_HP:0002090, NCI_C3333, DO_552, MONDO_0005249, EFO_0003106, UMLS_C0032285]"	""	""	""	""	"0.913"	"0.401"	"[ENSG00000186810]"	"2833"	"protein-coding"	"[DTO_02300001]"	"[G-protein coupled receptor]"	"[P49682]"	""	"1"	""	""	"1"	""	""	"0.8"	"CXCR3"	"2011"	"2011"
"0.75"	""	"25187638"	"[]"	"[disease of anatomical entity (7)]"	"[Abnormality of the immune system (02715)]"	"[Immune System Diseases (C20)]"	"[Pathologic Function (T046)]"	"Hypersensitivity"	"phenotype"	"C0020517"	"[MESH_D006967, ICD10_T78.4, HPO_HP:0012393, NCI_C3114, DO_1205, MONDO_0000605, MONDO_0005271, EFO_1002003, UMLS_C0020517]"	""	""	""	""	"0.913"	"0.401"	"[ENSG00000186810]"	"2833"	"protein-coding"	"[DTO_02300001]"	"[G-protein coupled receptor]"	"[P49682]"	""	"1"	""	""	"1"	""	""	"0.75"	"CXCR3"	"2011"	"2011"
"1.0"	""	"15290786"	"[]"	"[disease of anatomical entity (7)]"	"[Abnormality of the immune system (02715), Abnormality of the integument (01574)]"	"[Skin and Connective Tissue Diseases (C17), Immune System Diseases (C20), Congenital, Hereditary, and Neonatal Diseases and Abnormalities (C16)]"	"[Disease or Syndrome (T047)]"	"Dermatitis, Atopic"	"disease"	"C0011615"	"[MESH_D003876, ICD10_L20, ICD10_L20.9, OMIM_603165, HPO_HP:0001047, DO_3310, MONDO_0004980, MONDO_0100178, EFO_0000274, UMLS_C0011615]"	""	""	""	""	"0.913"	"0.401"	"[ENSG00000186810]"	"2833"	"protein-coding"	"[DTO_02300001]"	"[G-protein coupled receptor]"	"[P49682]"	""	"0"	""	""	"1"	""	""	"0.6"	"CXCR3"	"2008"	"2008"
"1.0"	""	"20254712"	"[]"	"[disease of anatomical entity (7)]"	"[Abnormality of the genitourinary system (00119), Abnormality of the immune system (02715)]"	"[Urogenital Diseases (C12)]"	"[Disease or Syndrome (T047)]"	"Glomerulonephritis"	"disease"	"C0017658"	"[MESH_D005921, HPO_HP:0000099, NCI_C26784, DO_10952, DO_2921, DO_557, MONDO_0002462, UMLS_C0017658]"	""	""	""	""	"0.913"	"0.401"	"[ENSG00000186810]"	"2833"	"protein-coding"	"[DTO_02300001]"	"[G-protein coupled receptor]"	"[P49682]"	""	"0"	""	""	"1"	""	""	"0.6"	"CXCR3"	"2003"	"2003"
"1.0"	""	"5073896"	"[]"	"[disease of anatomical entity (7)]"	"[]"	"[Skin and Connective Tissue Diseases (C17)]"	"[Disease or Syndrome (T047)]"	"Alopecia Areata"	"disease"	"C0002171"	"[MESH_D000506, ICD10_L63, ICD10_L63.9, ICD9CM_704.01, DO_986, MONDO_0005340, EFO_0004192, UMLS_C0002171]"	""	""	""	""	"0.913"	"0.401"	"[ENSG00000186810]"	"2833"	"protein-coding"	"[DTO_02300001]"	"[G-protein coupled receptor]"	"[P49682]"	""	"2"	""	""	"1"	""	""	"0.5"	"CXCR3"	"2012"	"2012"
"1.0"	""	"40091750"	"[]"	"[disease of anatomical entity (7)]"	"[]"	"[Respiratory Tract Diseases (C08)]"	"[Disease or Syndrome (T047)]"	"Pleural Diseases"	"disease"	"C0032226"	"[MESH_D010995, NCI_C26859, DO_1532, MONDO_0002037, UMLS_C0032226]"	""	""	""	""	"0.913"	"0.401"	"[ENSG00000186810]"	"2833"	"protein-coding"	"[DTO_02300001]"	"[G-protein coupled receptor]"	"[P49682]"	""	"0"	""	""	"1"	""	""	"0.4"	"CXCR3"	"2011"	"2011"
"1.0"	""	"45044945"	"[]"	"[]"	"[Abnormality of the nervous system (00707), Abnormality of the cardiovascular system (01626)]"	"[Nervous System Diseases (C10), Cardiovascular Diseases (C14)]"	"[Disease or Syndrome (T047)]"	"Cerebrovascular accident"	"disease"	"C0038454"	"[MESH_D020521, NCI_C3390, ICD10_I64, OMIM_601367, HPO_HP:0001297, DO_6713, MONDO_0005098, EFO_0000712, UMLS_C0038454]"	""	""	""	""	"0.913"	"0.401"	"[ENSG00000186810]"	"2833"	"protein-coding"	"[DTO_02300001]"	"[G-protein coupled receptor]"	"[P49682]"	""	"0"	""	""	"1"	""	""	"0.4"	"CXCR3"	"2002"	"2002"
"1.0"	""	"25382132"	"[]"	"[disease of anatomical entity (7)]"	"[]"	"[Pathological Conditions, Signs and Symptoms (C23)]"	"[Pathologic Function (T046)]"	"Ischemia"	"phenotype"	"C0022116"	"[MESH_D007511, NCI_C34738, DO_326, MONDO_0005053, EFO_0000556, UMLS_C0022116]"	""	""	""	""	"0.913"	"0.401"	"[ENSG00000186810]"	"2833"	"protein-coding"	"[DTO_02300001]"	"[G-protein coupled receptor]"	"[P49682]"	""	"0"	""	""	"1"	""	""	"0.4"	"CXCR3"	"2003"	"2003"
"1.0"	""	"15296785"	"[]"	"[disease of anatomical entity (7)]"	"[]"	"[Skin and Connective Tissue Diseases (C17)]"	"[Disease or Syndrome (T047)]"	"Contact Dermatitis"	"disease"	"C0011616"	"[MESH_D003877, ICD10_L25, ICD10_L25.9, HPO_HP:0032282, NCI_C26743, DO_2773, DO_4404, MONDO_0005480, EFO_0005319, UMLS_C0011616]"	""	""	""	""	"0.913"	"0.401"	"[ENSG00000186810]"	"2833"	"protein-coding"	"[DTO_02300001]"	"[G-protein coupled receptor]"	"[P49682]"	""	"0"	""	""	"1"	""	""	"0.4"	"CXCR3"	"2015"	"2015"
"1.0"	""	"5217530"	"[]"	"[disease of anatomical entity (7)]"	"[]"	"[]"	"[Disease or Syndrome (T047)]"	"Ankylosing spondylitis and other inflammatory spondylopathies"	"disease"	"C0003089"	"[ICD9CM_720, DO_417, MONDO_0007179, EFO_0005809, UMLS_C0003089]"	""	""	""	""	"0.913"	"0.401"	"[ENSG00000186810]"	"2833"	"protein-coding"	"[DTO_02300001]"	"[G-protein coupled receptor]"	"[P49682]"	""	"0"	""	""	"1"	""	""	"0.4"	"CXCR3"	"2003"	"2003"
"0.7941176470588235"	""	"40287693"	"[]"	"[disease of mental health (150)]"	"[Abnormality of the nervous system (00707)]"	"[Mental Disorders (F03)]"	"[Mental or Behavioral Dysfunction (T048)]"	"Schizophrenia"	"disease"	"C0036341"	"[MESH_D012559, ICD10_F20, ICD10_F20.9, OMIM_181500, ICD9CM_295.90, HPO_HP:0100753, NCI_C3362, ICD9CM_295.9, ICD9CM_295, DO_5419, MONDO_0005090, UMLS_C0036341]"	""	""	""	""	"0.957"	"0.331"	"[ENSG00000206503]"	"3105"	"protein-coding"	"[]"	"[]"	"[P04439]"	"1.413E-5"	"0"	""	""	"2"	""	""	"0.75"	"HLA-A"	"2013"	"2013"
"0.96"	""	"45028754"	"[]"	"[disease of anatomical entity (7)]"	"[]"	"[Skin and Connective Tissue Diseases (C17), Chemically-Induced Disorders (C25), Stomatognathic Diseases (C07), Immune System Diseases (C20)]"	"[Disease or Syndrome (T047)]"	"Stevens-Johnson Syndrome"	"disease"	"C0038325"	"[MESH_D013262, ICD10_L51.1, ICD9CM_695.13, NCI_C79484, ORDO_36426, DO_0050426, MONDO_0018229, EFO_0004276, UMLS_C0038325]"	"Not applicable"	""	""	""	"0.957"	"0.331"	"[ENSG00000206503]"	"3105"	"protein-coding"	"[]"	"[]"	"[P04439]"	"1.413E-5"	"0"	""	""	"0"	""	""	"0.75"	"HLA-A"	""	""
"0.9090909090909091"	""	"40129946"	"[]"	"[disease of anatomical entity (7)]"	"[]"	"[Urogenital Diseases (C12)]"	"[Pathologic Function (T046)]"	"Pre-Eclampsia"	"phenotype"	"C0032914"	"[MESH_D011225, ICD10_O14.9, NCI_C85021, HPO_HP:0100602, ORDO_275555, DO_10591, MONDO_0005081, EFO_0000668, UMLS_C0032914]"	"Not applicable"	"1-5 / 10 000"	"Europe"	"Point prevalence"	"0.957"	"0.331"	"[ENSG00000206503]"	"3105"	"protein-coding"	"[]"	"[]"	"[P04439]"	"1.413E-5"	"0"	""	""	"0"	""	""	"0.75"	"HLA-A"	""	""
"0.9333333333333333"	""	"5013540"	"[]"	"[disease by infectious agent (0050117)]"	"[]"	"[Urogenital Diseases (C12), Infections (C01), Immune System Diseases (C20)]"	"[Disease or Syndrome (T047)]"	"Acquired Immunodeficiency Syndrome"	"disease"	"C0001175"	"[MESH_D000163, NCI_C2851, ORDO_310050, DO_526, DO_635, MONDO_0012268, MONDO_0017769, EFO_0000765, UMLS_C0001175]"	""	""	""	""	"0.957"	"0.331"	"[ENSG00000206503]"	"3105"	"protein-coding"	"[]"	"[]"	"[P04439]"	"1.413E-5"	"0"	""	""	"0"	""	""	"0.75"	"HLA-A"	""	""
"0.9285714285714286"	""	"45066621"	"[]"	"[disease of anatomical entity (7)]"	"[]"	"[Skin and Connective Tissue Diseases (C17), Cardiovascular Diseases (C14)]"	"[Disease or Syndrome (T047)]"	"Takayasu Arteritis"	"disease"	"C0039263"	"[MESH_D013625, ICD10_M31.4, OMIM_207600, NCI_C35062, ICD9CM_446.7, ORDO_3287, DO_2508, MONDO_0017991, EFO_1001857, UMLS_C0039263]"	"Not applicable"	"<1 / 1 000 000,1-9 / 100 000,<1 / 1 000 000,1-9 / 100 000,1-9 / 1 000 000,1-9 / 1 000 000,1-9 / 1 000 000,<1 / 1 000 000,1-9 / 1 000 000,1-9 / 1 000 000,1-9 / 1 000 000,1-9 / 1 000 000,1-9 / 1 000 000,1-9 / 100 000,1-9 / 100 000,1-9 / 1 000 000,1-9 / 1 000 000,<1 / 1 000 000"	"Europe,Europe,United Kingdom,Japan,Sweden,Sweden,United Kingdom,Denmark,Kuwait,Lithuania,Kuwait,United States,Norway,Norway,Korea, Republic of,Korea, Republic of,Poland,Poland"	"Annual incidence,Point prevalence,Annual incidence,Point prevalence,Annual incidence,Point prevalence,Point prevalence,Annual incidence,Point prevalence,Annual incidence,Annual incidence,Annual incidence,Annual incidence,Point prevalence,Point prevalence,Annual incidence,Point prevalence,Annual incidence"	"0.957"	"0.331"	"[ENSG00000206503]"	"3105"	"protein-coding"	"[]"	"[]"	"[P04439]"	"1.413E-5"	"0"	""	""	"0"	""	""	"0.75"	"HLA-A"	""	""
"0.8888888888888888"	""	"35043890"	"[]"	"[disease of anatomical entity (7), disease of cellular proliferation (14566)]"	"[Abnormality of blood and blood-forming tissues (01871), Neoplasm (02664)]"	"[Immune System Diseases (C20), Hemic and Lymphatic Diseases (C15), Neoplasms (C04), Cardiovascular Diseases (C14)]"	"[Neoplastic Process (T191)]"	"Multiple Myeloma"	"disease"	"C0026764"	"[MESH_D009101, ICD10_C90.0, OMIM_254500, HPO_HP:0006775, NCI_C3242, ICD9CM_203.0, ORDO_29073, DO_9538, MONDO_0009693, EFO_0001378, UMLS_C0026764]"	"Not applicable"	"1-9 / 100 000,1-9 / 100 000,1-5 / 10 000,1-9 / 100 000,1-9 / 100 000,1-9 / 100 000,1-9 / 100 000,1-9 / 100 000,1-9 / 100 000"	"United States,Worldwide,Europe,France,Europe,United States,Iran, Islamic Republic of,Australia,Denmark"	"Prevalence at birth,Annual incidence,Point prevalence,Annual incidence,Annual incidence,Annual incidence,Annual incidence,Annual incidence,Annual incidence"	"0.957"	"0.331"	"[ENSG00000206503]"	"3105"	"protein-coding"	"[]"	"[]"	"[P04439]"	"1.413E-5"	"1"	""	""	"1"	""	""	"0.75"	"HLA-A"	"2007"	"2007"
"1.0"	""	"20232156"	"[]"	"[disease of cellular proliferation (14566)]"	"[Abnormality of the nervous system (00707), Neoplasm (02664)]"	"[Neoplasms (C04)]"	"[Neoplastic Process (T191)]"	"Glioma"	"disease"	"C0017638"	"[MESH_D005910, NCI_C3059, HPO_HP:0009733, ORDO_182067, DO_3070, DO_5076, MONDO_0021042, MONDO_0100342, EFO_0005543, UMLS_C0017638]"	""	"1-9 / 100 000,1-5 / 10 000,1-9 / 100 000,1-9 / 100 000,1-9 / 100 000"	"United States,Europe,Greece,Croatia,Europe"	"Annual incidence,Point prevalence,Annual incidence,Annual incidence,Annual incidence"	"0.957"	"0.331"	"[ENSG00000206503]"	"3105"	"protein-coding"	"[]"	"[]"	"[P04439]"	"1.413E-5"	"0"	""	""	"1"	""	""	"0.7"	"HLA-A"	"2003"	"2003"
"0.9"	""	"45168449"	"[]"	"[disease of anatomical entity (7)]"	"[Abnormality of the eye (00478), Abnormality of the immune system (02715)]"	"[Eye Diseases (C11)]"	"[Disease or Syndrome (T047)]"	"Uveitis"	"disease"	"C0042164"	"[MESH_D014605, HPO_HP:0000554, NCI_C26909, ORDO_98715, DO_12030, DO_13141, MONDO_0020283, EFO_1001082, EFO_1001231, UMLS_C0042164]"	""	""	""	""	"0.957"	"0.331"	"[ENSG00000206503]"	"3105"	"protein-coding"	"[]"	"[]"	"[P04439]"	"1.413E-5"	"0"	""	""	"0"	""	""	"0.7"	"HLA-A"	""	""
"1.0"	""	"35032392"	"[]"	"[disease of anatomical entity (7)]"	"[]"	"[Nervous System Diseases (C10), Cardiovascular Diseases (C14)]"	"[Disease or Syndrome (T047)]"	"Moyamoya Disease"	"disease"	"C0026654"	"[MESH_D009072, ICD10_I67.5, ICD9CM_437.5, NCI_C84895, ORDO_2573, DO_13099, MONDO_0009649, MONDO_0016820, UMLS_C0026654]"	"Autosomal dominant,Autosomal recessive,Multigenic/multifactorial,X-linked recessive"	"1-9 / 1 000 000,1-9 / 100 000,<1 / 1 000 000,1-9 / 1 000 000,<1 / 1 000 000,1-9 / 1 000 000"	"China,China,Taiwan, Province of China,Taiwan, Province of China,United States,France"	"Annual incidence,Point prevalence,Annual incidence,Point prevalence,Annual incidence,Point prevalence"	"0.957"	"0.331"	"[ENSG00000206503]"	"3105"	"protein-coding"	"[]"	"[]"	"[P04439]"	"1.413E-5"	"0"	""	""	"0"	""	""	"0.65"	"HLA-A"	""	""
"1.0"	""	"45081032"	"[]"	"[disease of anatomical entity (7)]"	"[]"	"[Cardiovascular Diseases (C14)]"	"[Disease or Syndrome (T047)]"	"Thromboangiitis Obliterans"	"disease"	"C0040021"	"[MESH_D013919, ICD10_I73.1, OMIM_211480, NCI_C35070, ICD9CM_443.1, ORDO_36258, DO_12918, MONDO_0008889, EFO_1001211, UMLS_C0040021]"	"Not applicable"	"1-5 / 10 000,1-5 / 10 000"	"Worldwide,Europe"	"Point prevalence,Point prevalence"	"0.957"	"0.331"	"[ENSG00000206503]"	"3105"	"protein-coding"	"[]"	"[]"	"[P04439]"	"1.413E-5"	"0"	""	""	"0"	""	""	"0.65"	"HLA-A"	""	""
"1.0"	""	"40303934"	"[]"	"[disease of mental health (150)]"	"[]"	"[Mental Disorders (F03)]"	"[Mental or Behavioral Dysfunction (T048)]"	"Paranoid Schizophrenia"	"disease"	"C0036349"	"[MESH_D012563, ICD10_F20.0, ICD9CM_295.30, NCI_C35006, ICD9CM_295.3, DO_1229, DO_778, MONDO_0001484, UMLS_C0036349]"	""	""	""	""	"0.957"	"0.331"	"[ENSG00000206503]"	"3105"	"protein-coding"	"[]"	"[]"	"[P04439]"	"1.413E-5"	"0"	""	""	"1"	""	""	"0.65"	"HLA-A"	"2006"	"2006"
"1.0"	""	"95284280"	"[]"	"[disease of anatomical entity (7)]"	"[]"	"[Eye Diseases (C11), Immune System Diseases (C20)]"	"[Disease or Syndrome (T047)]"	"Birdshot Chorioretinopathy"	"disease"	"C1853959"	"[OMIM_605808, MESH_D000080365, HPO_HP:0030952, ORDO_179, DO_0111079, MONDO_0011599, UMLS_C1853959]"	"Unknown"	"1-9 / 1 000 000,1-9 / 1 000 000"	"Worldwide,United States"	"Point prevalence,Point prevalence"	"0.957"	"0.331"	"[ENSG00000206503]"	"3105"	"protein-coding"	"[]"	"[]"	"[P04439]"	"1.413E-5"	"0"	""	""	"1"	""	""	"0.6"	"HLA-A"	"2013"	"2013"
"1.0"	""	"5370082"	"[]"	"[disease of mental health (150)]"	"[Abnormality of the nervous system (00707)]"	"[Mental Disorders (F03)]"	"[Mental or Behavioral Dysfunction (T048)]"	"Autistic Disorder"	"disease"	"C0004352"	"[ICD10_F84.0, MESH_D001321, OMIM_209850, NCI_C97161, HPO_HP:0000717, ICD9CM_299.0, ORDO_106, DO_12849, MONDO_0005260, MONDO_0020836, EFO_0003756, EFO_0003758, UMLS_C0004352]"	""	""	""	""	"0.957"	"0.331"	"[ENSG00000206503]"	"3105"	"protein-coding"	"[]"	"[]"	"[P04439]"	"1.413E-5"	"0"	""	""	"1"	""	""	"0.6"	"HLA-A"	"2006"	"2006"
"1.0"	""	"75237531"	"[]"	"[disease of cellular proliferation (14566)]"	"[]"	"[Neoplasms (C04)]"	"[Neoplastic Process (T191)]"	"Malignant Glioma"	"disease"	"C0555198"	"[MESH_D005910, NCI_C4822, ORDO_182067, DO_3070, DO_5076, MONDO_0021042, MONDO_0100342, EFO_0005543, UMLS_C0555198]"	""	""	""	""	"0.957"	"0.331"	"[ENSG00000206503]"	"3105"	"protein-coding"	"[]"	"[]"	"[P04439]"	"1.413E-5"	"0"	""	""	"1"	""	""	"0.6"	"HLA-A"	"2003"	"2003"
"1.0"	""	"90245529"	"[]"	"[]"	"[Abnormality of the nervous system (00707)]"	"[Mental Disorders (F03)]"	"[Mental or Behavioral Dysfunction (T048)]"	"Paranoia"	"disease"	"C1456784"	"[MESH_D010259, NCI_C94546, HPO_HP:0011999, DO_778, UMLS_C1456784]"	""	""	""	""	"0.957"	"0.331"	"[ENSG00000206503]"	"3105"	"protein-coding"	"[]"	"[]"	"[P04439]"	"1.413E-5"	"0"	""	""	"1"	""	""	"0.6"	"HLA-A"	"2006"	"2006"
"1.0"	""	"45085727"	"[]"	"[disease of anatomical entity (7)]"	"[Abnormality of blood and blood-forming tissues (01871)]"	"[Hemic and Lymphatic Diseases (C15)]"	"[Disease or Syndrome (T047)]"	"Thrombocytopenia"	"disease"	"C0040034"	"[MESH_D013921, ICD10_D69.6, ICD9CM_287.5, HPO_HP:0001873, NCI_C203448, DO_1588, MONDO_0002049, UMLS_C0040034]"	""	""	""	""	"0.957"	"0.331"	"[ENSG00000206503]"	"3105"	"protein-coding"	"[]"	"[]"	"[P04439]"	"1.413E-5"	"1"	""	""	"1"	""	""	"0.6"	"HLA-A"	"1986"	"1986"
"1.0"	""	"15299305"	"[]"	"[disease of anatomical entity (7)]"	"[Abnormality of the integument (01574)]"	"[Skin and Connective Tissue Diseases (C17)]"	"[Disease or Syndrome (T047)]"	"Scleroderma"	"disease"	"C0011644"	"[HPO_HP:0100324, NCI_C26746, MESH_D012594, ORDO_801, ORDO_90289, DO_418, DO_419, DO_8472, MONDO_0019562, MONDO_0019340, EFO_0000717, EFO_1001361, EFO_1001993, UMLS_C0011644]"	"Not applicable"	"1-9 / 100 000,1-5 / 10 000,1-9 / 100 000,1-5 / 10 000,>1 / 1000"	"Worldwide,Worldwide,Australia,Australia,Specific population"	"Annual incidence,Point prevalence,Annual incidence,Point prevalence,Point prevalence"	"0.957"	"0.331"	"[ENSG00000206503]"	"3105"	"protein-coding"	"[]"	"[]"	"[P04439]"	"1.413E-5"	"0"	""	""	"0"	""	""	"0.55"	"HLA-A"	""	""
"1.0"	""	"95002219"	"[]"	"[disease of anatomical entity (7), disease of cellular proliferation (14566)]"	"[]"	"[Neoplasms (C04)]"	"[Neoplastic Process (T191)]"	"Ductal Breast Carcinoma"	"disease"	"C1527349"	"[NCI_C4017, DO_3008, MONDO_0005590, MONDO_0004953, EFO_0000186, EFO_0006318, UMLS_C1527349]"	""	""	""	""	"0.957"	"0.331"	"[ENSG00000206503]"	"3105"	"protein-coding"	"[]"	"[]"	"[P04439]"	"1.413E-5"	"0"	""	""	"0"	""	""	"0.5"	"HLA-A"	""	""
"1.0"	""	"70182294"	"[]"	"[disease of anatomical entity (7), disease of cellular proliferation (14566)]"	"[]"	"[Neoplasms (C04), Urogenital Diseases (C12)]"	"[Neoplastic Process (T191)]"	"Malignant neoplasm of vulva"	"disease"	"C0375071"	"[ICD10_C51, ICD10_C51.9, MESH_D014846, ICD9CM_184.4, NCI_C7502, DO_1245, MONDO_0001528, UMLS_C0375071]"	""	""	""	""	"0.957"	"0.331"	"[ENSG00000206503]"	"3105"	"protein-coding"	"[]"	"[]"	"[P04439]"	"1.413E-5"	"0"	""	""	"0"	""	""	"0.45"	"HLA-A"	""	""
"1.0"	""	"85030934"	"[]"	"[disease of anatomical entity (7)]"	"[]"	"[Immune System Diseases (C20), Nervous System Diseases (C10), Cardiovascular Diseases (C14)]"	"[Disease or Syndrome (T047)]"	"Vasculitis, Central Nervous System"	"disease"	"C0751878"	"[MESH_D020293, NCI_C84622, DO_2555, DO_525, MONDO_0003346, UMLS_C0751878]"	""	""	""	""	"0.957"	"0.331"	"[ENSG00000206503]"	"3105"	"protein-coding"	"[]"	"[]"	"[P04439]"	"1.413E-5"	"0"	""	""	"0"	""	""	"0.45"	"HLA-A"	""	""
"1.0"	""	"10465653"	"[]"	"[disease of anatomical entity (7)]"	"[]"	"[Pathological Conditions, Signs and Symptoms (C23), Nervous System Diseases (C10), Cardiovascular Diseases (C14)]"	"[Disease or Syndrome (T047)]"	"Cerebral Infarction"	"disease"	"C0007785"	"[MESH_D002544, ICD10_I63, ICD10_I63.9, NCI_C50486, OMIM_601367, HPO_HP:0025722, DO_10127, DO_3526, MONDO_0002679, EFO_0004277, UMLS_C0007785]"	""	""	""	""	"0.957"	"0.331"	"[ENSG00000206503]"	"3105"	"protein-coding"	"[]"	"[]"	"[P04439]"	"1.413E-5"	"0"	""	""	"0"	""	""	"0.45"	"HLA-A"	""	""
"1.0"	""	"45198043"	"[]"	"[disease of anatomical entity (7), disease of cellular proliferation (14566)]"	"[Neoplasm (02664), Abnormality of the genitourinary system (00119)]"	"[Urogenital Diseases (C12), Neoplasms (C04)]"	"[Neoplastic Process (T191)]"	"Vulvar Neoplasms"	"disease"	"C0042995"	"[MESH_D014846, HPO_HP:0030416, NCI_C3443, DO_1245, MONDO_0001528, MONDO_0021049, UMLS_C0042995]"	""	""	""	""	"0.957"	"0.331"	"[ENSG00000206503]"	"3105"	"protein-coding"	"[]"	"[]"	"[P04439]"	"1.413E-5"	"0"	""	""	"0"	""	""	"0.45"	"HLA-A"	""	""
"1.0"	""	"5237636"	"[]"	"[disease of anatomical entity (7)]"	"[]"	"[Cardiovascular Diseases (C14)]"	"[Disease or Syndrome (T047)]"	"Aortic Arch Syndromes"	"disease"	"C0003490"	"[MESH_D001015, NCI_C34391, DO_2508, MONDO_0017991, EFO_1001857, UMLS_C0003490]"	""	""	""	""	"0.957"	"0.331"	"[ENSG00000206503]"	"3105"	"protein-coding"	"[]"	"[]"	"[P04439]"	"1.413E-5"	"0"	""	""	"0"	""	""	"0.45"	"HLA-A"	""	""
"1.0"	""	"45124915"	"[]"	"[disease by infectious agent (0050117)]"	"[]"	"[Infections (C01)]"	"[Disease or Syndrome (T047)]"	"Tuberculoma"	"disease"	"C0041295"	"[MESH_D014375, DO_399, MONDO_0018076, MONDO_0021943, UMLS_C0041295]"	""	""	""	""	"0.957"	"0.331"	"[ENSG00000206503]"	"3105"	"protein-coding"	"[]"	"[]"	"[P04439]"	"1.413E-5"	"0"	""	""	"0"	""	""	"0.45"	"HLA-A"	""	""
"1.0"	""	"105163015"	"[]"	"[]"	"[]"	"[]"	"[Finding (T033)]"	"HYPERSENSITIVITY SYNDROME, CARBAMAZEPINE-INDUCED, SUSCEPTIBILITY TO"	"phenotype"	"C3277286"	"[OMIM_608579, OMIM_142800, UMLS_C3277286]"	""	""	""	""	"0.957"	"0.331"	"[ENSG00000206503]"	"3105"	"protein-coding"	"[]"	"[]"	"[P04439]"	"1.413E-5"	"0"	""	""	"6"	""	""	"0.4"	"HLA-A"	"2018"	"2006"
"1.0"	""	"110126206"	"[]"	"[]"	"[]"	"[Digestive System Diseases (C06), Chemically-Induced Disorders (C25)]"	"[Disease or Syndrome (T047)]"	"Chemical and Drug Induced Liver Injury"	"disease"	"C4277682"	"[MESH_D056486, MONDO_0005359, EFO_0004228, EFO_0011052, UMLS_C4277682]"	""	""	""	""	"0.957"	"0.331"	"[ENSG00000206503]"	"3105"	"protein-coding"	"[]"	"[]"	"[P04439]"	"1.413E-5"	"0"	""	""	"2"	""	""	"0.4"	"HLA-A"	"2017"	"2011"
"1.0"	""	"40014062"	"[]"	"[disease of anatomical entity (7)]"	"[]"	"[Skin and Connective Tissue Diseases (C17)]"	"[Disease or Syndrome (T047)]"	"Parapsoriasis"	"disease"	"C0030491"	"[MESH_D010267, ICD10_L41, ICD10_L41.9, ICD9CM_696.2, NCI_C3312, DO_9088, MONDO_0006592, EFO_1000747, UMLS_C0030491]"	""	""	""	""	"0.957"	"0.331"	"[ENSG00000206503]"	"3105"	"protein-coding"	"[]"	"[]"	"[P04439]"	"1.413E-5"	"0"	""	""	"1"	""	""	"0.4"	"HLA-A"	"2006"	"2006"
""	""	"95203658"	"[]"	"[]"	"[]"	"[]"	"[Finding (T033)]"	"SEVERE CUTANEOUS ADVERSE REACTION, SUSCEPTIBILITY TO"	"phenotype"	"C1840548"	"[OMIM_608579, OMIM_142830, MONDO_0018229, EFO_0004276, UMLS_C1840548]"	""	""	""	""	"0.957"	"0.331"	"[ENSG00000206503]"	"3105"	"protein-coding"	"[]"	"[]"	"[P04439]"	"1.413E-5"	"0"	""	""	"0"	""	""	"0.4"	"HLA-A"	""	""
"0.8888888888888888"	""	"45020970"	"[]"	"[disease of anatomical entity (7)]"	"[]"	"[Musculoskeletal Diseases (C05)]"	"[Disease or Syndrome (T047)]"	"Ankylosing spondylitis"	"disease"	"C0038013"	"[ICD10_M45, MESH_D013167, ICD9CM_720.0, NCI_C84564, ORDO_825, DO_7147, MONDO_0005306, EFO_0003898, UMLS_C0038013]"	""	""	""	""	"0.913"	"0.346"	"[ENSG00000234745]"	"3106"	"protein-coding"	"[]"	"[]"	"[P01889]"	"7.5367E-5"	"0"	""	""	"0"	""	""	"1.0"	"HLA-B"	""	""
"0.9117647058823529"	""	"40171167"	"[]"	"[disease of anatomical entity (7)]"	"[Abnormality of the immune system (02715), Abnormality of the integument (01574)]"	"[Skin and Connective Tissue Diseases (C17)]"	"[Disease or Syndrome (T047)]"	"Psoriasis"	"disease"	"C0033860"	"[MESH_D011565, ICD10_L40, ICD10_L40.9, HPO_HP:0003765, NCI_C3346, DO_4398, DO_8893, DO_9088, MONDO_0005083, EFO_0000676, UMLS_C0033860]"	""	""	""	""	"1.0"	"0.329"	"[ENSG00000113302]"	"3593"	"protein-coding"	"[DTO_05007599]"	"[Signaling]"	"[P29460]"	"4.3903E-7"	"12"	""	""	"3"	""	""	"1.0"	"IL12B"	"2010"	"2009"
"0.918918918918919"	""	"30260158"	"[]"	"[disease of anatomical entity (7)]"	"[Abnormality of the immune system (02715)]"	"[Immune System Diseases (C20), Skin and Connective Tissue Diseases (C17)]"	"[Disease or Syndrome (T047)]"	"Lupus Erythematosus, Systemic"	"disease"	"C0024141"	"[MESH_D008180, ICD10_M32, NCI_C3201, ICD10_M32.9, OMIM_152700, ICD9CM_710.0, HPO_HP:0002725, ORDO_536, DO_9074, MONDO_0007915, UMLS_C0024141]"	"Not applicable"	"1-5 / 10 000,6-9 / 10 000,1-5 / 10 000,1-5 / 10 000,1-5 / 10 000,1-5 / 10 000,1-5 / 10 000,1-5 / 10 000,1-9 / 100 000,1-5 / 10 000,6-9 / 10 000"	"France,Martinique,New Zealand,Korea, Republic of,United States,Taiwan, Province of China,Europe,Finland,Worldwide,Worldwide,Poland"	"Point prevalence,Point prevalence,Point prevalence,Point prevalence,Point prevalence,Point prevalence,Point prevalence,Point prevalence,Annual incidence,Point prevalence,Annual incidence"	"0.913"	"0.429"	"[ENSG00000196664]"	"51284"	"protein-coding"	"[]"	"[]"	"[Q9NYK1]"	""	"1"	""	""	"1"	""	""	"1.0"	"TLR7"	"2022"	"2022"
"0.9137931034482759"	""	"30262403"	"[]"	"[disease of anatomical entity (7)]"	"[Abnormality of the immune system (02715)]"	"[Immune System Diseases (C20), Skin and Connective Tissue Diseases (C17)]"	"[Disease or Syndrome (T047)]"	"Lupus Erythematosus, Systemic"	"disease"	"C0024141"	"[MESH_D008180, ICD10_M32, NCI_C3201, ICD10_M32.9, OMIM_152700, ICD9CM_710.0, HPO_HP:0002725, ORDO_536, DO_9074, MONDO_0007915, UMLS_C0024141]"	"Not applicable"	"1-5 / 10 000,6-9 / 10 000,1-5 / 10 000,1-5 / 10 000,1-5 / 10 000,1-5 / 10 000,1-5 / 10 000,1-5 / 10 000,1-9 / 100 000,1-5 / 10 000,6-9 / 10 000"	"France,Martinique,New Zealand,Korea, Republic of,United States,Taiwan, Province of China,Europe,Finland,Worldwide,Worldwide,Poland"	"Point prevalence,Point prevalence,Point prevalence,Point prevalence,Point prevalence,Point prevalence,Point prevalence,Point prevalence,Annual incidence,Point prevalence,Annual incidence"	"0.826"	"0.524"	"[ENSG00000136573]"	"640"	"protein-coding"	"[DTO_03300101]"	"[Kinase]"	"[P51451]"	"6.2873E-23"	"0"	""	""	"10"	""	""	"1.0"	"BLK"	"2020"	"2008"
"0.917910447761194"	""	"45028891"	"[]"	"[disease of anatomical entity (7)]"	"[]"	"[Skin and Connective Tissue Diseases (C17), Chemically-Induced Disorders (C25), Stomatognathic Diseases (C07), Immune System Diseases (C20)]"	"[Disease or Syndrome (T047)]"	"Stevens-Johnson Syndrome"	"disease"	"C0038325"	"[MESH_D013262, ICD10_L51.1, ICD9CM_695.13, NCI_C79484, ORDO_36426, DO_0050426, MONDO_0018229, EFO_0004276, UMLS_C0038325]"	"Not applicable"	""	""	""	"0.913"	"0.346"	"[ENSG00000234745]"	"3106"	"protein-coding"	"[]"	"[]"	"[P01889]"	"7.5367E-5"	"1"	""	""	"0"	""	""	"0.95"	"HLA-B"	""	""
"0.8852459016393442"	""	"25104987"	"[]"	"[disease by infectious agent (0050117)]"	"[]"	"[Infections (C01), Urogenital Diseases (C12), Immune System Diseases (C20)]"	"[Disease or Syndrome (T047)]"	"HIV Infections"	"disease"	"C0019693"	"[MESH_D015658, ICD10_B20-B24.9, ICD10_B24, ICD9CM_042, NCI_C3108, ICD9CM_042-042.99, DO_526, DO_635, MONDO_0005109, EFO_0000764, UMLS_C0019693]"	""	""	""	""	"0.913"	"0.346"	"[ENSG00000234745]"	"3106"	"protein-coding"	"[]"	"[]"	"[P01889]"	"7.5367E-5"	"8"	""	""	"0"	""	""	"0.95"	"HLA-B"	""	""
"0.8099173553719008"	""	"5420733"	"[]"	"[disease of anatomical entity (7)]"	"[]"	"[Eye Diseases (C11), Skin and Connective Tissue Diseases (C17), Cardiovascular Diseases (C14), Stomatognathic Diseases (C07), Congenital, Hereditary, and Neonatal Diseases and Abnormalities (C16)]"	"[Disease or Syndrome (T047)]"	"Behcet Syndrome"	"disease"	"C0004943"	"[MESH_D001528, ICD10_M35.2, OMIM_109650, NCI_C34416, ICD9CM_136.1, ORDO_117, DO_13241, MONDO_0007191, EFO_0003780, UMLS_C0004943]"	"Multigenic/multifactorial"	"1-9 / 1 000 000,1-9 / 1 000 000,1-9 / 100 000,1-9 / 1 000 000,1-9 / 100 000,1-9 / 100 000,1-5 / 10 000,1-9 / 100 000,1-9 / 100 000,1-5 / 10 000,>1 / 1000,1-5 / 10 000,1-5 / 10 000,1-9 / 1 000 000,1-5 / 10 000,1-9 / 100 000"	"Spain,Italy,United States,Iran, Islamic Republic of,France,Italy,United Kingdom,Sweden,Portugal,Japan,Turkey,Iran, Islamic Republic of,Israel,Taiwan, Province of China,Saudi Arabia,Korea, Republic of"	"Annual incidence,Annual incidence,Point prevalence,Annual incidence,Point prevalence,Point prevalence,Point prevalence,Point prevalence,Point prevalence,Point prevalence,Point prevalence,Point prevalence,Point prevalence,Annual incidence,Point prevalence,Annual incidence"	"0.913"	"0.346"	"[ENSG00000234745]"	"3106"	"protein-coding"	"[]"	"[]"	"[P01889]"	"7.5367E-5"	"0"	""	""	"1"	""	""	"0.95"	"HLA-B"	"2010"	"2010"
"0.8620689655172413"	""	"30260881"	"[]"	"[disease of anatomical entity (7)]"	"[Abnormality of the immune system (02715)]"	"[Immune System Diseases (C20), Skin and Connective Tissue Diseases (C17)]"	"[Disease or Syndrome (T047)]"	"Lupus Erythematosus, Systemic"	"disease"	"C0024141"	"[MESH_D008180, ICD10_M32, NCI_C3201, ICD10_M32.9, OMIM_152700, ICD9CM_710.0, HPO_HP:0002725, ORDO_536, DO_9074, MONDO_0007915, UMLS_C0024141]"	"Not applicable"	"1-5 / 10 000,6-9 / 10 000,1-5 / 10 000,1-5 / 10 000,1-5 / 10 000,1-5 / 10 000,1-5 / 10 000,1-5 / 10 000,1-9 / 100 000,1-5 / 10 000,6-9 / 10 000"	"France,Martinique,New Zealand,Korea, Republic of,United States,Taiwan, Province of China,Europe,Finland,Worldwide,Worldwide,Poland"	"Point prevalence,Point prevalence,Point prevalence,Point prevalence,Point prevalence,Point prevalence,Point prevalence,Point prevalence,Annual incidence,Point prevalence,Annual incidence"	"0.87"	"0.559"	"[ENSG00000153064]"	"55024"	"protein-coding"	"[]"	"[]"	"[Q8NDB2]"	"3.25E-20"	"0"	""	""	"4"	""	""	"0.95"	"BANK1"	"2012"	"2008"
"0.9285714285714286"	""	"5311951"	"[]"	"[disease of anatomical entity (7)]"	"[Abnormality of the respiratory system (02086), Abnormality of the immune system (02715)]"	"[Immune System Diseases (C20), Respiratory Tract Diseases (C08)]"	"[Disease or Syndrome (T047)]"	"Asthma"	"disease"	"C0004096"	"[ICD10_J45, MESH_D001249, ICD10_J45.9, HPO_HP:0002099, NCI_C28397, ICD9CM_493, ICD9CM_493.9, DO_2841, DO_9360, DO_9415, MONDO_0004979, UMLS_C0004096]"	""	""	""	""	"1.0"	"0.329"	"[ENSG00000113302]"	"3593"	"protein-coding"	"[DTO_05007599]"	"[Signaling]"	"[P29460]"	"4.3903E-7"	"5"	""	""	"0"	""	""	"0.9"	"IL12B"	""	""
"0.8709677419354839"	""	"5265372"	"[]"	"[disease of anatomical entity (7)]"	"[]"	"[Skin and Connective Tissue Diseases (C17), Musculoskeletal Diseases (C05)]"	"[Disease or Syndrome (T047)]"	"Arthritis, Psoriatic"	"disease"	"C0003872"	"[MESH_D015535, ICD10_L40.5, NCI_C61277, ICD9CM_696.0, DO_9008, MONDO_0011849, EFO_0003778, UMLS_C0003872]"	""	""	""	""	"1.0"	"0.329"	"[ENSG00000113302]"	"3593"	"protein-coding"	"[DTO_05007599]"	"[Signaling]"	"[P29460]"	"4.3903E-7"	"2"	""	""	"1"	""	""	"0.9"	"IL12B"	"2010"	"2010"
"0.8666666666666667"	""	"45168467"	"[]"	"[disease of anatomical entity (7)]"	"[Abnormality of the eye (00478), Abnormality of the immune system (02715)]"	"[Eye Diseases (C11)]"	"[Disease or Syndrome (T047)]"	"Uveitis"	"disease"	"C0042164"	"[MESH_D014605, HPO_HP:0000554, NCI_C26909, ORDO_98715, DO_12030, DO_13141, MONDO_0020283, EFO_1001082, EFO_1001231, UMLS_C0042164]"	""	""	""	""	"0.913"	"0.346"	"[ENSG00000234745]"	"3106"	"protein-coding"	"[]"	"[]"	"[P01889]"	"7.5367E-5"	"0"	""	""	"0"	""	""	"0.9"	"HLA-B"	""	""
"0.7142857142857143"	""	"30228104"	"[]"	"[disease of anatomical entity (7)]"	"[Abnormality of the respiratory system (02086)]"	"[Respiratory Tract Diseases (C08), Pathological Conditions, Signs and Symptoms (C23)]"	"[Disease or Syndrome (T047)]"	"Chronic Obstructive Airway Disease"	"disease"	"C0024117"	"[MESH_D029424, ICD10_J44.9, NCI_C3199, OMIM_606963, HPO_HP:0006510, DO_3083, MONDO_0005002, EFO_0000341, UMLS_C0024117]"	""	""	""	""	"1.0"	"0.329"	"[ENSG00000113302]"	"3593"	"protein-coding"	"[DTO_05007599]"	"[Signaling]"	"[P29460]"	"4.3903E-7"	"1"	""	""	"0"	""	""	"0.9"	"IL12B"	""	""
"0.875"	""	"20064992"	"[]"	"[]"	"[]"	"[Skin and Connective Tissue Diseases (C17), Chemically-Induced Disorders (C25), Stomatognathic Diseases (C07), Immune System Diseases (C20)]"	"[Disease or Syndrome (T047)]"	"Toxic Epidermal Necrolysis"	"disease"	"C0014518"	"[ICD10_L51.2, ICD9CM_695.15, NCI_C79777, MESH_D013262, ORDO_537, ORDO_36426, ORDO_95455, DO_0050426, MONDO_0018229, MONDO_0019810, MONDO_0018890, EFO_0004276, EFO_0004775, UMLS_C0014518]"	"Not applicable"	""	""	""	"0.913"	"0.346"	"[ENSG00000234745]"	"3106"	"protein-coding"	"[]"	"[]"	"[P01889]"	"7.5367E-5"	"0"	""	""	"12"	""	""	"0.85"	"HLA-B"	"2021"	"1994"
"0.7755102040816326"	""	"15050630"	"[]"	"[disease of anatomical entity (7)]"	"[Abnormality of the immune system (02715), Abnormality of the digestive system (25031)]"	"[Digestive System Diseases (C06)]"	"[Disease or Syndrome (T047)]"	"Ulcerative Colitis"	"disease"	"C0009324"	"[ICD10_K51, MESH_D003093, ICD10_K51.9, OMIM_266600, ICD9CM_556.9, HPO_HP:0100279, NCI_C2952, ICD9CM_556, DO_8577, MONDO_0005101, EFO_0000729, UMLS_C0009324]"	""	""	""	""	"1.0"	"0.329"	"[ENSG00000113302]"	"3593"	"protein-coding"	"[DTO_05007599]"	"[Signaling]"	"[P29460]"	"4.3903E-7"	"2"	""	""	"3"	""	""	"0.85"	"IL12B"	"2011"	"2008"
"0.9024390243902439"	""	"20283912"	"[]"	"[disease of anatomical entity (7)]"	"[Abnormality of the endocrine system (00818)]"	"[Endocrine System Diseases (C19), Eye Diseases (C11), Immune System Diseases (C20)]"	"[Disease or Syndrome (T047)]"	"Graves Disease"	"disease"	"C0018213"	"[MESH_D006111, OMIM_275000, NCI_C3071, HPO_HP:0100647, DO_12361, DO_7997, MONDO_0005364, MONDO_0100489, EFO_0004237, UMLS_C0018213]"	""	""	""	""	"0.913"	"0.346"	"[ENSG00000234745]"	"3106"	"protein-coding"	"[]"	"[]"	"[P01889]"	"7.5367E-5"	"0"	""	""	"0"	""	""	"0.85"	"HLA-B"	""	""
"0.8709677419354839"	""	"45066655"	"[]"	"[disease of anatomical entity (7)]"	"[]"	"[Skin and Connective Tissue Diseases (C17), Cardiovascular Diseases (C14)]"	"[Disease or Syndrome (T047)]"	"Takayasu Arteritis"	"disease"	"C0039263"	"[MESH_D013625, ICD10_M31.4, OMIM_207600, NCI_C35062, ICD9CM_446.7, ORDO_3287, DO_2508, MONDO_0017991, EFO_1001857, UMLS_C0039263]"	"Not applicable"	"<1 / 1 000 000,1-9 / 100 000,<1 / 1 000 000,1-9 / 100 000,1-9 / 1 000 000,1-9 / 1 000 000,1-9 / 1 000 000,<1 / 1 000 000,1-9 / 1 000 000,1-9 / 1 000 000,1-9 / 1 000 000,1-9 / 1 000 000,1-9 / 1 000 000,1-9 / 100 000,1-9 / 100 000,1-9 / 1 000 000,1-9 / 1 000 000,<1 / 1 000 000"	"Europe,Europe,United Kingdom,Japan,Sweden,Sweden,United Kingdom,Denmark,Kuwait,Lithuania,Kuwait,United States,Norway,Norway,Korea, Republic of,Korea, Republic of,Poland,Poland"	"Annual incidence,Point prevalence,Annual incidence,Point prevalence,Annual incidence,Point prevalence,Point prevalence,Annual incidence,Point prevalence,Annual incidence,Annual incidence,Annual incidence,Annual incidence,Point prevalence,Point prevalence,Annual incidence,Point prevalence,Annual incidence"	"0.913"	"0.346"	"[ENSG00000234745]"	"3106"	"protein-coding"	"[]"	"[]"	"[P01889]"	"7.5367E-5"	"0"	""	""	"2"	""	""	"0.85"	"HLA-B"	"2013"	"2013"
"0.9032258064516129"	""	"30257438"	"[]"	"[disease of anatomical entity (7)]"	"[Abnormality of the immune system (02715)]"	"[Immune System Diseases (C20), Skin and Connective Tissue Diseases (C17)]"	"[Disease or Syndrome (T047)]"	"Lupus Erythematosus, Systemic"	"disease"	"C0024141"	"[MESH_D008180, ICD10_M32, NCI_C3201, ICD10_M32.9, OMIM_152700, ICD9CM_710.0, HPO_HP:0002725, ORDO_536, DO_9074, MONDO_0007915, UMLS_C0024141]"	"Not applicable"	"1-5 / 10 000,6-9 / 10 000,1-5 / 10 000,1-5 / 10 000,1-5 / 10 000,1-5 / 10 000,1-5 / 10 000,1-5 / 10 000,1-9 / 100 000,1-5 / 10 000,6-9 / 10 000"	"France,Martinique,New Zealand,Korea, Republic of,United States,Taiwan, Province of China,Europe,Finland,Worldwide,Worldwide,Poland"	"Point prevalence,Point prevalence,Point prevalence,Point prevalence,Point prevalence,Point prevalence,Point prevalence,Point prevalence,Annual incidence,Point prevalence,Annual incidence"	"1.0"	"0.329"	"[ENSG00000113302]"	"3593"	"protein-coding"	"[DTO_05007599]"	"[Signaling]"	"[P29460]"	"4.3903E-7"	"1"	""	""	"2"	""	""	"0.85"	"IL12B"	"2016"	"2009"
"1.0"	""	"25310879"	"[]"	"[]"	"[]"	"[Pathological Conditions, Signs and Symptoms (C23)]"	"[Pathologic Function (T046)]"	"Inflammation"	"phenotype"	"C0021368"	"[MESH_D007249, NCI_C3137, UMLS_C0021368]"	""	""	""	""	"0.913"	"0.395"	"[ENSG00000239732]"	"54106"	"protein-coding"	"[]"	"[]"	"[Q9NR96]"	"1.0365E-6"	"1"	""	""	"1"	""	""	"0.85"	"TLR9"	"2009"	"2009"
"0.8888888888888888"	""	"115167063"	"[]"	"[disease by infectious agent (0050117)]"	"[]"	"[Infections (C01), Respiratory Tract Diseases (C08)]"	"[Disease or Syndrome (T047)]"	"COVID-19 Virus Disease"	"disease"	"C5203670"	"[MESH_D000086382, NCI_C171133, DO_0080600, MONDO_0100096, UMLS_C5203670]"	""	""	""	""	"0.913"	"0.383"	"[ENSG00000204525]"	"3107"	"protein-coding"	"[]"	"[]"	"[P10321]"	""	"1"	""	""	"0"	""	""	"0.85"	"HLA-C"	""	""
"1.0"	""	"25073206"	"[]"	"[disease of anatomical entity (7), disease by infectious agent (0050117)]"	"[]"	"[Infections (C01), Digestive System Diseases (C06)]"	"[Disease or Syndrome (T047)]"	"Hepatitis C"	"disease"	"C0019196"	"[MESH_D006526, NCI_C3098, ICD9CM_070.7, DO_1883, MONDO_0005231, EFO_0003047, UMLS_C0019196]"	""	""	""	""	"0.913"	"0.429"	"[ENSG00000196664]"	"51284"	"protein-coding"	"[]"	"[]"	"[Q9NYK1]"	""	"1"	""	""	"1"	""	""	"0.85"	"TLR7"	"2016"	"2016"
"0.7368421052631579"	""	"45021545"	"[]"	"[disease of anatomical entity (7)]"	"[]"	"[Musculoskeletal Diseases (C05)]"	"[Disease or Syndrome (T047)]"	"Ankylosing spondylitis"	"disease"	"C0038013"	"[ICD10_M45, MESH_D013167, ICD9CM_720.0, NCI_C84564, ORDO_825, DO_7147, MONDO_0005306, EFO_0003898, UMLS_C0038013]"	""	""	""	""	"1.0"	"0.329"	"[ENSG00000113302]"	"3593"	"protein-coding"	"[DTO_05007599]"	"[Signaling]"	"[P29460]"	"4.3903E-7"	"1"	""	""	"1"	""	""	"0.85"	"IL12B"	"2011"	"2011"
"0.9333333333333333"	""	"25059696"	"[]"	"[disease of anatomical entity (7), disease by infectious agent (0050117)]"	"[]"	"[Infections (C01), Digestive System Diseases (C06)]"	"[Disease or Syndrome (T047)]"	"Hepatitis B"	"disease"	"C0019163"	"[MESH_D006509, NCI_C3097, DO_2043, MONDO_0005344, EFO_0004197, UMLS_C0019163]"	""	""	""	""	"0.913"	"0.395"	"[ENSG00000239732]"	"54106"	"protein-coding"	"[]"	"[]"	"[Q9NR96]"	"1.0365E-6"	"1"	""	""	"0"	""	""	"0.85"	"TLR9"	""	""
"0.8571428571428571"	""	"100215187"	"[]"	"[disease of anatomical entity (7), disease of cellular proliferation (14566)]"	"[Neoplasm (02664), Abnormality of the digestive system (25031)]"	"[Neoplasms (C04), Digestive System Diseases (C06)]"	"[Neoplastic Process (T191)]"	"Liver carcinoma"	"disease"	"C2239176"	"[ICD10_C22.0, MESH_D006528, OMIM_114550, NCI_C3099, HPO_HP:0001402, ORDO_88673, DO_3571, DO_684, MONDO_0007256, EFO_0000182, EFO_0000762, EFO_1000256, UMLS_C2239176]"	"Not applicable"	"1-9 / 100 000,1-5 / 10 000,1-9 / 100 000,1-9 / 100 000,1-9 / 100 000,1-9 / 100 000,1-9 / 100 000,1-5 / 10 000,1-9 / 100 000,1-9 / 100 000,1-5 / 10 000,1-5 / 10 000,1-5 / 10 000,1-5 / 10 000,6-9 / 10 000,1-5 / 10 000,1-9 / 100 000,1-9 / 100 000,1-9 / 100 000,1-9 / 100 000,1-9 / 100 000,1-9 / 100 000,1-9 / 100 000,1-9 / 100 000,1-9 / 100 000,1-9 / 100 000,1-9 / 100 000,1-9 / 100 000,1-9 / 100 000,1-9 / 1 000 000,1-9 / 100 000,1-9 / 100 000,1-9 / 100 000,1-9 / 100 000"	"United States,Europe,France,United Kingdom,Germany,Spain,Italy,Greece,Canada,Oceania,Latin America,China,Japan,Korea, Republic of,Mongolia,Africa,Europe,Austria,Belgium,Bulgaria,Croatia,Czech Republic,Estonia,Finland,Iceland,Ireland,Latvia,Lithuania,Norway,Poland,Portugal,Slovakia,Switzerland,Netherlands"	"Annual incidence,Point prevalence,Annual incidence,Annual incidence,Annual incidence,Annual incidence,Annual incidence,Annual incidence,Annual incidence,Annual incidence,Annual incidence,Annual incidence,Annual incidence,Annual incidence,Annual incidence,Annual incidence,Annual incidence,Annual incidence,Annual incidence,Annual incidence,Annual incidence,Annual incidence,Annual incidence,Annual incidence,Annual incidence,Annual incidence,Annual incidence,Annual incidence,Annual incidence,Annual incidence,Annual incidence,Annual incidence,Annual incidence,Annual incidence"	"0.913"	"0.395"	"[ENSG00000239732]"	"54106"	"protein-coding"	"[]"	"[]"	"[Q9NR96]"	"1.0365E-6"	"0"	""	""	"1"	""	""	"0.85"	"TLR9"	"2015"	"2015"
"1.0"	""	"20236029"	"[]"	"[disease of cellular proliferation (14566)]"	"[Abnormality of the nervous system (00707), Neoplasm (02664)]"	"[Neoplasms (C04)]"	"[Neoplastic Process (T191)]"	"Glioma"	"disease"	"C0017638"	"[MESH_D005910, NCI_C3059, HPO_HP:0009733, ORDO_182067, DO_3070, DO_5076, MONDO_0021042, MONDO_0100342, EFO_0005543, UMLS_C0017638]"	""	"1-9 / 100 000,1-5 / 10 000,1-9 / 100 000,1-9 / 100 000,1-9 / 100 000"	"United States,Europe,Greece,Croatia,Europe"	"Annual incidence,Point prevalence,Annual incidence,Annual incidence,Annual incidence"	"1.0"	"0.329"	"[ENSG00000113302]"	"3593"	"protein-coding"	"[DTO_05007599]"	"[Signaling]"	"[P29460]"	"4.3903E-7"	"2"	""	""	"1"	""	""	"0.85"	"IL12B"	"2008"	"2008"
"0.7272727272727273"	""	"25073462"	"[]"	"[disease of anatomical entity (7), disease by infectious agent (0050117)]"	"[]"	"[Infections (C01), Digestive System Diseases (C06)]"	"[Disease or Syndrome (T047)]"	"Hepatitis C"	"disease"	"C0019196"	"[MESH_D006526, NCI_C3098, ICD9CM_070.7, DO_1883, MONDO_0005231, EFO_0003047, UMLS_C0019196]"	""	""	""	""	"0.913"	"0.395"	"[ENSG00000239732]"	"54106"	"protein-coding"	"[]"	"[]"	"[Q9NR96]"	"1.0365E-6"	"1"	""	""	"0"	""	""	"0.85"	"TLR9"	""	""
"1.0"	""	"40289802"	"[]"	"[disease of mental health (150)]"	"[Abnormality of the nervous system (00707)]"	"[Mental Disorders (F03)]"	"[Mental or Behavioral Dysfunction (T048)]"	"Schizophrenia"	"disease"	"C0036341"	"[MESH_D012559, ICD10_F20, ICD10_F20.9, OMIM_181500, ICD9CM_295.90, HPO_HP:0100753, NCI_C3362, ICD9CM_295.9, ICD9CM_295, DO_5419, MONDO_0005090, UMLS_C0036341]"	""	""	""	""	"1.0"	"0.329"	"[ENSG00000113302]"	"3593"	"protein-coding"	"[DTO_05007599]"	"[Signaling]"	"[P29460]"	"4.3903E-7"	"3"	""	""	"1"	""	""	"0.85"	"IL12B"	"2008"	"2008"
"0.8505747126436781"	""	"30260665"	"[]"	"[disease of anatomical entity (7)]"	"[Abnormality of the immune system (02715)]"	"[Immune System Diseases (C20), Skin and Connective Tissue Diseases (C17)]"	"[Disease or Syndrome (T047)]"	"Lupus Erythematosus, Systemic"	"disease"	"C0024141"	"[MESH_D008180, ICD10_M32, NCI_C3201, ICD10_M32.9, OMIM_152700, ICD9CM_710.0, HPO_HP:0002725, ORDO_536, DO_9074, MONDO_0007915, UMLS_C0024141]"	"Not applicable"	"1-5 / 10 000,6-9 / 10 000,1-5 / 10 000,1-5 / 10 000,1-5 / 10 000,1-5 / 10 000,1-5 / 10 000,1-5 / 10 000,1-9 / 100 000,1-5 / 10 000,6-9 / 10 000"	"France,Martinique,New Zealand,Korea, Republic of,United States,Taiwan, Province of China,Europe,Finland,Worldwide,Worldwide,Poland"	"Point prevalence,Point prevalence,Point prevalence,Point prevalence,Point prevalence,Point prevalence,Point prevalence,Point prevalence,Annual incidence,Point prevalence,Annual incidence"	"0.913"	"0.395"	"[ENSG00000239732]"	"54106"	"protein-coding"	"[]"	"[]"	"[Q9NR96]"	"1.0365E-6"	"0"	""	""	"0"	""	""	"0.8"	"TLR9"	""	""
"0.8913043478260869"	""	"115172597"	"[]"	"[disease by infectious agent (0050117)]"	"[]"	"[Infections (C01), Respiratory Tract Diseases (C08)]"	"[Disease or Syndrome (T047)]"	"COVID-19 Virus Disease"	"disease"	"C5203670"	"[MESH_D000086382, NCI_C171133, DO_0080600, MONDO_0100096, UMLS_C5203670]"	""	""	""	""	"0.913"	"0.429"	"[ENSG00000196664]"	"51284"	"protein-coding"	"[]"	"[]"	"[Q9NYK1]"	""	"2"	""	""	"0"	""	""	"0.8"	"TLR7"	""	""
"0.8235294117647058"	""	"5316141"	"[]"	"[disease of anatomical entity (7)]"	"[Abnormality of the respiratory system (02086), Abnormality of the immune system (02715)]"	"[Immune System Diseases (C20), Respiratory Tract Diseases (C08)]"	"[Disease or Syndrome (T047)]"	"Asthma"	"disease"	"C0004096"	"[ICD10_J45, MESH_D001249, ICD10_J45.9, HPO_HP:0002099, NCI_C28397, ICD9CM_493, ICD9CM_493.9, DO_2841, DO_9360, DO_9415, MONDO_0004979, UMLS_C0004096]"	""	""	""	""	"0.913"	"0.395"	"[ENSG00000239732]"	"54106"	"protein-coding"	"[]"	"[]"	"[Q9NR96]"	"1.0365E-6"	"0"	""	""	"0"	""	""	"0.8"	"TLR9"	""	""
"0.875"	""	"5287800"	"[]"	"[disease of anatomical entity (7)]"	"[Abnormality of the musculoskeletal system (33127)]"	"[Skin and Connective Tissue Diseases (C17), Immune System Diseases (C20), Musculoskeletal Diseases (C05)]"	"[Disease or Syndrome (T047)]"	"Rheumatoid Arthritis"	"disease"	"C0003873"	"[MESH_D001172, ICD10_M06.9, OMIM_180300, ICD9CM_714.0, OMIM_607218, HPO_HP:0001370, NCI_C2884, DO_7148, MONDO_0008383, EFO_0000685, UMLS_C0003873]"	""	""	""	""	"0.913"	"0.496"	"[ENSG00000162924]"	"5966"	"protein-coding"	"[DTO_05007542]"	"[Transcription factor]"	"[Q04864]"	"0.99917"	"0"	""	""	"3"	""	""	"0.8"	"REL"	"2012"	"2009"
"0.8656716417910447"	""	"60175937"	"[]"	"[disease by infectious agent (0050117)]"	"[]"	"[Infections (C01), Pathological Conditions, Signs and Symptoms (C23)]"	"[Disease or Syndrome (T047)]"	"Sepsis"	"disease"	"C0243026"	"[MESH_D018805, ICD9CM_995.91, DO_0040085, MONDO_0005229, EFO_0003033, UMLS_C0243026]"	""	""	""	""	"0.957"	"0.314"	"[ENSG00000136869]"	"7099"	"protein-coding"	"[]"	"[]"	"[O00206]"	"4.0578E-4"	"1"	""	""	"1"	""	""	"1.0"	"TLR4"	"2010"	"2010"
"0.8951612903225806"	""	"15407828"	"[]"	"[disease of metabolism (0014667), genetic disease (630)]"	"[Abnormality of metabolism/homeostasis (01939), Abnormality of the endocrine system (00818)]"	"[Nutritional and Metabolic Diseases (C18), Endocrine System Diseases (C19)]"	"[Disease or Syndrome (T047)]"	"Diabetes Mellitus, Non-Insulin-Dependent"	"disease"	"C0011860"	"[MESH_D003924, ICD10_E11, OMIM_125853, NCI_C26747, OMIM_600509, OMIM_147545, HPO_HP:0005978, OMIM_138079, OMIM_147670, OMIM_167413, OMIM_600281, OMIM_189907, OMIM_138430, OMIM_164731, OMIM_601724, DO_9352, MONDO_0005148, UMLS_C0011860]"	""	""	""	""	"0.957"	"0.314"	"[ENSG00000136869]"	"7099"	"protein-coding"	"[]"	"[]"	"[O00206]"	"4.0578E-4"	"5"	""	""	"0"	""	""	"1.0"	"TLR4"	""	""
"0.956140350877193"	""	"25320594"	"[]"	"[]"	"[]"	"[Pathological Conditions, Signs and Symptoms (C23)]"	"[Pathologic Function (T046)]"	"Inflammation"	"phenotype"	"C0021368"	"[MESH_D007249, NCI_C3137, UMLS_C0021368]"	""	""	""	""	"0.957"	"0.314"	"[ENSG00000136869]"	"7099"	"protein-coding"	"[]"	"[]"	"[O00206]"	"4.0578E-4"	"13"	""	""	"4"	""	""	"0.95"	"TLR4"	"2012"	"2006"
"0.9137931034482759"	""	"5354555"	"[]"	"[disease of anatomical entity (7)]"	"[Abnormality of the cardiovascular system (01626)]"	"[Cardiovascular Diseases (C14)]"	"[Disease or Syndrome (T047)]"	"Atherosclerosis"	"disease"	"C0004153"	"[ICD10_I70, ICD10_I25.0, HPO_HP:0002621, HPO_HP:0002635, NCI_C35768, NCI_C35771, ICD9CM_440, MESH_D050197, DO_1936, DO_2348, DO_2349, DO_5162, MONDO_0002277, MONDO_0005311, EFO_0003914, EFO_1000819, UMLS_C0004153]"	""	""	""	""	"0.957"	"0.314"	"[ENSG00000136869]"	"7099"	"protein-coding"	"[]"	"[]"	"[O00206]"	"4.0578E-4"	"1"	""	""	"1"	""	""	"0.95"	"TLR4"	"2002"	"2002"
"0.7878787878787878"	""	"35124237"	"[]"	"[disease of anatomical entity (7)]"	"[Abnormality of the cardiovascular system (01626)]"	"[Pathological Conditions, Signs and Symptoms (C23), Cardiovascular Diseases (C14)]"	"[Disease or Syndrome (T047)]"	"Myocardial Infarction"	"disease"	"C0027051"	"[MESH_D009203, NCI_C27996, HPO_HP:0001658, DO_11847, DO_5844, DO_5854, DO_9408, MONDO_0005068, EFO_0000612, EFO_1000883, UMLS_C0027051]"	""	""	""	""	"0.957"	"0.314"	"[ENSG00000136869]"	"7099"	"protein-coding"	"[]"	"[]"	"[O00206]"	"4.0578E-4"	"1"	""	""	"0"	""	""	"0.95"	"TLR4"	""	""
"0.8125"	""	"5261899"	"[]"	"[disease of anatomical entity (7)]"	"[Abnormality of the musculoskeletal system (33127)]"	"[Musculoskeletal Diseases (C05)]"	"[Disease or Syndrome (T047)]"	"Arthritis"	"disease"	"C0003864"	"[MESH_D001168, ICD10_M13.9, HPO_HP:0001369, NCI_C2883, DO_848, MONDO_0005578, EFO_0005856, UMLS_C0003864]"	""	""	""	""	"0.957"	"0.314"	"[ENSG00000136869]"	"7099"	"protein-coding"	"[]"	"[]"	"[O00206]"	"4.0578E-4"	"1"	""	""	"0"	""	""	"0.95"	"TLR4"	""	""
"0.8333333333333334"	""	"50106002"	"[]"	"[disease of anatomical entity (7)]"	"[]"	"[Cardiovascular Diseases (C14)]"	"[Disease or Syndrome (T047)]"	"Myocardial Ischemia"	"disease"	"C0151744"	"[MESH_D017202, ICD10_I20-I25.9, NCI_C50625, ICD9CM_410-414.99, DO_3393, MONDO_0005010, MONDO_0024644, EFO_0001645, EFO_1001375, UMLS_C0151744]"	""	""	""	""	"0.957"	"0.314"	"[ENSG00000136869]"	"7099"	"protein-coding"	"[]"	"[]"	"[O00206]"	"4.0578E-4"	"3"	""	""	"1"	""	""	"0.95"	"TLR4"	"2010"	"2010"
"0.7468354430379747"	""	"5319940"	"[]"	"[disease of anatomical entity (7)]"	"[Abnormality of the respiratory system (02086), Abnormality of the immune system (02715)]"	"[Immune System Diseases (C20), Respiratory Tract Diseases (C08)]"	"[Disease or Syndrome (T047)]"	"Asthma"	"disease"	"C0004096"	"[ICD10_J45, MESH_D001249, ICD10_J45.9, HPO_HP:0002099, NCI_C28397, ICD9CM_493, ICD9CM_493.9, DO_2841, DO_9360, DO_9415, MONDO_0004979, UMLS_C0004096]"	""	""	""	""	"0.957"	"0.314"	"[ENSG00000136869]"	"7099"	"protein-coding"	"[]"	"[]"	"[O00206]"	"4.0578E-4"	"2"	""	""	"0"	""	""	"0.9"	"TLR4"	""	""
"0.9090909090909091"	""	"5141671"	"[]"	"[disease of anatomical entity (7), genetic disease (630)]"	"[Abnormality of the nervous system (00707)]"	"[Mental Disorders (F03), Nervous System Diseases (C10)]"	"[Disease or Syndrome (T047)]"	"Alzheimer's Disease"	"disease"	"C0002395"	"[MESH_D000544, ICD10_G30, ICD10_G30.9, NCI_C2866, OMIM_104300, ICD9CM_331.0, OMIM_516000, HPO_HP:0002511, DO_10652, DO_11870, DO_0110035, DO_0110037, DO_0110038, DO_0110039, DO_0110041, DO_0110043, DO_0110044, DO_0110045, DO_0110046, DO_0110047, DO_0110048, MONDO_0007089, MONDO_0004975, MONDO_0011401, MONDO_0011561, MONDO_0011647, MONDO_0011777, MONDO_0012321, MONDO_0012344, MONDO_0012609, MONDO_0012630, MONDO_0012631, MONDO_0011194, UMLS_C0002395]"	""	""	""	""	"0.957"	"0.314"	"[ENSG00000136869]"	"7099"	"protein-coding"	"[]"	"[]"	"[O00206]"	"4.0578E-4"	"1"	""	""	"0"	""	""	"0.9"	"TLR4"	""	""
"0.9347826086956522"	""	"75122002"	"[]"	"[disease of anatomical entity (7)]"	"[]"	"[Digestive System Diseases (C06)]"	"[Disease or Syndrome (T047)]"	"Necrotizing Enterocolitis"	"disease"	"C0520459"	"[MESH_D020345, HPO_HP:0033165, ORDO_391673, DO_8677, MONDO_0004639, MONDO_0005313, EFO_0003928, UMLS_C0520459]"	"Not applicable"	"1-5 / 10 000"	"Worldwide"	"Point prevalence"	"0.957"	"0.314"	"[ENSG00000136869]"	"7099"	"protein-coding"	"[]"	"[]"	"[O00206]"	"4.0578E-4"	"2"	""	""	"1"	""	""	"0.9"	"TLR4"	"2013"	"2013"
"0.90625"	""	"40098667"	"[]"	"[disease of anatomical entity (7)]"	"[Abnormality of the respiratory system (02086), Abnormality of the immune system (02715)]"	"[Infections (C01), Respiratory Tract Diseases (C08)]"	"[Disease or Syndrome (T047)]"	"Pneumonia"	"disease"	"C0032285"	"[MESH_D011014, ICD10_J18.9, HPO_HP:0002090, NCI_C3333, DO_552, MONDO_0005249, EFO_0003106, UMLS_C0032285]"	""	""	""	""	"0.957"	"0.314"	"[ENSG00000136869]"	"7099"	"protein-coding"	"[]"	"[]"	"[O00206]"	"4.0578E-4"	"1"	""	""	"1"	""	""	"0.9"	"TLR4"	"2016"	"2016"
"0.75"	""	"40223885"	"[]"	"[disease by infectious agent (0050117)]"	"[]"	"[Infections (C01)]"	"[Disease or Syndrome (T047)]"	"Respiratory Syncytial Virus Infections"	"disease"	"C0035235"	"[MESH_D018357, NCI_C3354, DO_1273, MONDO_0001577, EFO_1001413, UMLS_C0035235]"	""	""	""	""	"0.957"	"0.314"	"[ENSG00000136869]"	"7099"	"protein-coding"	"[]"	"[]"	"[O00206]"	"4.0578E-4"	"1"	""	""	"0"	""	""	"0.9"	"TLR4"	""	""
"1.0"	""	"100280622"	"[]"	"[disease of anatomical entity (7)]"	"[Abnormality of the genitourinary system (00119)]"	"[Urogenital Diseases (C12)]"	"[Injury or Poisoning (T037)]"	"Acute kidney injury"	"disease"	"C2609414"	"[MESH_D058186, HPO_HP:0001919, DO_3021, MONDO_0002492, UMLS_C2609414]"	""	""	""	""	"0.957"	"0.314"	"[ENSG00000136869]"	"7099"	"protein-coding"	"[]"	"[]"	"[O00206]"	"4.0578E-4"	"1"	""	""	"1"	""	""	"0.9"	"TLR4"	"2018"	"2018"
"0.9583333333333334"	""	"45158856"	"[]"	"[disease of anatomical entity (7), disease by infectious agent (0050117)]"	"[]"	"[Urogenital Diseases (C12), Infections (C01)]"	"[Disease or Syndrome (T047)]"	"Urinary tract infection"	"disease"	"C0042029"	"[MESH_D014552, ICD10_N39.0, NCI_C50791, ICD9CM_599.0, DO_0080784, MONDO_0005247, MONDO_0100338, EFO_0003103, UMLS_C0042029]"	""	""	""	""	"0.957"	"0.314"	"[ENSG00000136869]"	"7099"	"protein-coding"	"[]"	"[]"	"[O00206]"	"4.0578E-4"	"1"	""	""	"0"	""	""	"0.9"	"TLR4"	""	""
"0.9047619047619048"	""	"15295332"	"[]"	"[disease of anatomical entity (7)]"	"[Abnormality of the immune system (02715), Abnormality of the integument (01574)]"	"[Skin and Connective Tissue Diseases (C17), Immune System Diseases (C20), Congenital, Hereditary, and Neonatal Diseases and Abnormalities (C16)]"	"[Disease or Syndrome (T047)]"	"Dermatitis, Atopic"	"disease"	"C0011615"	"[MESH_D003876, ICD10_L20, ICD10_L20.9, OMIM_603165, HPO_HP:0001047, DO_3310, MONDO_0004980, MONDO_0100178, EFO_0000274, UMLS_C0011615]"	""	""	""	""	"0.957"	"0.314"	"[ENSG00000136869]"	"7099"	"protein-coding"	"[]"	"[]"	"[O00206]"	"4.0578E-4"	"1"	""	""	"0"	""	""	"0.9"	"TLR4"	""	""
"0.9375"	""	"15316218"	"[]"	"[disease of metabolism (0014667), genetic disease (630)]"	"[Abnormality of metabolism/homeostasis (01939), Abnormality of the endocrine system (00818)]"	"[Nutritional and Metabolic Diseases (C18), Endocrine System Diseases (C19)]"	"[Disease or Syndrome (T047)]"	"Diabetes Mellitus"	"disease"	"C0011849"	"[MESH_D003920, ICD10_E10-E14.9, ICD10_E14, HPO_HP:0000819, NCI_C2985, ICD9CM_250, DO_9351, DO_1837, MONDO_0005015, EFO_0000400, UMLS_C0011849]"	""	""	""	""	"0.957"	"0.314"	"[ENSG00000136869]"	"7099"	"protein-coding"	"[]"	"[]"	"[O00206]"	"4.0578E-4"	"1"	""	""	"0"	""	""	"0.9"	"TLR4"	""	""
"0.9375"	""	"5422534"	"[]"	"[disease of anatomical entity (7)]"	"[]"	"[Eye Diseases (C11), Skin and Connective Tissue Diseases (C17), Cardiovascular Diseases (C14), Stomatognathic Diseases (C07), Congenital, Hereditary, and Neonatal Diseases and Abnormalities (C16)]"	"[Disease or Syndrome (T047)]"	"Behcet Syndrome"	"disease"	"C0004943"	"[MESH_D001528, ICD10_M35.2, OMIM_109650, NCI_C34416, ICD9CM_136.1, ORDO_117, DO_13241, MONDO_0007191, EFO_0003780, UMLS_C0004943]"	"Multigenic/multifactorial"	"1-9 / 1 000 000,1-9 / 1 000 000,1-9 / 100 000,1-9 / 1 000 000,1-9 / 100 000,1-9 / 100 000,1-5 / 10 000,1-9 / 100 000,1-9 / 100 000,1-5 / 10 000,>1 / 1000,1-5 / 10 000,1-5 / 10 000,1-9 / 1 000 000,1-5 / 10 000,1-9 / 100 000"	"Spain,Italy,United States,Iran, Islamic Republic of,France,Italy,United Kingdom,Sweden,Portugal,Japan,Turkey,Iran, Islamic Republic of,Israel,Taiwan, Province of China,Saudi Arabia,Korea, Republic of"	"Annual incidence,Annual incidence,Point prevalence,Annual incidence,Point prevalence,Point prevalence,Point prevalence,Point prevalence,Point prevalence,Point prevalence,Point prevalence,Point prevalence,Point prevalence,Annual incidence,Point prevalence,Annual incidence"	"0.957"	"0.314"	"[ENSG00000136869]"	"7099"	"protein-coding"	"[]"	"[]"	"[O00206]"	"4.0578E-4"	"1"	""	""	"1"	""	""	"0.9"	"TLR4"	"2013"	"2013"
"0.9848484848484849"	""	"100228886"	"[]"	"[disease of anatomical entity (7), disease of cellular proliferation (14566)]"	"[Neoplasm (02664), Abnormality of the digestive system (25031)]"	"[Neoplasms (C04), Digestive System Diseases (C06)]"	"[Neoplastic Process (T191)]"	"Liver carcinoma"	"disease"	"C2239176"	"[ICD10_C22.0, MESH_D006528, OMIM_114550, NCI_C3099, HPO_HP:0001402, ORDO_88673, DO_3571, DO_684, MONDO_0007256, EFO_0000182, EFO_0000762, EFO_1000256, UMLS_C2239176]"	"Not applicable"	"1-9 / 100 000,1-5 / 10 000,1-9 / 100 000,1-9 / 100 000,1-9 / 100 000,1-9 / 100 000,1-9 / 100 000,1-5 / 10 000,1-9 / 100 000,1-9 / 100 000,1-5 / 10 000,1-5 / 10 000,1-5 / 10 000,1-5 / 10 000,6-9 / 10 000,1-5 / 10 000,1-9 / 100 000,1-9 / 100 000,1-9 / 100 000,1-9 / 100 000,1-9 / 100 000,1-9 / 100 000,1-9 / 100 000,1-9 / 100 000,1-9 / 100 000,1-9 / 100 000,1-9 / 100 000,1-9 / 100 000,1-9 / 100 000,1-9 / 1 000 000,1-9 / 100 000,1-9 / 100 000,1-9 / 100 000,1-9 / 100 000"	"United States,Europe,France,United Kingdom,Germany,Spain,Italy,Greece,Canada,Oceania,Latin America,China,Japan,Korea, Republic of,Mongolia,Africa,Europe,Austria,Belgium,Bulgaria,Croatia,Czech Republic,Estonia,Finland,Iceland,Ireland,Latvia,Lithuania,Norway,Poland,Portugal,Slovakia,Switzerland,Netherlands"	"Annual incidence,Point prevalence,Annual incidence,Annual incidence,Annual incidence,Annual incidence,Annual incidence,Annual incidence,Annual incidence,Annual incidence,Annual incidence,Annual incidence,Annual incidence,Annual incidence,Annual incidence,Annual incidence,Annual incidence,Annual incidence,Annual incidence,Annual incidence,Annual incidence,Annual incidence,Annual incidence,Annual incidence,Annual incidence,Annual incidence,Annual incidence,Annual incidence,Annual incidence,Annual incidence,Annual incidence,Annual incidence,Annual incidence,Annual incidence"	"0.957"	"0.314"	"[ENSG00000136869]"	"7099"	"protein-coding"	"[]"	"[]"	"[O00206]"	"4.0578E-4"	"0"	""	""	"1"	""	""	"0.85"	"TLR4"	"2016"	"2016"
"0.7916666666666666"	""	"15171755"	"[]"	"[disease of anatomical entity (7)]"	"[Abnormality of the cardiovascular system (01626)]"	"[Cardiovascular Diseases (C14)]"	"[Disease or Syndrome (T047)]"	"Coronary Arteriosclerosis"	"disease"	"C0010054"	"[MESH_D003324, ICD10_I25.1, HPO_HP:0001677, NCI_C35505, ICD9CM_414.0, DO_13739, DO_3393, MONDO_0005010, MONDO_0021661, EFO_0001645, UMLS_C0010054]"	""	""	""	""	"0.957"	"0.314"	"[ENSG00000136869]"	"7099"	"protein-coding"	"[]"	"[]"	"[O00206]"	"4.0578E-4"	"0"	""	""	"1"	""	""	"0.85"	"TLR4"	"2010"	"2010"
"0.8928571428571429"	""	"20150693"	"[]"	"[]"	"[]"	"[Pathological Conditions, Signs and Symptoms (C23)]"	"[Pathologic Function (T046)]"	"Fibrosis"	"phenotype"	"C0016059"	"[MESH_D005355, NCI_C3044, EFO_0006890, UMLS_C0016059]"	""	""	""	""	"0.957"	"0.314"	"[ENSG00000136869]"	"7099"	"protein-coding"	"[]"	"[]"	"[O00206]"	"4.0578E-4"	"3"	""	""	"1"	""	""	"0.85"	"TLR4"	"2017"	"2017"
"0.9545454545454546"	""	"30412632"	"[]"	"[disease of cellular proliferation (14566)]"	"[Neoplasm (02664)]"	"[Skin and Connective Tissue Diseases (C17), Neoplasms (C04)]"	"[Neoplastic Process (T191)]"	"melanoma"	"disease"	"C0025202"	"[MESH_D008545, HPO_HP:0002861, NCI_C3224, DO_1909, DO_8923, MONDO_0005105, EFO_0000756, UMLS_C0025202]"	""	""	""	""	"0.957"	"0.314"	"[ENSG00000136869]"	"7099"	"protein-coding"	"[]"	"[]"	"[O00206]"	"4.0578E-4"	"0"	""	""	"1"	""	""	"0.85"	"TLR4"	"2012"	"2012"
"0.8571428571428571"	""	"25215148"	"[]"	"[disease of anatomical entity (7)]"	"[Abnormality of the cardiovascular system (01626)]"	"[Cardiovascular Diseases (C14)]"	"[Disease or Syndrome (T047)]"	"Hypertensive disease"	"disease"	"C0020538"	"[MESH_D006973, ICD10_I10-I15.9, ICD9CM_997.91, NCI_C3117, HPO_HP:0000822, ICD9CM_401-405.99, DO_10825, DO_10763, MONDO_0005044, EFO_0000537, EFO_0002200, UMLS_C0020538]"	""	""	""	""	"0.957"	"0.314"	"[ENSG00000136869]"	"7099"	"protein-coding"	"[]"	"[]"	"[O00206]"	"4.0578E-4"	"1"	""	""	"2"	""	""	"0.85"	"TLR4"	"2020"	"2016"
"0.75"	""	"15430674"	"[]"	"[disease of anatomical entity (7)]"	"[]"	"[Endocrine System Diseases (C19), Nervous System Diseases (C10)]"	"[Disease or Syndrome (T047)]"	"Diabetic Neuropathies"	"disease"	"C0011882"	"[MESH_D003929, NCI_C26748, ICD9CM_250.6, DO_11503, DO_12785, DO_9743, MONDO_0006626, EFO_1000783, UMLS_C0011882]"	""	""	""	""	"0.957"	"0.314"	"[ENSG00000136869]"	"7099"	"protein-coding"	"[]"	"[]"	"[O00206]"	"4.0578E-4"	"1"	""	""	"1"	""	""	"0.85"	"TLR4"	"2004"	"2004"
"0.9807692307692307"	""	"10175235"	"[]"	"[disease of anatomical entity (7), disease of cellular proliferation (14566)]"	"[]"	"[Skin and Connective Tissue Diseases (C17), Neoplasms (C04)]"	"[Neoplastic Process (T191)]"	"Malignant neoplasm of breast"	"disease"	"C0006142"	"[MESH_D001943, ICD10_C50, ICD10_C50-C50.9, ICD10_C50.9, OMIM_114480, NCI_C9335, DO_1612, DO_3459, MONDO_0016419, MONDO_0007254, MONDO_0021100, EFO_0000305, EFO_0003869, UMLS_C0006142]"	""	""	""	""	"0.957"	"0.314"	"[ENSG00000136869]"	"7099"	"protein-coding"	"[]"	"[]"	"[O00206]"	"4.0578E-4"	"0"	""	""	"0"	""	""	"0.8"	"TLR4"	""	""
"0.8611111111111112"	""	"30233184"	"[]"	"[disease of anatomical entity (7)]"	"[Abnormality of the respiratory system (02086)]"	"[Respiratory Tract Diseases (C08), Pathological Conditions, Signs and Symptoms (C23)]"	"[Disease or Syndrome (T047)]"	"Chronic Obstructive Airway Disease"	"disease"	"C0024117"	"[MESH_D029424, ICD10_J44.9, NCI_C3199, OMIM_606963, HPO_HP:0006510, DO_3083, MONDO_0005002, EFO_0000341, UMLS_C0024117]"	""	""	""	""	"0.957"	"0.314"	"[ENSG00000136869]"	"7099"	"protein-coding"	"[]"	"[]"	"[O00206]"	"4.0578E-4"	"0"	""	""	"0"	""	""	"0.8"	"TLR4"	""	""
"1.0"	""	"30019559"	"[]"	"[disease of anatomical entity (7)]"	"[Abnormality of the genitourinary system (00119)]"	"[Urogenital Diseases (C12)]"	"[Disease or Syndrome (T047)]"	"Kidney Failure, Acute"	"disease"	"C0022660"	"[ICD10_N17, ICD10_N17.9, NCI_C26808, ICD9CM_584, ICD9CM_584.9, MESH_D058186, HPO_HP:0001919, DO_3021, MONDO_0002492, UMLS_C0022660]"	""	""	""	""	"0.957"	"0.314"	"[ENSG00000136869]"	"7099"	"protein-coding"	"[]"	"[]"	"[O00206]"	"4.0578E-4"	"0"	""	""	"1"	""	""	"0.8"	"TLR4"	"2018"	"2018"
"0.9375"	""	"40214298"	"[]"	"[]"	"[]"	"[Pathological Conditions, Signs and Symptoms (C23), Cardiovascular Diseases (C14)]"	"[Injury or Poisoning (T037)]"	"Reperfusion Injury"	"disease"	"C0035126"	"[MESH_D015427, NCI_C193389, MONDO_0005203, EFO_0002687, UMLS_C0035126]"	""	""	""	""	"0.957"	"0.314"	"[ENSG00000136869]"	"7099"	"protein-coding"	"[]"	"[]"	"[O00206]"	"4.0578E-4"	"0"	""	""	"2"	""	""	"0.8"	"TLR4"	"2016"	"2015"
"1.0"	""	"60299395"	"[]"	"[]"	"[]"	"[Nervous System Diseases (C10)]"	"[Injury or Poisoning (T037)]"	"Brain Injuries"	"disease"	"C0270611"	"[MESH_D001930, NCI_C50440, DO_936, MONDO_0043510, UMLS_C0270611]"	""	""	""	""	"0.957"	"0.314"	"[ENSG00000136869]"	"7099"	"protein-coding"	"[]"	"[]"	"[O00206]"	"4.0578E-4"	"0"	""	""	"1"	""	""	"0.8"	"TLR4"	"2011"	"2011"
"0.9285714285714286"	""	"25396737"	"[]"	"[disease of anatomical entity (7)]"	"[Abnormality of the eye (00478), Abnormality of the immune system (02715)]"	"[Eye Diseases (C11)]"	"[Disease or Syndrome (T047)]"	"Keratitis"	"disease"	"C0022568"	"[MESH_D007634, ICD10_H16, ICD10_H16.9, ICD9CM_370.9, HPO_HP:0000491, NCI_C26805, ICD9CM_370, DO_4677, MONDO_0003085, EFO_0009449, UMLS_C0022568]"	""	""	""	""	"0.957"	"0.314"	"[ENSG00000136869]"	"7099"	"protein-coding"	"[]"	"[]"	"[O00206]"	"4.0578E-4"	"0"	""	""	"0"	""	""	"0.8"	"TLR4"	""	""
"0.9230769230769231"	""	"85248998"	"[]"	"[]"	"[]"	"[Cardiovascular Diseases (C14)]"	"[Disease or Syndrome (T047)]"	"Acute Coronary Syndrome"	"disease"	"C0948089"	"[NCI_C53652, MESH_D054058, HPO_HP:0033678, MONDO_0005542, EFO_0005672, UMLS_C0948089]"	""	""	""	""	"0.957"	"0.314"	"[ENSG00000136869]"	"7099"	"protein-coding"	"[]"	"[]"	"[O00206]"	"4.0578E-4"	"1"	""	""	"1"	""	""	"0.8"	"TLR4"	"2010"	"2010"
"0.8125"	""	"30269377"	"[]"	"[disease of anatomical entity (7)]"	"[]"	"[Immune System Diseases (C20), Skin and Connective Tissue Diseases (C17), Urogenital Diseases (C12)]"	"[Disease or Syndrome (T047)]"	"Lupus Nephritis"	"disease"	"C0024143"	"[MESH_D008181, HPO_HP:0033726, NCI_C34789, DO_0080162, MONDO_0005556, EFO_0005761, UMLS_C0024143]"	""	""	""	""	"0.913"	"0.395"	"[ENSG00000239732]"	"54106"	"protein-coding"	"[]"	"[]"	"[Q9NR96]"	"1.0365E-6"	"0"	""	""	"0"	""	""	"0.8"	"TLR9"	""	""
"0.9090909090909091"	""	"20258270"	"[]"	"[disease of anatomical entity (7)]"	"[Abnormality of the genitourinary system (00119)]"	"[Urogenital Diseases (C12), Immune System Diseases (C20)]"	"[Disease or Syndrome (T047)]"	"IGA Glomerulonephritis"	"disease"	"C0017661"	"[MESH_D005922, NCI_C34643, OMIM_161950, HPO_HP:0000794, NCI_C35280, ORDO_34145, DO_2986, MONDO_0005342, EFO_0004194, UMLS_C0017661]"	""	""	""	""	"0.913"	"0.395"	"[ENSG00000239732]"	"54106"	"protein-coding"	"[]"	"[]"	"[Q9NR96]"	"1.0365E-6"	"0"	""	""	"0"	""	""	"0.8"	"TLR9"	""	""
"1.0"	""	"40158246"	"[]"	"[disease of anatomical entity (7)]"	"[Abnormality of the genitourinary system (00119), Abnormality of metabolism/homeostasis (01939)]"	"[Pathological Conditions, Signs and Symptoms (C23), Urogenital Diseases (C12)]"	"[Finding (T033)]"	"Proteinuria"	"phenotype"	"C0033687"	"[MESH_D011507, ICD9CM_791.0, HPO_HP:0000093, NCI_C38012, DO_576, MONDO_0003634, UMLS_C0033687]"	""	""	""	""	"0.913"	"0.395"	"[ENSG00000239732]"	"54106"	"protein-coding"	"[]"	"[]"	"[Q9NR96]"	"1.0365E-6"	"0"	""	""	"0"	""	""	"0.7"	"TLR9"	""	""
"1.0"	""	"15333806"	"[]"	"[disease of anatomical entity (7), disease of metabolism (0014667), genetic disease (630)]"	"[Abnormality of metabolism/homeostasis (01939), Abnormality of the endocrine system (00818)]"	"[Nutritional and Metabolic Diseases (C18), Immune System Diseases (C20), Endocrine System Diseases (C19)]"	"[Disease or Syndrome (T047)]"	"Diabetes Mellitus, Insulin-Dependent"	"disease"	"C0011854"	"[MESH_D003922, ICD10_E10, OMIM_222100, NCI_C2986, HPO_HP:0100651, ORDO_243377, DO_0110741, DO_0110742, DO_0110743, DO_0110744, DO_0110745, DO_0110746, DO_9744, DO_0110747, DO_0110749, DO_0110750, DO_0110751, DO_0110752, DO_0110753, DO_0110754, DO_0110755, DO_0110756, DO_0110757, DO_0110758, DO_0110759, DO_0110760, DO_0110761, MONDO_0005147, MONDO_0007454, MONDO_0010950, MONDO_0011572, MONDO_0011016, MONDO_0011033, MONDO_0011068, MONDO_0011123, MONDO_0012422, MONDO_0010861, MONDO_0010862, MONDO_0010863, MONDO_0010864, MONDO_0011167, MONDO_0011168, MONDO_0012919, MONDO_0012920, MONDO_0012921, MONDO_0012961, MONDO_0011302, MONDO_0013078, UMLS_C0011854]"	""	""	""	""	"0.87"	"0.559"	"[ENSG00000153064]"	"55024"	"protein-coding"	"[]"	"[]"	"[Q8NDB2]"	"3.25E-20"	"0"	""	""	"0"	""	""	"0.7"	"BANK1"	""	""
"1.0"	""	"10439529"	"[]"	"[disease of anatomical entity (7)]"	"[Abnormality of the cardiovascular system (01626)]"	"[Cardiovascular Diseases (C14)]"	"[Disease or Syndrome (T047)]"	"Cardiovascular Diseases"	"disease"	"C0007222"	"[MESH_D002318, ICD10_I51.6, ICD9CM_429.2, NCI_C2931, HPO_HP:0001626, DO_1287, DO_114, MONDO_0004995, EFO_0000319, UMLS_C0007222]"	""	""	""	""	"0.913"	"0.395"	"[ENSG00000239732]"	"54106"	"protein-coding"	"[]"	"[]"	"[Q9NR96]"	"1.0365E-6"	"1"	""	""	"0"	""	""	"0.7"	"TLR9"	""	""
"0.8888888888888888"	""	"45135322"	"[]"	"[disease of anatomical entity (7), disease by infectious agent (0050117)]"	"[]"	"[Infections (C01), Respiratory Tract Diseases (C08)]"	"[Disease or Syndrome (T047)]"	"Tuberculosis, Pulmonary"	"disease"	"C0041327"	"[MESH_D014397, ICD9CM_011.90, NCI_C26899, HPO_HP:0032262, ICD9CM_011.9, ICD9CM_011, ORDO_645814, DO_2957, DO_9534, MONDO_0006052, MONDO_0957462, EFO_1000049, UMLS_C0041327]"	""	""	""	""	"0.913"	"0.395"	"[ENSG00000239732]"	"54106"	"protein-coding"	"[]"	"[]"	"[Q9NR96]"	"1.0365E-6"	"0"	""	""	"0"	""	""	"0.65"	"TLR9"	""	""
"0.8333333333333334"	""	"40309241"	"[]"	"[disease of anatomical entity (7)]"	"[]"	"[Skin and Connective Tissue Diseases (C17)]"	"[Disease or Syndrome (T047)]"	"Systemic Scleroderma"	"disease"	"C0036421"	"[ICD10_M34.0, MESH_D012595, ICD10_M34, ICD10_M34.9, NCI_C72070, ICD9CM_710.1, NCI_C197525, ORDO_90291, DO_418, DO_419, MONDO_0005100, EFO_0000717, UMLS_C0036421]"	"Multigenic/multifactorial,Not applicable"	"1-5 / 10 000,>1 / 1000,1-5 / 10 000,1-9 / 100 000,1-5 / 10 000,>1 / 1000,1-5 / 10 000,6-9 / 10 000,1-5 / 10 000,1-5 / 10 000,>1 / 1000,1-5 / 10 000,1-9 / 100 000,1-9 / 100 000,1-5 / 10 000,1-9 / 100 000"	"Europe,Spain,Spain,United Kingdom,France,Greece,Greece,Japan,United States,Canada,Australia,Australia,Taiwan, Province of China,Taiwan, Province of China,Italy,Italy"	"Point prevalence,Annual incidence,Point prevalence,Point prevalence,Point prevalence,Annual incidence,Point prevalence,Annual incidence,Point prevalence,Point prevalence,Annual incidence,Point prevalence,Annual incidence,Point prevalence,Point prevalence,Annual incidence"	"0.87"	"0.559"	"[ENSG00000153064]"	"55024"	"protein-coding"	"[]"	"[]"	"[Q8NDB2]"	"3.25E-20"	"0"	""	""	"0"	""	""	"0.65"	"BANK1"	""	""
"1.0"	""	"15220342"	"[]"	"[syndrome (225), genetic disease (630)]"	"[]"	"[Congenital, Hereditary, and Neonatal Diseases and Abnormalities (C16), Respiratory Tract Diseases (C08), Digestive System Diseases (C06)]"	"[Disease or Syndrome (T047)]"	"Cystic Fibrosis"	"disease"	"C0010674"	"[MESH_D003550, ICD10_E84, ICD10_E84.9, OMIM_219700, OMIM_602421, NCI_C2975, ICD9CM_277.0, ORDO_586, DO_1485, MONDO_0009061, UMLS_C0010674]"	"Autosomal recessive"	"1-5 / 10 000,1-5 / 10 000,1-5 / 10 000,1-9 / 100 000,1-5 / 10 000,1-5 / 10 000,1-5 / 10 000,1-9 / 100 000,1-5 / 10 000,1-9 / 100 000,1-5 / 10 000,1-9 / 100 000,1-5 / 10 000,1-9 / 100 000,1-5 / 10 000,1-9 / 100 000,1-9 / 100 000,1-9 / 100 000,1-5 / 10 000,1-5 / 10 000,1-5 / 10 000,1-5 / 10 000,1-5 / 10 000,1-9 / 100 000,1-9 / 100 000,1-5 / 10 000,1-5 / 10 000,1-5 / 10 000,1-5 / 10 000,1-9 / 100 000,1-9 / 100 000,1-9 / 100 000,1-9 / 100 000,1-5 / 10 000,1-9 / 100 000,1-5 / 10 000,1-9 / 100 000,1-5 / 10 000,1-5 / 10 000,1-5 / 10 000,1-9 / 100 000,1-5 / 10 000,1-9 / 100 000,1-9 / 100 000,1-9 / 100 000,1-5 / 10 000,1-9 / 100 000,1-5 / 10 000,1-9 / 100 000,1-5 / 10 000,1-9 / 100 000,1-5 / 10 000,1-5 / 10 000,1-5 / 10 000,1-5 / 10 000,1-5 / 10 000,1-9 / 1 000 000"	"Europe,Europe,Austria,Austria,Belgium,Belgium,Bulgaria,Bulgaria,Cyprus,Cyprus,Czech Republic,Czech Republic,Denmark,Denmark,Estonia,Estonia,Finland,Finland,France,France,Germany,Germany,Greece,Greece,Hungary,Ireland,Ireland,Italy,Italy,Latvia,Lithuania,Luxembourg,Malta,Netherlands,Netherlands,Norway,Norway,Poland,Poland,Portugal,Portugal,Romania,Romania,Russian Federation,Russian Federation,Slovakia,Slovakia,Slovenia,Slovenia,Spain,Spain,Sweden,Sweden,United Kingdom,United Kingdom,Brazil,China"	"Prevalence at birth,Point prevalence,Prevalence at birth,Point prevalence,Prevalence at birth,Point prevalence,Prevalence at birth,Point prevalence,Prevalence at birth,Point prevalence,Prevalence at birth,Point prevalence,Prevalence at birth,Point prevalence,Prevalence at birth,Point prevalence,Prevalence at birth,Point prevalence,Prevalence at birth,Point prevalence,Prevalence at birth,Point prevalence,Prevalence at birth,Point prevalence,Point prevalence,Prevalence at birth,Point prevalence,Prevalence at birth,Point prevalence,Point prevalence,Point prevalence,Point prevalence,Point prevalence,Prevalence at birth,Point prevalence,Prevalence at birth,Point prevalence,Prevalence at birth,Point prevalence,Prevalence at birth,Point prevalence,Prevalence at birth,Point prevalence,Prevalence at birth,Point prevalence,Prevalence at birth,Point prevalence,Prevalence at birth,Point prevalence,Prevalence at birth,Point prevalence,Prevalence at birth,Point prevalence,Prevalence at birth,Point prevalence,Annual incidence,Point prevalence"	"0.913"	"0.395"	"[ENSG00000239732]"	"54106"	"protein-coding"	"[]"	"[]"	"[Q9NR96]"	"1.0365E-6"	"0"	""	""	"0"	""	""	"0.65"	"TLR9"	""	""
"0.6666666666666666"	""	"30025111"	"[]"	"[disease of anatomical entity (7)]"	"[]"	"[Urogenital Diseases (C12), Pathological Conditions, Signs and Symptoms (C23)]"	"[Disease or Syndrome (T047)]"	"Kidney Failure, Chronic"	"disease"	"C0022661"	"[MESH_D007676, ICD10_N18, ICD10_N18.9, ICD10_N18.0, ICD9CM_585.6, NCI_C9438, DO_783, DO_784, MONDO_0004375, MONDO_0005300, MONDO_0024327, EFO_0003884, EFO_0009909, UMLS_C0022661]"	""	""	""	""	"0.913"	"0.395"	"[ENSG00000239732]"	"54106"	"protein-coding"	"[]"	"[]"	"[Q9NR96]"	"1.0365E-6"	"0"	""	""	"0"	""	""	"0.65"	"TLR9"	""	""
"1.0"	""	"90003152"	"[]"	"[disease of anatomical entity (7)]"	"[]"	"[Skin and Connective Tissue Diseases (C17)]"	"[Disease or Syndrome (T047)]"	"Diffuse Scleroderma"	"disease"	"C1258104"	"[MESH_D045743, NCI_C116791, ORDO_220393, DO_1580, MONDO_0005019, MONDO_0016356, EFO_0000404, EFO_0000717, UMLS_C1258104]"	"Multigenic/multifactorial,Not applicable"	"1-9 / 100 000"	"Taiwan, Province of China"	"Annual incidence"	"0.87"	"0.559"	"[ENSG00000153064]"	"55024"	"protein-coding"	"[]"	"[]"	"[Q8NDB2]"	"3.25E-20"	"0"	""	""	"0"	""	""	"0.65"	"BANK1"	""	""
"1.0"	""	"15105888"	"[]"	"[disease of anatomical entity (7), disease of cellular proliferation (14566)]"	"[]"	"[Digestive System Diseases (C06), Neoplasms (C04)]"	"[Neoplastic Process (T191)]"	"Colorectal Carcinoma"	"disease"	"C0009402"	"[OMIM_114500, NCI_C2955, OMIM_516000, OMIM_516004, OMIM_516030, OMIM_516040, OMIM_172411, OMIM_191170, OMIM_516020, MESH_D015179, DO_0080199, DO_9256, MONDO_0005335, MONDO_0005575, MONDO_0024331, EFO_0000365, EFO_0004142, EFO_1001951, UMLS_C0009402]"	""	""	""	""	"0.913"	"0.395"	"[ENSG00000239732]"	"54106"	"protein-coding"	"[]"	"[]"	"[Q9NR96]"	"1.0365E-6"	"0"	""	""	"0"	""	""	"0.6"	"TLR9"	""	""
"0.875"	""	"105222896"	"[]"	"[]"	"[]"	"[Skin and Connective Tissue Diseases (C17), Neoplasms (C04)]"	"[Neoplastic Process (T191)]"	"Triple Negative Breast Neoplasms"	"disease"	"C3539878"	"[MESH_D064726, MONDO_0005494, EFO_0005537, UMLS_C3539878]"	""	""	""	""	"0.913"	"0.395"	"[ENSG00000239732]"	"54106"	"protein-coding"	"[]"	"[]"	"[Q9NR96]"	"1.0365E-6"	"0"	""	""	"1"	""	""	"0.6"	"TLR9"	"2013"	"2013"
"1.0"	""	"40174758"	"[]"	"[disease of anatomical entity (7)]"	"[Abnormality of the immune system (02715), Abnormality of the integument (01574)]"	"[Skin and Connective Tissue Diseases (C17)]"	"[Disease or Syndrome (T047)]"	"Psoriasis"	"disease"	"C0033860"	"[MESH_D011565, ICD10_L40, ICD10_L40.9, HPO_HP:0003765, NCI_C3346, DO_4398, DO_8893, DO_9088, MONDO_0005083, EFO_0000676, UMLS_C0033860]"	""	""	""	""	"0.87"	"0.559"	"[ENSG00000153064]"	"55024"	"protein-coding"	"[]"	"[]"	"[Q8NDB2]"	"3.25E-20"	"0"	""	""	"0"	""	""	"0.6"	"BANK1"	""	""
"1.0"	""	"5300908"	"[]"	"[disease of anatomical entity (7), disease by infectious agent (0050117)]"	"[]"	"[Infections (C01), Immune System Diseases (C20), Respiratory Tract Diseases (C08)]"	"[Disease or Syndrome (T047)]"	"Aspergillosis, Allergic Bronchopulmonary"	"disease"	"C0004031"	"[MESH_D001229, ICD9CM_518.6, NCI_C84547, ORDO_1164, DO_13166, MONDO_0015243, EFO_0007140, UMLS_C0004031]"	"Not applicable"	""	""	""	"0.913"	"0.395"	"[ENSG00000239732]"	"54106"	"protein-coding"	"[]"	"[]"	"[Q9NR96]"	"1.0365E-6"	"0"	""	""	"0"	""	""	"0.55"	"TLR9"	""	""
"1.0"	""	"40309134"	"[]"	"[disease of anatomical entity (7)]"	"[]"	"[Skin and Connective Tissue Diseases (C17)]"	"[Disease or Syndrome (T047)]"	"Systemic Scleroderma"	"disease"	"C0036421"	"[ICD10_M34.0, MESH_D012595, ICD10_M34, ICD10_M34.9, NCI_C72070, ICD9CM_710.1, NCI_C197525, ORDO_90291, DO_418, DO_419, MONDO_0005100, EFO_0000717, UMLS_C0036421]"	"Multigenic/multifactorial,Not applicable"	"1-5 / 10 000,>1 / 1000,1-5 / 10 000,1-9 / 100 000,1-5 / 10 000,>1 / 1000,1-5 / 10 000,6-9 / 10 000,1-5 / 10 000,1-5 / 10 000,>1 / 1000,1-5 / 10 000,1-9 / 100 000,1-9 / 100 000,1-5 / 10 000,1-9 / 100 000"	"Europe,Spain,Spain,United Kingdom,France,Greece,Greece,Japan,United States,Canada,Australia,Australia,Taiwan, Province of China,Taiwan, Province of China,Italy,Italy"	"Point prevalence,Annual incidence,Point prevalence,Point prevalence,Point prevalence,Annual incidence,Point prevalence,Annual incidence,Point prevalence,Point prevalence,Annual incidence,Point prevalence,Annual incidence,Point prevalence,Point prevalence,Annual incidence"	"0.783"	"0.627"	"[ENSG00000180739]"	"53637"	"protein-coding"	"[DTO_02300001]"	"[G-protein coupled receptor]"	"[Q9H228]"	""	"0"	""	""	"1"	""	""	"0.55"	"S1PR5"	"2017"	"2017"
"1.0"	""	"40100528"	"[]"	"[disease of anatomical entity (7), disease by infectious agent (0050117)]"	"[]"	"[Infections (C01), Respiratory Tract Diseases (C08)]"	"[Disease or Syndrome (T047)]"	"Pneumonia, Viral"	"disease"	"C0032310"	"[MESH_D011024, ICD10_J12.9, ICD9CM_480.9, ICD9CM_480, DO_10533, MONDO_0006012, EFO_0007541, UMLS_C0032310]"	""	""	""	""	"0.913"	"0.395"	"[ENSG00000239732]"	"54106"	"protein-coding"	"[]"	"[]"	"[Q9NR96]"	"1.0365E-6"	"0"	""	""	"0"	""	""	"0.55"	"TLR9"	""	""
"1.0"	""	"20280315"	"[]"	"[]"	"[]"	"[Respiratory Tract Diseases (C08), Pathological Conditions, Signs and Symptoms (C23)]"	"[Disease or Syndrome (T047)]"	"Granuloma, Respiratory Tract"	"disease"	"C0018200"	"[MESH_D015769, UMLS_C0018200]"	""	""	""	""	"0.913"	"0.395"	"[ENSG00000239732]"	"54106"	"protein-coding"	"[]"	"[]"	"[Q9NR96]"	"1.0365E-6"	"0"	""	""	"1"	""	""	"0.45"	"TLR9"	"2009"	"2009"
"1.0"	""	"10198459"	"[]"	"[disease of anatomical entity (7)]"	"[Abnormality of the respiratory system (02086)]"	"[Respiratory Tract Diseases (C08)]"	"[Disease or Syndrome (T047)]"	"Bronchiolitis Obliterans"	"disease"	"C0006272"	"[MESH_D001989, NCI_C62580, HPO_HP:0011946, ORDO_1303, DO_2799, MONDO_0015265, EFO_0007183, UMLS_C0006272]"	"Not applicable"	""	""	""	"0.913"	"0.395"	"[ENSG00000239732]"	"54106"	"protein-coding"	"[]"	"[]"	"[Q9NR96]"	"1.0365E-6"	"0"	""	""	"0"	""	""	"0.45"	"TLR9"	""	""
"1.0"	""	"50246290"	"[]"	"[disease of anatomical entity (7)]"	"[]"	"[Digestive System Diseases (C06)]"	"[Disease or Syndrome (T047)]"	"Crohn's disease of large bowel"	"disease"	"C0156147"	"[ICD10_K50.1, NCI_C35211, ICD9CM_555.1, MESH_D003424, NCI_C37262, DO_0060192, DO_8778, MONDO_0005011, MONDO_0005532, EFO_0000384, EFO_0005622, UMLS_C0156147]"	""	""	""	""	"0.913"	"0.395"	"[ENSG00000239732]"	"54106"	"protein-coding"	"[]"	"[]"	"[Q9NR96]"	"1.0365E-6"	"0"	""	""	"2"	""	""	"0.4"	"TLR9"	"2007"	"2004"
"1.0"	""	"60298652"	"[]"	"[]"	"[]"	"[Nervous System Diseases (C10)]"	"[Injury or Poisoning (T037)]"	"Brain Injuries"	"disease"	"C0270611"	"[MESH_D001930, NCI_C50440, DO_936, MONDO_0043510, UMLS_C0270611]"	""	""	""	""	"0.913"	"0.395"	"[ENSG00000239732]"	"54106"	"protein-coding"	"[]"	"[]"	"[Q9NR96]"	"1.0365E-6"	"0"	""	""	"1"	""	""	"0.4"	"TLR9"	"2011"	"2011"
"1.0"	""	"40274890"	"[]"	"[disease of anatomical entity (7), disease by infectious agent (0050117)]"	"[]"	"[Infections (C01)]"	"[Disease or Syndrome (T047)]"	"Schistosomiasis mansoni"	"disease"	"C0036330"	"[MESH_D012555, ICD10_B65.1, ICD9CM_120.1, NCI_C35002, DO_0050597, MONDO_0008412, MONDO_0044345, EFO_1001419, EFO_1001420, UMLS_C0036330]"	""	""	""	""	"0.913"	"0.395"	"[ENSG00000239732]"	"54106"	"protein-coding"	"[]"	"[]"	"[Q9NR96]"	"1.0365E-6"	"0"	""	""	"1"	""	""	"0.4"	"TLR9"	"2009"	"2009"
"1.0"	""	"20280290"	"[]"	"[]"	"[]"	"[Pathological Conditions, Signs and Symptoms (C23)]"	"[Pathologic Function (T046)]"	"Granuloma, Foreign-Body"	"phenotype"	"C0018193"	"[MESH_D015745, NCI_C3066, DO_7327, UMLS_C0018193]"	""	""	""	""	"0.913"	"0.395"	"[ENSG00000239732]"	"54106"	"protein-coding"	"[]"	"[]"	"[Q9NR96]"	"1.0365E-6"	"0"	""	""	"1"	""	""	"0.4"	"TLR9"	"2009"	"2009"
"1.0"	""	"45118699"	"[]"	"[]"	"[Abnormality of the digestive system (25031), Abnormality of the respiratory system (02086)]"	"[Respiratory Tract Diseases (C08), Digestive System Diseases (C06), Pathological Conditions, Signs and Symptoms (C23)]"	"[Anatomical Abnormality (T190)]"	"Tracheoesophageal Fistula"	"disease"	"C0040588"	"[MESH_D014138, ICD9CM_530.84, HPO_HP:0002575, NCI_C35080, ORDO_454750, MONDO_0008586, MONDO_0018694, UMLS_C0040588]"	"Not applicable"	"1-9 / 100 000,1-9 / 100 000,1-9 / 100 000,1-9 / 100 000"	"Australia,Worldwide,Worldwide,Australia"	"Prevalence at birth,Prevalence at birth,Point prevalence,Point prevalence"	"0.913"	"0.395"	"[ENSG00000239732]"	"54106"	"protein-coding"	"[]"	"[]"	"[Q9NR96]"	"1.0365E-6"	"0"	""	""	"1"	""	""	"0.4"	"TLR9"	"2021"	"2021"
"0.8370786516853933"	""	"5273711"	"[]"	"[disease of anatomical entity (7)]"	"[Abnormality of the musculoskeletal system (33127)]"	"[Skin and Connective Tissue Diseases (C17), Immune System Diseases (C20), Musculoskeletal Diseases (C05)]"	"[Disease or Syndrome (T047)]"	"Rheumatoid Arthritis"	"disease"	"C0003873"	"[MESH_D001172, ICD10_M06.9, OMIM_180300, ICD9CM_714.0, OMIM_607218, HPO_HP:0001370, NCI_C2884, DO_7148, MONDO_0008383, EFO_0000685, UMLS_C0003873]"	""	""	""	""	"0.826"	"0.501"	"[ENSG00000159339]"	"23569"	"protein-coding"	"[]"	"[]"	"[Q9UM07]"	"2.3207E-10"	"0"	""	""	"1"	""	""	"0.95"	"PADI4"	"2012"	"2012"
"1.0"	""	"40165710"	"[]"	"[disease of anatomical entity (7)]"	"[Abnormality of the immune system (02715), Abnormality of the integument (01574)]"	"[Skin and Connective Tissue Diseases (C17)]"	"[Disease or Syndrome (T047)]"	"Psoriasis"	"disease"	"C0033860"	"[MESH_D011565, ICD10_L40, ICD10_L40.9, HPO_HP:0003765, NCI_C3346, DO_4398, DO_8893, DO_9088, MONDO_0005083, EFO_0000676, UMLS_C0033860]"	""	""	""	""	"0.826"	"0.528"	"[ENSG00000056972]"	"10758"	"protein-coding"	"[]"	"[]"	"[O43734]"	"2.2467E-5"	"0"	""	""	"3"	""	""	"0.9"	"TRAF3IP2"	"2010"	"2010"
"1.0"	""	"35112919"	"[]"	"[disease of anatomical entity (7)]"	"[Abnormality of the cardiovascular system (01626)]"	"[Pathological Conditions, Signs and Symptoms (C23), Cardiovascular Diseases (C14)]"	"[Disease or Syndrome (T047)]"	"Myocardial Infarction"	"disease"	"C0027051"	"[MESH_D009203, NCI_C27996, HPO_HP:0001658, DO_11847, DO_5844, DO_5854, DO_9408, MONDO_0005068, EFO_0000612, EFO_1000883, UMLS_C0027051]"	""	""	""	""	"0.826"	"0.475"	"[ENSG00000111252]"	"10019"	"protein-coding"	"[]"	"[]"	"[Q9UQQ2]"	"4.8962E-15"	"0"	""	""	"1"	""	""	"0.9"	"SH2B3"	"2009"	"2009"
"0.8717948717948718"	""	"5420083"	"[]"	"[disease of anatomical entity (7)]"	"[]"	"[Eye Diseases (C11), Skin and Connective Tissue Diseases (C17), Cardiovascular Diseases (C14), Stomatognathic Diseases (C07), Congenital, Hereditary, and Neonatal Diseases and Abnormalities (C16)]"	"[Disease or Syndrome (T047)]"	"Behcet Syndrome"	"disease"	"C0004943"	"[MESH_D001528, ICD10_M35.2, OMIM_109650, NCI_C34416, ICD9CM_136.1, ORDO_117, DO_13241, MONDO_0007191, EFO_0003780, UMLS_C0004943]"	"Multigenic/multifactorial"	"1-9 / 1 000 000,1-9 / 1 000 000,1-9 / 100 000,1-9 / 1 000 000,1-9 / 100 000,1-9 / 100 000,1-5 / 10 000,1-9 / 100 000,1-9 / 100 000,1-5 / 10 000,>1 / 1000,1-5 / 10 000,1-5 / 10 000,1-9 / 1 000 000,1-5 / 10 000,1-9 / 100 000"	"Spain,Italy,United States,Iran, Islamic Republic of,France,Italy,United Kingdom,Sweden,Portugal,Japan,Turkey,Iran, Islamic Republic of,Israel,Taiwan, Province of China,Saudi Arabia,Korea, Republic of"	"Annual incidence,Annual incidence,Point prevalence,Annual incidence,Point prevalence,Point prevalence,Point prevalence,Point prevalence,Point prevalence,Point prevalence,Point prevalence,Point prevalence,Point prevalence,Annual incidence,Point prevalence,Annual incidence"	"0.913"	"0.445"	"[ENSG00000162594]"	"149233"	"protein-coding"	"[DTO_05007599]"	"[Signaling]"	"[Q5VWK5]"	"0.0015362"	"0"	""	""	"1"	""	""	"0.8"	"IL23R"	"2013"	"2013"
"1.0"	""	"30255745"	"[]"	"[disease of anatomical entity (7)]"	"[Abnormality of the immune system (02715)]"	"[Immune System Diseases (C20), Skin and Connective Tissue Diseases (C17)]"	"[Disease or Syndrome (T047)]"	"Lupus Erythematosus, Systemic"	"disease"	"C0024141"	"[MESH_D008180, ICD10_M32, NCI_C3201, ICD10_M32.9, OMIM_152700, ICD9CM_710.0, HPO_HP:0002725, ORDO_536, DO_9074, MONDO_0007915, UMLS_C0024141]"	"Not applicable"	"1-5 / 10 000,6-9 / 10 000,1-5 / 10 000,1-5 / 10 000,1-5 / 10 000,1-5 / 10 000,1-5 / 10 000,1-5 / 10 000,1-9 / 100 000,1-5 / 10 000,6-9 / 10 000"	"France,Martinique,New Zealand,Korea, Republic of,United States,Taiwan, Province of China,Europe,Finland,Worldwide,Worldwide,Poland"	"Point prevalence,Point prevalence,Point prevalence,Point prevalence,Point prevalence,Point prevalence,Point prevalence,Point prevalence,Annual incidence,Point prevalence,Annual incidence"	"0.826"	"0.499"	"[ENSG00000140968]"	"3394"	"protein-coding"	"[DTO_05007542]"	"[Transcription factor]"	"[Q02556]"	"0.99678"	"0"	""	""	"0"	""	""	"0.8"	"IRF8"	""	""
"0.8181818181818182"	""	"5055006"	"[]"	"[disease of anatomical entity (7), disease of cellular proliferation (14566)]"	"[]"	"[Hemic and Lymphatic Diseases (C15)]"	"[Neoplastic Process (T191)]"	"Primary Myelofibrosis"	"disease"	"C0001815"	"[ICD9CM_238.76, MESH_D055728, NCI_C2862, ORDO_824, DO_4971, MONDO_0009692, MONDO_0800305, EFO_0002430, UMLS_C0001815]"	"Not applicable"	"1-9 / 100 000,1-9 / 100 000"	"Europe,Europe"	"Annual incidence,Point prevalence"	"0.826"	"0.475"	"[ENSG00000111252]"	"10019"	"protein-coding"	"[]"	"[]"	"[Q9UQQ2]"	"4.8962E-15"	"0"	""	""	"1"	""	""	"0.8"	"SH2B3"	"2010"	"2010"
"1.0"	""	"45081233"	"[]"	"[disease of anatomical entity (7), disease of cellular proliferation (14566)]"	"[]"	"[Hemic and Lymphatic Diseases (C15)]"	"[Disease or Syndrome (T047)]"	"Thrombocythemia, Essential"	"disease"	"C0040028"	"[MESH_D013920, ICD10_D47.3, ICD10_D75.2, ICD9CM_238.71, NCI_C3407, ORDO_3318, DO_2224, MONDO_0005029, EFO_0000479, UMLS_C0040028]"	"Multigenic/multifactorial,Not applicable"	"1-5 / 10 000,1-9 / 100 000,1-5 / 10 000,1-9 / 1 000 000"	"United States,Sweden,Sweden,Europe"	"Point prevalence,Annual incidence,Point prevalence,Annual incidence"	"0.826"	"0.475"	"[ENSG00000111252]"	"10019"	"protein-coding"	"[]"	"[]"	"[Q9UQQ2]"	"4.8962E-15"	"0"	""	""	"2"	""	""	"0.8"	"SH2B3"	"2011"	"2011"
"1.0"	""	"40267978"	"[]"	"[disease of anatomical entity (7)]"	"[]"	"[Immune System Diseases (C20), Hemic and Lymphatic Diseases (C15)]"	"[Disease or Syndrome (T047)]"	"Sarcoidosis"	"disease"	"C0036202"	"[MESH_D012507, ICD10_D86, ICD10_D86.9, ICD9CM_135, NCI_C34995, ORDO_797, DO_11335, DO_13404, MONDO_0008399, MONDO_0019338, UMLS_C0036202]"	"Multigenic/multifactorial"	"6-9 / 10 000,1-5 / 10 000,1-5 / 10 000,1-9 / 100 000,1-5 / 10 000,1-9 / 100 000,1-5 / 10 000,1-9 / 100 000,1-5 / 10 000,1-9 / 100 000,1-9 / 100 000,6-9 / 10 000,1-9 / 100 000,1-9 / 100 000,1-9 / 100 000,1-9 / 100 000,6-9 / 10 000,1-9 / 100 000,1-9 / 100 000,1-9 / 100 000,1-9 / 1 000 000,1-9 / 1 000 000,1-5 / 10 000,1-9 / 100 000,>1 / 1000,1-5 / 10 000,1-9 / 100 000,1-9 / 1 000 000,1-5 / 10 000,1-5 / 10 000,1-5 / 10 000,1-5 / 10 000,1-9 / 100 000,1-9 / 1 000 000"	"United States,Worldwide,Ireland,Croatia,Europe,United Kingdom,France,Spain,Finland,Denmark,Switzerland,Switzerland,Greece,Greece,Iceland,Czech Republic,Czech Republic,Australia,Japan,Japan,Korea, Republic of,Singapore,Italy,France,Sweden,Sweden,Taiwan, Province of China,Portugal,Norway,Norway,Canada,Guadeloupe,Guadeloupe,Uruguay"	"Point prevalence,Point prevalence,Point prevalence,Annual incidence,Point prevalence,Annual incidence,Point prevalence,Annual incidence,Point prevalence,Annual incidence,Annual incidence,Point prevalence,Annual incidence,Point prevalence,Annual incidence,Annual incidence,Point prevalence,Annual incidence,Annual incidence,Point prevalence,Annual incidence,Annual incidence,Point prevalence,Annual incidence,Point prevalence,Annual incidence,Point prevalence,Point prevalence,Point prevalence,Annual incidence,Point prevalence,Point prevalence,Annual incidence,Annual incidence"	"0.913"	"0.445"	"[ENSG00000162594]"	"149233"	"protein-coding"	"[DTO_05007599]"	"[Signaling]"	"[Q5VWK5]"	"0.0015362"	"0"	""	""	"0"	""	""	"0.8"	"IL23R"	""	""
"0.6666666666666666"	""	"5257158"	"[]"	"[disease of anatomical entity (7)]"	"[Abnormality of the musculoskeletal system (33127)]"	"[Musculoskeletal Diseases (C05)]"	"[Disease or Syndrome (T047)]"	"Arthritis"	"disease"	"C0003864"	"[MESH_D001168, ICD10_M13.9, HPO_HP:0001369, NCI_C2883, DO_848, MONDO_0005578, EFO_0005856, UMLS_C0003864]"	""	""	""	""	"0.913"	"0.445"	"[ENSG00000162594]"	"149233"	"protein-coding"	"[DTO_05007599]"	"[Signaling]"	"[Q5VWK5]"	"0.0015362"	"2"	""	""	"0"	""	""	"0.8"	"IL23R"	""	""
"1.0"	""	"5264295"	"[]"	"[disease of anatomical entity (7)]"	"[]"	"[Skin and Connective Tissue Diseases (C17), Musculoskeletal Diseases (C05)]"	"[Disease or Syndrome (T047)]"	"Arthritis, Psoriatic"	"disease"	"C0003872"	"[MESH_D015535, ICD10_L40.5, NCI_C61277, ICD9CM_696.0, DO_9008, MONDO_0011849, EFO_0003778, UMLS_C0003872]"	""	""	""	""	"0.826"	"0.528"	"[ENSG00000056972]"	"10758"	"protein-coding"	"[]"	"[]"	"[O43734]"	"2.2467E-5"	"0"	""	""	"2"	""	""	"0.75"	"TRAF3IP2"	"2010"	"2010"
"0.9230769230769231"	""	"35062646"	"[]"	"[disease of anatomical entity (7)]"	"[]"	"[Immune System Diseases (C20), Nervous System Diseases (C10)]"	"[Disease or Syndrome (T047)]"	"Multiple Sclerosis"	"disease"	"C0026769"	"[MESH_D009103, ICD10_G35, ICD9CM_340, NCI_C3243, ORDO_802, DO_2377, MONDO_0005301, EFO_0803536, UMLS_C0026769]"	""	""	""	""	"0.826"	"0.499"	"[ENSG00000140968]"	"3394"	"protein-coding"	"[DTO_05007542]"	"[Transcription factor]"	"[Q02556]"	"0.99678"	"0"	""	""	"1"	""	""	"0.75"	"IRF8"	"2009"	"2009"
"1.0"	""	"45041692"	"[]"	"[]"	"[Abnormality of the nervous system (00707), Abnormality of the cardiovascular system (01626)]"	"[Nervous System Diseases (C10), Cardiovascular Diseases (C14)]"	"[Disease or Syndrome (T047)]"	"Cerebrovascular accident"	"disease"	"C0038454"	"[MESH_D020521, NCI_C3390, ICD10_I64, OMIM_601367, HPO_HP:0001297, DO_6713, MONDO_0005098, EFO_0000712, UMLS_C0038454]"	""	""	""	""	"0.826"	"0.475"	"[ENSG00000111252]"	"10019"	"protein-coding"	"[]"	"[]"	"[Q9UQQ2]"	"4.8962E-15"	"0"	""	""	"1"	""	""	"0.75"	"SH2B3"	"2018"	"2018"
"1.0"	""	"85062889"	"[]"	"[disease of anatomical entity (7)]"	"[Abnormality of blood and blood-forming tissues (01871)]"	"[Hemic and Lymphatic Diseases (C15)]"	"[Disease or Syndrome (T047)]"	"Thrombocytosis"	"disease"	"C0836924"	"[MESH_D013922, HPO_HP:0001894, NCI_C35530, DO_2228, MONDO_0002249, UMLS_C0836924]"	""	""	""	""	"0.826"	"0.475"	"[ENSG00000111252]"	"10019"	"protein-coding"	"[]"	"[]"	"[Q9UQQ2]"	"4.8962E-15"	"0"	""	""	"0"	""	""	"0.75"	"SH2B3"	""	""
"1.0"	""	"5286514"	"[]"	"[disease of anatomical entity (7)]"	"[Abnormality of the musculoskeletal system (33127)]"	"[Skin and Connective Tissue Diseases (C17), Immune System Diseases (C20), Musculoskeletal Diseases (C05)]"	"[Disease or Syndrome (T047)]"	"Rheumatoid Arthritis"	"disease"	"C0003873"	"[MESH_D001172, ICD10_M06.9, OMIM_180300, ICD9CM_714.0, OMIM_607218, HPO_HP:0001370, NCI_C2884, DO_7148, MONDO_0008383, EFO_0000685, UMLS_C0003873]"	""	""	""	""	"0.783"	"0.551"	"[ENSG00000065675]"	"5588"	"protein-coding"	"[DTO_03300101]"	"[Kinase]"	"[Q04759]"	"0.010174"	"0"	""	""	"3"	""	""	"0.7"	"PRKCQ"	"2012"	"2008"
"1.0"	""	"70036623"	"[]"	"[disease of anatomical entity (7), disease of cellular proliferation (14566)]"	"[]"	"[Neoplasms (C04), Digestive System Diseases (C06)]"	"[Neoplastic Process (T191)]"	"Malignant neoplasm of large intestine"	"disease"	"C0346629"	"[NCI_C4978, DO_9256, DO_5672, MONDO_0005575, UMLS_C0346629]"	""	""	""	""	"0.826"	"0.475"	"[ENSG00000111252]"	"10019"	"protein-coding"	"[]"	"[]"	"[Q9UQQ2]"	"4.8962E-15"	"0"	""	""	"0"	""	""	"0.7"	"SH2B3"	""	""
"0.75"	""	"10449243"	"[]"	"[disease of anatomical entity (7)]"	"[Abnormality of the digestive system (25031), Abnormality of the immune system (02715)]"	"[Digestive System Diseases (C06), Nutritional and Metabolic Diseases (C18)]"	"[Disease or Syndrome (T047)]"	"Celiac Disease"	"disease"	"C0007570"	"[MESH_D002446, ICD10_K90.0, NCI_C26714, ICD9CM_579.0, HPO_HP:0002608, ORDO_555, DO_10608, MONDO_0005130, EFO_0001060, EFO_0009266, UMLS_C0007570]"	""	""	""	""	"0.913"	"0.445"	"[ENSG00000162594]"	"149233"	"protein-coding"	"[DTO_05007599]"	"[Signaling]"	"[Q5VWK5]"	"0.0015362"	"0"	""	""	"0"	""	""	"0.7"	"IL23R"	""	""
"1.0"	""	"10210461"	"[]"	"[disease of anatomical entity (7), disease by infectious agent (0050117)]"	"[Abnormality of the integument (01574), Abnormality of the immune system (02715)]"	"[Skin and Connective Tissue Diseases (C17), Infections (C01), Pathological Conditions, Signs and Symptoms (C23)]"	"[Disease or Syndrome (T047)]"	"Candidiasis, Chronic Mucocutaneous"	"disease"	"C0006845"	"[MESH_D002178, HPO_HP:0002728, NCI_C34444, ORDO_1334, DO_2058, MONDO_0015279, UMLS_C0006845]"	"Autosomal dominant,Autosomal recessive"	""	""	""	"0.826"	"0.528"	"[ENSG00000056972]"	"10758"	"protein-coding"	"[]"	"[]"	"[O43734]"	"2.2467E-5"	"0"	""	""	"1"	""	""	"0.7"	"TRAF3IP2"	"2013"	"2013"
"0.8888888888888888"	""	"45168224"	"[]"	"[disease of anatomical entity (7)]"	"[Abnormality of the eye (00478), Abnormality of the immune system (02715)]"	"[Eye Diseases (C11)]"	"[Disease or Syndrome (T047)]"	"Uveitis"	"disease"	"C0042164"	"[MESH_D014605, HPO_HP:0000554, NCI_C26909, ORDO_98715, DO_12030, DO_13141, MONDO_0020283, EFO_1001082, EFO_1001231, UMLS_C0042164]"	""	""	""	""	"0.913"	"0.445"	"[ENSG00000162594]"	"149233"	"protein-coding"	"[DTO_05007599]"	"[Signaling]"	"[Q5VWK5]"	"0.0015362"	"0"	""	""	"0"	""	""	"0.65"	"IL23R"	""	""
"1.0"	""	"115155398"	"[]"	"[disease of anatomical entity (7), genetic disease (630)]"	"[]"	"[]"	"[Disease or Syndrome (T047)]"	"IMMUNODEFICIENCY 60 AND AUTOIMMUNITY"	"disease"	"C5193072"	"[OMIM_618394, OMIM_605394, DO_0111954, MONDO_0032723, UMLS_C5193072]"	""	""	""	""	"0.87"	"0.505"	"[ENSG00000112182]"	"60468"	"protein-coding"	"[]"	"[]"	"[Q9BYV9]"	"1.0"	"0"	""	""	"3"	""	""	"0.9"	"BACH2"	"2017"	"2013"
"0.9710144927536232"	""	"85303543"	"[]"	"[disease of anatomical entity (7), disease of cellular proliferation (14566)]"	"[Neoplasm (02664), Abnormality of the genitourinary system (00119)]"	"[Endocrine System Diseases (C19), Urogenital Diseases (C12), Neoplasms (C04)]"	"[Neoplastic Process (T191)]"	"Malignant neoplasm of ovary"	"disease"	"C1140680"	"[MESH_D010051, ICD10_C56, OMIM_167000, ICD9CM_183.0, HPO_HP:0100615, NCI_C7431, ORDO_213500, DO_2394, MONDO_0008170, EFO_0001075, EFO_0003893, EFO_0006460, EFO_0006462, EFO_0007252, EFO_1000042, EFO_1000412, EFO_1000416, EFO_1000431, UMLS_C1140680]"	""	"1-5 / 10 000"	"Europe"	"Point prevalence"	"0.913"	"0.309"	"[ENSG00000168610]"	"6774"	"protein-coding"	"[DTO_05007557]"	"[Nucleic acid binding]"	"[P40763]"	"1.0"	"0"	""	""	"0"	""	""	"0.85"	"STAT3"	""	""
"0.9354838709677419"	""	"30142927"	"[]"	"[disease of anatomical entity (7), disease of cellular proliferation (14566)]"	"[Neoplasm (02664), Abnormality of blood and blood-forming tissues (01871), Abnormality of the immune system (02715)]"	"[Neoplasms (C04), Hemic and Lymphatic Diseases (C15)]"	"[Neoplastic Process (T191)]"	"Leukemia, Myelocytic, Acute"	"disease"	"C0023467"	"[MESH_D015470, ICD10_C92.0, OMIM_601626, NCI_C27753, NCI_C3171, HPO_HP:0004808, OMIM_116897, ICD9CM_205.0, ORDO_519, DO_0081085, DO_0081086, DO_0081087, DO_9119, MONDO_0018874, MONDO_0015667, EFO_0000222, EFO_0003026, EFO_0003027, EFO_0003028, UMLS_C0023467]"	""	"1-9 / 100 000,1-5 / 10 000,1-9 / 100 000,1-5 / 10 000,1-9 / 100 000,1-9 / 100 000,1-9 / 100 000"	"Worldwide,Europe,Europe,Europe,France,Denmark,United States"	"Annual incidence,Point prevalence,Annual incidence,Lifetime Prevalence,Annual incidence,Annual incidence,Annual incidence"	"0.913"	"0.309"	"[ENSG00000168610]"	"6774"	"protein-coding"	"[DTO_05007557]"	"[Nucleic acid binding]"	"[P40763]"	"1.0"	"3"	""	""	"1"	""	""	"0.85"	"STAT3"	"2010"	"2010"
"0.9272727272727272"	""	"45230223"	"[]"	"[disease of anatomical entity (7), disease of cellular proliferation (14566)]"	"[]"	"[Immune System Diseases (C20), Neoplasms (C04), Hemic and Lymphatic Diseases (C15)]"	"[Neoplastic Process (T191)]"	"Diffuse Large B-Cell Lymphoma"	"disease"	"C0079744"	"[MESH_D016403, ICD10_C83.3, NCI_C8851, ORDO_544, DO_0050745, MONDO_0018905, EFO_0000403, EFO_1000157, EFO_1000490, UMLS_C0079744]"	"Multigenic/multifactorial,Not applicable"	"1-5 / 10 000,1-9 / 100 000,1-9 / 100 000,1-9 / 1 000 000,1-9 / 1 000 000,1-9 / 100 000,1-9 / 100 000,1-9 / 100 000,1-9 / 100 000,1-9 / 100 000,1-9 / 100 000,1-9 / 100 000,1-9 / 100 000,1-9 / 100 000,1-9 / 100 000,1-9 / 100 000,1-9 / 100 000,1-9 / 100 000,1-9 / 100 000,1-9 / 100 000,1-9 / 100 000,1-9 / 100 000,1-9 / 100 000,1-9 / 100 000,1-9 / 100 000,1-9 / 100 000"	"Europe,France,Europe,Croatia,Latvia,Austria,Belgium,Bulgaria,Czech Republic,Estonia,Finland,Germany,Iceland,Ireland,Italy,Lithuania,Malta,Norway,Poland,Portugal,Slovakia,Slovenia,Spain,Switzerland,Netherlands,United Kingdom"	"Point prevalence,Annual incidence,Annual incidence,Annual incidence,Annual incidence,Annual incidence,Annual incidence,Annual incidence,Annual incidence,Annual incidence,Annual incidence,Annual incidence,Annual incidence,Annual incidence,Annual incidence,Annual incidence,Annual incidence,Annual incidence,Annual incidence,Annual incidence,Annual incidence,Annual incidence,Annual incidence,Annual incidence,Annual incidence,Annual incidence"	"0.913"	"0.309"	"[ENSG00000168610]"	"6774"	"protein-coding"	"[DTO_05007557]"	"[Nucleic acid binding]"	"[P40763]"	"1.0"	"2"	""	""	"0"	""	""	"0.85"	"STAT3"	""	""
"0.9767441860465116"	""	"10233742"	"[]"	"[disease of cellular proliferation (14566)]"	"[Neoplasm (02664)]"	"[Neoplasms (C04)]"	"[Neoplastic Process (T191)]"	"Carcinoma"	"disease"	"C0007097"	"[MESH_D002277, NCI_C2916, HPO_HP:0030731, DO_162, DO_4015, DO_305, MONDO_0004993, EFO_0000313, UMLS_C0007097]"	""	""	""	""	"0.913"	"0.309"	"[ENSG00000168610]"	"6774"	"protein-coding"	"[DTO_05007557]"	"[Nucleic acid binding]"	"[P40763]"	"1.0"	"7"	""	""	"1"	""	""	"0.85"	"STAT3"	"2005"	"2005"
"1.0"	""	"20148975"	"[]"	"[]"	"[]"	"[Pathological Conditions, Signs and Symptoms (C23)]"	"[Pathologic Function (T046)]"	"Fibrosis"	"phenotype"	"C0016059"	"[MESH_D005355, NCI_C3044, EFO_0006890, UMLS_C0016059]"	""	""	""	""	"0.913"	"0.309"	"[ENSG00000168610]"	"6774"	"protein-coding"	"[DTO_05007557]"	"[Nucleic acid binding]"	"[P40763]"	"1.0"	"1"	""	""	"1"	""	""	"0.85"	"STAT3"	"2014"	"2014"
"1.0"	""	"90265348"	"[]"	"[]"	"[Abnormality of the breast (00769), Neoplasm (02664)]"	"[Skin and Connective Tissue Diseases (C17), Neoplasms (C04)]"	"[Neoplastic Process (T191)]"	"Mammary Neoplasms"	"disease"	"C1458155"	"[MESH_D001943, HPO_HP:0100013, NCI_C2910, DO_1612, DO_3459, MONDO_0021100, EFO_0003869, UMLS_C1458155]"	""	""	""	""	"0.913"	"0.309"	"[ENSG00000168610]"	"6774"	"protein-coding"	"[DTO_05007557]"	"[Nucleic acid binding]"	"[P40763]"	"1.0"	"6"	""	""	"1"	""	""	"0.85"	"STAT3"	"2004"	"2004"
"1.0"	""	"30375506"	"[]"	"[disease of anatomical entity (7), disease of cellular proliferation (14566)]"	"[Neoplasm (02664), Abnormality of the nervous system (00707)]"	"[Neoplasms (C04)]"	"[Neoplastic Process (T191)]"	"Medulloblastoma"	"disease"	"C0025149"	"[MESH_D008527, OMIM_155255, OMIM_600185, HPO_HP:0002885, OMIM_603722, OMIM_607035, NCI_C3222, ORDO_616, DO_0050902, DO_3861, DO_3864, DO_3868, DO_3869, MONDO_0007959, EFO_0002939, UMLS_C0025149]"	"Not applicable"	"1-9 / 1 000 000,1-9 / 100 000,1-9 / 1 000 000"	"Europe,Europe,United States"	"Annual incidence,Point prevalence,Annual incidence"	"0.913"	"0.309"	"[ENSG00000168610]"	"6774"	"protein-coding"	"[DTO_05007557]"	"[Nucleic acid binding]"	"[P40763]"	"1.0"	"1"	""	""	"1"	""	""	"0.85"	"STAT3"	"2008"	"2008"
"1.0"	""	"40175489"	"[]"	"[disease of anatomical entity (7)]"	"[Abnormality of the immune system (02715), Abnormality of the integument (01574)]"	"[Skin and Connective Tissue Diseases (C17)]"	"[Disease or Syndrome (T047)]"	"Psoriasis"	"disease"	"C0033860"	"[MESH_D011565, ICD10_L40, ICD10_L40.9, HPO_HP:0003765, NCI_C3346, DO_4398, DO_8893, DO_9088, MONDO_0005083, EFO_0000676, UMLS_C0033860]"	""	""	""	""	"0.913"	"0.496"	"[ENSG00000162924]"	"5966"	"protein-coding"	"[DTO_05007542]"	"[Transcription factor]"	"[Q04864]"	"0.99917"	"0"	""	""	"1"	""	""	"0.7"	"REL"	"2010"	"2010"
"0.963855421686747"	"Supportive"	"30282604"	"[]"	"[disease of anatomical entity (7)]"	"[Abnormality of the immune system (02715)]"	"[Immune System Diseases (C20), Skin and Connective Tissue Diseases (C17)]"	"[Disease or Syndrome (T047)]"	"Lupus Erythematosus, Systemic"	"[disease]"	"C0024141"	"[MESH_D008180, ICD10_M32, NCI_C3201, ICD10_M32.9, OMIM_152700, ICD9CM_710.0, HPO_HP:0002725, ORDO_536, DO_9074, MONDO_0007915, UMLS_C0024141]"	"Not applicable"	"1-5 / 10 000,6-9 / 10 000,1-5 / 10 000,1-5 / 10 000,1-5 / 10 000,1-5 / 10 000,1-5 / 10 000,1-5 / 10 000,1-9 / 100 000,1-5 / 10 000,6-9 / 10 000"	"France,Martinique,New Zealand,Korea, Republic of,United States,Taiwan, Province of China,Europe,Finland,Worldwide,Worldwide,Poland"	"Point prevalence,Point prevalence,Point prevalence,Point prevalence,Point prevalence,Point prevalence,Point prevalence,Point prevalence,Annual incidence,Point prevalence,Annual incidence"	"0.957"	"0.392"	"[ENSG00000169896]"	"3684"	"protein-coding"	"[]"	"[]"	"[P11215]"	"7.2128E-11"	"1"	""	""	"5"	""	""	"1.0"	"ITGAM"	"2013"	"2008"
"0.9487179487179487"	""	"35095437"	"[]"	"[disease of anatomical entity (7)]"	"[]"	"[Immune System Diseases (C20), Nervous System Diseases (C10)]"	"[Disease or Syndrome (T047)]"	"Multiple Sclerosis"	"[disease]"	"C0026769"	"[MESH_D009103, ICD10_G35, ICD9CM_340, NCI_C3243, ORDO_802, DO_2377, MONDO_0005301, EFO_0803536, UMLS_C0026769]"	""	""	""	""	"0.826"	"0.554"	"[ENSG00000038532]"	"23274"	"protein-coding"	"[]"	"[]"	"[Q2KHT3]"	"1.9273E-5"	"0"	""	""	"2"	""	""	"1.0"	"CLEC16A"	"2009"	"2009"
"0.8157894736842105"	""	"5321817"	"[]"	"[disease of anatomical entity (7)]"	"[Abnormality of the respiratory system (02086), Abnormality of the immune system (02715)]"	"[Immune System Diseases (C20), Respiratory Tract Diseases (C08)]"	"[Disease or Syndrome (T047)]"	"Asthma"	"[disease]"	"C0004096"	"[ICD10_J45, MESH_D001249, ICD10_J45.9, HPO_HP:0002099, NCI_C28397, ICD9CM_493, ICD9CM_493.9, DO_9360, DO_9415, DO_2841, MONDO_0004979, UMLS_C0004096]"	""	""	""	""	"0.913"	"0.458"	"[ENSG00000073861]"	"30009"	"protein-coding"	"[DTO_05007542]"	"[Transcription factor]"	"[Q9UL17]"	"0.99994"	"0"	""	""	"1"	""	""	"0.95"	"TBX21"	"2005"	"2005"
"1.0"	"Strong"	"105352941"	"[]"	"[disease of anatomical entity (7), genetic disease (630)]"	"[]"	"[Immune System Diseases (C20)]"	"[Disease or Syndrome (T047)]"	"IMMUNODEFICIENCY 30"	"[disease]"	"C4013949"	"[OMIM_614891, OMIM_601604, NCI_C176800, ORDO_319552, DO_0111990, MONDO_0013955, UMLS_C4013949]"	""	""	""	""	"0.913"	"0.492"	"[ENSG00000096996]"	"3594"	"protein-coding"	"[DTO_05007599]"	"[Signaling]"	"[P42701]"	"5.1139E-8"	"0"	""	""	"42"	""	""	"0.9"	"IL12RB1"	"2021"	"1998"
"0.9696969696969697"	"Supportive"	"30274437"	"[]"	"[disease of anatomical entity (7)]"	"[Abnormality of the immune system (02715)]"	"[Immune System Diseases (C20), Skin and Connective Tissue Diseases (C17)]"	"[Disease or Syndrome (T047)]"	"Lupus Erythematosus, Systemic"	"[disease]"	"C0024141"	"[MESH_D008180, ICD10_M32, NCI_C3201, ICD10_M32.9, OMIM_152700, ICD9CM_710.0, HPO_HP:0002725, ORDO_536, DO_9074, MONDO_0007915, UMLS_C0024141]"	"Not applicable"	"1-5 / 10 000,6-9 / 10 000,1-5 / 10 000,1-5 / 10 000,1-5 / 10 000,1-5 / 10 000,1-5 / 10 000,1-5 / 10 000,1-9 / 100 000,1-5 / 10 000,6-9 / 10 000"	"France,Martinique,New Zealand,Korea, Republic of,United States,Taiwan, Province of China,Europe,Finland,Worldwide,Worldwide,Poland"	"Point prevalence,Point prevalence,Point prevalence,Point prevalence,Point prevalence,Point prevalence,Point prevalence,Point prevalence,Annual incidence,Point prevalence,Annual incidence"	"0.783"	"0.535"	"[ENSG00000145901]"	"10318"	"protein-coding"	"[]"	"[]"	"[Q15025]"	"1.0"	"0"	""	""	"7"	""	""	"0.9"	"TNIP1"	"2013"	"2009"
"0.96"	"Supportive"	"30277105"	"[]"	"[disease of anatomical entity (7)]"	"[Abnormality of the immune system (02715)]"	"[Immune System Diseases (C20), Skin and Connective Tissue Diseases (C17)]"	"[Disease or Syndrome (T047)]"	"Lupus Erythematosus, Systemic"	"[disease]"	"C0024141"	"[MESH_D008180, ICD10_M32, NCI_C3201, ICD10_M32.9, OMIM_152700, ICD9CM_710.0, HPO_HP:0002725, ORDO_536, DO_9074, MONDO_0007915, UMLS_C0024141]"	"Not applicable"	"1-5 / 10 000,6-9 / 10 000,1-5 / 10 000,1-5 / 10 000,1-5 / 10 000,1-5 / 10 000,1-5 / 10 000,1-5 / 10 000,1-9 / 100 000,1-5 / 10 000,6-9 / 10 000"	"France,Martinique,New Zealand,Korea, Republic of,United States,Taiwan, Province of China,Europe,Finland,Worldwide,Worldwide,Poland"	"Point prevalence,Point prevalence,Point prevalence,Point prevalence,Point prevalence,Point prevalence,Point prevalence,Point prevalence,Annual incidence,Point prevalence,Annual incidence"	"0.87"	"0.429"	"[ENSG00000134954]"	"2113"	"protein-coding"	"[DTO_05007542]"	"[Transcription factor]"	"[P14921]"	"0.99981"	"0"	""	""	"3"	""	""	"0.9"	"ETS1"	"2012"	"2009"
"0.9411764705882353"	""	"40192177"	"[]"	"[disease of anatomical entity (7)]"	"[Abnormality of the integument (01574), Abnormality of the immune system (02715)]"	"[Skin and Connective Tissue Diseases (C17)]"	"[Disease or Syndrome (T047)]"	"Psoriasis"	"[disease]"	"C0033860"	"[MESH_D011565, ICD10_L40, ICD10_L40.9, HPO_HP:0003765, NCI_C3346, DO_4398, DO_8893, DO_9088, MONDO_0005083, EFO_0000676, UMLS_C0033860]"	""	""	""	""	"0.783"	"0.535"	"[ENSG00000145901]"	"10318"	"protein-coding"	"[]"	"[]"	"[Q15025]"	"1.0"	"0"	""	""	"2"	""	""	"0.9"	"TNIP1"	"2010"	"2009"
"0.8378378378378378"	""	"15395590"	"[]"	"[disease of anatomical entity (7), disease of metabolism (0014667), genetic disease (630)]"	"[Abnormality of the endocrine system (00818), Abnormality of metabolism/homeostasis (01939)]"	"[Immune System Diseases (C20), Endocrine System Diseases (C19), Nutritional and Metabolic Diseases (C18)]"	"[Disease or Syndrome (T047)]"	"Diabetes Mellitus, Insulin-Dependent"	"[disease]"	"C0011854"	"[MESH_D003922, ICD10_E10, OMIM_222100, NCI_C2986, HPO_HP:0100651, ORDO_243377, DO_0110745, DO_0110746, DO_0110747, DO_0110749, DO_0110750, DO_0110751, DO_0110752, DO_0110753, DO_0110754, DO_0110755, DO_0110756, DO_0110757, DO_0110758, DO_0110759, DO_0110760, DO_0110761, DO_0110741, DO_0110742, DO_0110743, DO_0110744, DO_9744, MONDO_0007454, MONDO_0010950, MONDO_0012919, MONDO_0012920, MONDO_0012921, MONDO_0012961, MONDO_0011016, MONDO_0011033, MONDO_0011068, MONDO_0011123, MONDO_0011572, MONDO_0013078, MONDO_0011167, MONDO_0011168, MONDO_0012422, MONDO_0011302, MONDO_0005147, MONDO_0010861, MONDO_0010862, MONDO_0010863, MONDO_0010864, UMLS_C0011854]"	""	""	""	""	"0.826"	"0.554"	"[ENSG00000038532]"	"23274"	"protein-coding"	"[]"	"[]"	"[Q2KHT3]"	"1.9273E-5"	"0"	""	""	"2"	""	""	"0.9"	"CLEC16A"	"2009"	"2007"
"0.9285714285714286"	""	"35311221"	"[]"	"[disease of metabolism (0014667)]"	"[Growth abnormality (01507)]"	"[Pathological Conditions, Signs and Symptoms (C23), Nutritional and Metabolic Diseases (C18)]"	"[Disease or Syndrome (T047)]"	"Obesity"	"[disease]"	"C0028754"	"[ICD10_E66, MESH_D009765, ICD10_E66.9, OMIM_601665, ICD9CM_278.00, HPO_HP:0001513, NCI_C159658, NCI_C3283, DO_9970, MONDO_0011122, MONDO_0019182, EFO_0001073, UMLS_C0028754]"	""	""	""	""	"0.957"	"0.392"	"[ENSG00000169896]"	"3684"	"protein-coding"	"[]"	"[]"	"[P11215]"	"7.2128E-11"	"2"	""	""	"1"	""	""	"0.9"	"ITGAM"	"2018"	"2018"
"0.9333333333333333"	""	"15426243"	"[]"	"[disease of metabolism (0014667), genetic disease (630)]"	"[Abnormality of the endocrine system (00818), Abnormality of metabolism/homeostasis (01939)]"	"[Endocrine System Diseases (C19), Nutritional and Metabolic Diseases (C18)]"	"[Disease or Syndrome (T047)]"	"Diabetes Mellitus, Non-Insulin-Dependent"	"[disease]"	"C0011860"	"[MESH_D003924, ICD10_E11, OMIM_125853, NCI_C26747, OMIM_600509, OMIM_147545, HPO_HP:0005978, OMIM_138079, OMIM_147670, OMIM_167413, OMIM_600281, OMIM_189907, OMIM_138430, OMIM_164731, OMIM_601724, DO_9352, MONDO_0005148, UMLS_C0011860]"	""	""	""	""	"0.87"	"0.429"	"[ENSG00000134954]"	"2113"	"protein-coding"	"[DTO_05007542]"	"[Transcription factor]"	"[P14921]"	"0.99981"	"0"	""	""	"1"	""	""	"0.85"	"ETS1"	"2019"	"2019"
"0.9090909090909091"	""	"30293472"	"[]"	"[disease of anatomical entity (7)]"	"[]"	"[Immune System Diseases (C20), Urogenital Diseases (C12), Skin and Connective Tissue Diseases (C17)]"	"[Disease or Syndrome (T047)]"	"Lupus Nephritis"	"[disease]"	"C0024143"	"[MESH_D008181, HPO_HP:0033726, NCI_C34789, DO_0080162, MONDO_0005556, EFO_0005761, UMLS_C0024143]"	""	""	""	""	"0.957"	"0.392"	"[ENSG00000169896]"	"3684"	"protein-coding"	"[]"	"[]"	"[P11215]"	"7.2128E-11"	"0"	""	""	"0"	""	""	"0.85"	"ITGAM"	""	""
"0.75"	""	"85078121"	"[]"	"[genetic disease (630)]"	"[]"	"[Congenital, Hereditary, and Neonatal Diseases and Abnormalities (C16), Hemic and Lymphatic Diseases (C15)]"	"[Disease or Syndrome (T047)]"	"Jacobsen Distal 11q Deletion Syndrome"	"[disease]"	"C0795841"	"[OMIM_147791, MESH_D054868, NCI_C75457, ORDO_2308, DO_0111723, MONDO_0007838, UMLS_C0795841]"	"Not applicable,Unknown"	"1-9 / 100 000"	"United States"	"Prevalence at birth"	"0.87"	"0.429"	"[ENSG00000134954]"	"2113"	"protein-coding"	"[DTO_05007542]"	"[Transcription factor]"	"[P14921]"	"0.99981"	"0"	""	""	"1"	""	""	"0.75"	"ETS1"	"2014"	"2014"
"1.0"	""	"5022539"	"[]"	"[disease of anatomical entity (7)]"	"[Abnormality of the endocrine system (00818)]"	"[Endocrine System Diseases (C19), Immune System Diseases (C20)]"	"[Disease or Syndrome (T047)]"	"Addison Disease"	"[disease]"	"C0001403"	"[MESH_D000224, NCI_C26689, OMIM_240200, OMIM_300371, HPO_HP:0008207, ORDO_85138, DO_13774, MONDO_0015129, MONDO_0100480, UMLS_C0001403]"	"Not applicable"	"1-5 / 10 000,1-5 / 10 000,1-5 / 10 000,1-9 / 100 000"	"Specific population,Europe,Norway,United Kingdom"	"Annual incidence,Point prevalence,Point prevalence,Point prevalence"	"0.826"	"0.554"	"[ENSG00000038532]"	"23274"	"protein-coding"	"[]"	"[]"	"[Q2KHT3]"	"1.9273E-5"	"0"	""	""	"1"	""	""	"0.75"	"CLEC16A"	"2008"	"2008"
"1.0"	"Moderate"	"50178987"	"[]"	"[]"	"[]"	"[Cardiovascular Diseases (C14), Congenital, Hereditary, and Neonatal Diseases and Abnormalities (C16)]"	"[Congenital Abnormality (T019)]"	"Congenital heart disease"	"[disease]"	"C0152021"	"[NCI_C95834, DO_1682, MONDO_0005453, EFO_0005207, UMLS_C0152021]"	""	""	""	""	"0.87"	"0.429"	"[ENSG00000134954]"	"2113"	"protein-coding"	"[DTO_05007542]"	"[Transcription factor]"	"[P14921]"	"0.99981"	"0"	""	""	"6"	""	""	"0.7"	"ETS1"	"2020"	"2003"
"0.8333333333333334"	""	"5158988"	"[]"	"[disease of anatomical entity (7)]"	"[Abnormality of the nervous system (00707)]"	"[Nutritional and Metabolic Diseases (C18), Nervous System Diseases (C10)]"	"[Disease or Syndrome (T047)]"	"Amyotrophic Lateral Sclerosis"	"[disease]"	"C0002736"	"[MESH_D000690, ICD9CM_335.20, HPO_HP:0007354, NCI_C34373, ORDO_803, DO_0111246, DO_332, MONDO_0004976, UMLS_C0002736]"	"Autosomal dominant,Autosomal recessive,Not applicable"	"1-9 / 100 000,1-9 / 100 000,1-9 / 100 000,1-9 / 100 000,1-9 / 100 000,1-9 / 100 000,1-9 / 100 000,1-9 / 100 000,1-9 / 100 000,1-9 / 100 000,1-9 / 100 000,1-9 / 100 000,1-9 / 100 000,1-9 / 100 000,1-9 / 100 000,1-9 / 100 000,1-9 / 100 000,1-9 / 100 000,1-9 / 100 000,1-9 / 100 000,1-9 / 1 000 000,1-9 / 100 000,1-9 / 100 000,1-9 / 1 000 000,1-9 / 100 000,1-9 / 100 000,1-5 / 10 000,1-9 / 100 000,1-9 / 100 000"	"Europe,Europe,United Kingdom,United Kingdom,Ireland,Ireland,Finland,Finland,Canada,United States,Uruguay,Uruguay,Denmark,Denmark,Italy,France,Spain,Spain,Norway,Norway,Taiwan, Province of China,Taiwan, Province of China,Faroe Islands,Iran, Islamic Republic of,Iran, Islamic Republic of,Specific population,Specific population,Specific population,Specific population"	"Annual incidence,Point prevalence,Annual incidence,Point prevalence,Annual incidence,Point prevalence,Annual incidence,Point prevalence,Point prevalence,Annual incidence,Annual incidence,Point prevalence,Annual incidence,Point prevalence,Annual incidence,Annual incidence,Annual incidence,Point prevalence,Annual incidence,Point prevalence,Annual incidence,Point prevalence,Annual incidence,Annual incidence,Point prevalence,Annual incidence,Point prevalence,Annual incidence,Point prevalence"	"0.783"	"0.535"	"[ENSG00000145901]"	"10318"	"protein-coding"	"[]"	"[]"	"[Q15025]"	"1.0"	"0"	""	""	"2"	""	""	"0.7"	"TNIP1"	"2012"	"1993"
"0.85"	""	"30178923"	"[]"	"[disease of cellular proliferation (14566), disease of anatomical entity (7)]"	"[Neoplasm (02664), Abnormality of blood and blood-forming tissues (01871), Abnormality of the immune system (02715)]"	"[Hemic and Lymphatic Diseases (C15), Neoplasms (C04)]"	"[Neoplastic Process (T191)]"	"Acute Promyelocytic Leukemia"	"[disease]"	"C0023487"	"[MESH_D015473, ICD10_C92.4, OMIM_612376, NCI_C3182, HPO_HP:0004836, ORDO_520, DO_0060318, DO_0081081, MONDO_0012883, EFO_0000224, UMLS_C0023487]"	"Not applicable"	"1-9 / 1 000 000,1-9 / 1 000 000,1-9 / 1 000 000"	"United States,Europe,France"	"Annual incidence,Annual incidence,Annual incidence"	"0.957"	"0.392"	"[ENSG00000169896]"	"3684"	"protein-coding"	"[]"	"[]"	"[P11215]"	"7.2128E-11"	"0"	""	""	"1"	""	""	"0.7"	"ITGAM"	"2007"	"2007"
"0.5"	""	"5287473"	"[]"	"[disease of anatomical entity (7)]"	"[Abnormality of the musculoskeletal system (33127)]"	"[Immune System Diseases (C20), Skin and Connective Tissue Diseases (C17), Musculoskeletal Diseases (C05)]"	"[Disease or Syndrome (T047)]"	"Rheumatoid Arthritis"	"[disease]"	"C0003873"	"[MESH_D001172, ICD10_M06.9, OMIM_180300, ICD9CM_714.0, OMIM_607218, HPO_HP:0001370, NCI_C2884, DO_7148, MONDO_0008383, EFO_0000685, UMLS_C0003873]"	""	""	""	""	"0.826"	"0.554"	"[ENSG00000038532]"	"23274"	"protein-coding"	"[]"	"[]"	"[Q2KHT3]"	"1.9273E-5"	"0"	""	""	"0"	""	""	"0.7"	"CLEC16A"	""	""
"1.0"	""	"30277919"	"[]"	"[disease of anatomical entity (7)]"	"[Abnormality of the immune system (02715)]"	"[Immune System Diseases (C20), Skin and Connective Tissue Diseases (C17)]"	"[Disease or Syndrome (T047)]"	"Lupus Erythematosus, Systemic"	"[disease]"	"C0024141"	"[MESH_D008180, ICD10_M32, NCI_C3201, ICD10_M32.9, OMIM_152700, ICD9CM_710.0, HPO_HP:0002725, ORDO_536, DO_9074, MONDO_0007915, UMLS_C0024141]"	"Not applicable"	"1-5 / 10 000,6-9 / 10 000,1-5 / 10 000,1-5 / 10 000,1-5 / 10 000,1-5 / 10 000,1-5 / 10 000,1-5 / 10 000,1-9 / 100 000,1-5 / 10 000,6-9 / 10 000"	"France,Martinique,New Zealand,Korea, Republic of,United States,Taiwan, Province of China,Europe,Finland,Worldwide,Worldwide,Poland"	"Point prevalence,Point prevalence,Point prevalence,Point prevalence,Point prevalence,Point prevalence,Point prevalence,Point prevalence,Annual incidence,Point prevalence,Annual incidence"	"0.826"	"0.554"	"[ENSG00000038532]"	"23274"	"protein-coding"	"[]"	"[]"	"[Q2KHT3]"	"1.9273E-5"	"0"	""	""	"1"	""	""	"0.65"	"CLEC16A"	"2009"	"2009"
"1.0"	""	"30120123"	"[]"	"[disease of cellular proliferation (14566), disease of anatomical entity (7)]"	"[Neoplasm (02664), Abnormality of blood and blood-forming tissues (01871), Abnormality of the immune system (02715)]"	"[Hemic and Lymphatic Diseases (C15), Neoplasms (C04), Immune System Diseases (C20)]"	"[Neoplastic Process (T191)]"	"Acute lymphocytic leukemia"	"[disease]"	"C0023449"	"[ICD10_C91.0, NCI_C3167, HPO_HP:0006721, ICD9CM_204.0, ORDO_513, DO_9952, MONDO_0004967, EFO_0000220, EFO_1001830, UMLS_C0023449]"	""	""	""	""	"0.87"	"0.562"	"[ENSG00000030419]"	"22807"	"protein-coding"	"[DTO_05007542]"	"[Transcription factor]"	"[Q9UKS7]"	"0.98095"	"0"	""	""	"1"	""	""	"0.65"	"IKZF2"	"2013"	"2013"
"1.0"	""	"40334010"	"[]"	"[disease of anatomical entity (7)]"	"[]"	"[Skin and Connective Tissue Diseases (C17)]"	"[Disease or Syndrome (T047)]"	"Systemic Scleroderma"	"[disease]"	"C0036421"	"[ICD10_M34.0, MESH_D012595, ICD10_M34, ICD10_M34.9, NCI_C72070, ICD9CM_710.1, NCI_C197525, ORDO_90291, DO_418, DO_419, MONDO_0005100, EFO_0000717, UMLS_C0036421]"	"Multigenic/multifactorial,Not applicable"	"1-5 / 10 000,>1 / 1000,1-5 / 10 000,1-9 / 100 000,1-5 / 10 000,>1 / 1000,1-5 / 10 000,6-9 / 10 000,1-5 / 10 000,1-5 / 10 000,>1 / 1000,1-5 / 10 000,1-9 / 100 000,1-9 / 100 000,1-5 / 10 000,1-9 / 100 000"	"Europe,Spain,Spain,United Kingdom,France,Greece,Greece,Japan,United States,Canada,Australia,Australia,Taiwan, Province of China,Taiwan, Province of China,Italy,Italy"	"Point prevalence,Annual incidence,Point prevalence,Point prevalence,Point prevalence,Annual incidence,Point prevalence,Annual incidence,Point prevalence,Point prevalence,Annual incidence,Point prevalence,Annual incidence,Point prevalence,Point prevalence,Annual incidence"	"0.783"	"0.535"	"[ENSG00000145901]"	"10318"	"protein-coding"	"[]"	"[]"	"[Q15025]"	"1.0"	"0"	""	""	"1"	""	""	"0.65"	"TNIP1"	"2011"	"2011"
"1.0"	""	"30276032"	"[]"	"[disease of anatomical entity (7)]"	"[Abnormality of the immune system (02715)]"	"[Immune System Diseases (C20), Skin and Connective Tissue Diseases (C17)]"	"[Disease or Syndrome (T047)]"	"Lupus Erythematosus, Systemic"	"[disease]"	"C0024141"	"[MESH_D008180, ICD10_M32, NCI_C3201, ICD10_M32.9, OMIM_152700, ICD9CM_710.0, HPO_HP:0002725, ORDO_536, DO_9074, MONDO_0007915, UMLS_C0024141]"	"Not applicable"	"1-5 / 10 000,6-9 / 10 000,1-5 / 10 000,1-5 / 10 000,1-5 / 10 000,1-5 / 10 000,1-5 / 10 000,1-5 / 10 000,1-9 / 100 000,1-5 / 10 000,6-9 / 10 000"	"France,Martinique,New Zealand,Korea, Republic of,United States,Taiwan, Province of China,Europe,Finland,Worldwide,Worldwide,Poland"	"Point prevalence,Point prevalence,Point prevalence,Point prevalence,Point prevalence,Point prevalence,Point prevalence,Point prevalence,Annual incidence,Point prevalence,Annual incidence"	"0.826"	"0.559"	"[ENSG00000103653]"	"1445"	"protein-coding"	"[DTO_03300101]"	"[Kinase]"	"[P41240]"	"1.0"	"0"	""	""	"1"	""	""	"0.65"	"CSK"	"2012"	"2012"
"1.0"	""	"25330118"	"[]"	"[]"	"[]"	"[Pathological Conditions, Signs and Symptoms (C23)]"	"[Pathologic Function (T046)]"	"Inflammation"	"[phenotype]"	"C0021368"	"[MESH_D007249, NCI_C3137, UMLS_C0021368]"	""	""	""	""	"0.913"	"0.458"	"[ENSG00000073861]"	"30009"	"protein-coding"	"[DTO_05007542]"	"[Transcription factor]"	"[Q9UL17]"	"0.99994"	"0"	""	""	"1"	""	""	"0.65"	"TBX21"	"2012"	"2012"
"1.0"	""	"10456035"	"[]"	"[disease of anatomical entity (7)]"	"[Abnormality of the digestive system (25031), Abnormality of the immune system (02715)]"	"[Digestive System Diseases (C06), Nutritional and Metabolic Diseases (C18)]"	"[Disease or Syndrome (T047)]"	"Celiac Disease"	"[disease]"	"C0007570"	"[MESH_D002446, ICD10_K90.0, NCI_C26714, ICD9CM_579.0, HPO_HP:0002608, ORDO_555, DO_10608, MONDO_0005130, EFO_0001060, EFO_0009266, UMLS_C0007570]"	""	""	""	""	"0.87"	"0.429"	"[ENSG00000134954]"	"2113"	"protein-coding"	"[DTO_05007542]"	"[Transcription factor]"	"[P14921]"	"0.99981"	"0"	""	""	"1"	""	""	"0.65"	"ETS1"	"2010"	"2010"
"0.75"	""	"35227320"	"[]"	"[]"	"[Abnormality of the nervous system (00707)]"	"[Pathological Conditions, Signs and Symptoms (C23)]"	"[Cell or Molecular Dysfunction (T049)]"	"Nerve Degeneration"	"[phenotype]"	"C0027746"	"[MESH_D009410, HPO_HP:0002180, MONDO_0005559, EFO_0005772, UMLS_C0027746]"	""	""	""	""	"0.957"	"0.392"	"[ENSG00000169896]"	"3684"	"protein-coding"	"[]"	"[]"	"[P11215]"	"7.2128E-11"	"0"	""	""	"1"	""	""	"0.65"	"ITGAM"	"2020"	"2020"
"1.0"	""	"40156747"	"[]"	"[disease of anatomical entity (7)]"	"[]"	"[Urogenital Diseases (C12)]"	"[Pathologic Function (T046)]"	"Pre-Eclampsia"	"[phenotype]"	"C0032914"	"[MESH_D011225, ICD10_O14.9, NCI_C85021, HPO_HP:0100602, ORDO_275555, DO_10591, MONDO_0005081, EFO_0000668, UMLS_C0032914]"	"Not applicable"	"1-5 / 10 000"	"Europe"	"Point prevalence"	"0.957"	"0.392"	"[ENSG00000169896]"	"3684"	"protein-coding"	"[]"	"[]"	"[P11215]"	"7.2128E-11"	"0"	""	""	"0"	""	""	"0.65"	"ITGAM"	""	""
"1.0"	"Limited"	"115257763"	"[]"	"[genetic disease (630), disease of anatomical entity (7)]"	"[]"	"[]"	"[Disease or Syndrome (T047)]"	"IMMUNODEFICIENCY 88"	"[disease]"	"C5562026"	"[OMIM_619630, OMIM_604895, DO_0061058, MONDO_0030483, UMLS_C5562026]"	""	""	""	""	"0.913"	"0.458"	"[ENSG00000073861]"	"30009"	"protein-coding"	"[DTO_05007542]"	"[Transcription factor]"	"[Q9UL17]"	"0.99994"	"0"	""	""	"1"	""	""	"0.6"	"TBX21"	"2020"	"2020"
"1.0"	""	"40318582"	"[]"	"[disease of mental health (150)]"	"[Abnormality of the nervous system (00707)]"	"[Mental Disorders (F03)]"	"[Mental or Behavioral Dysfunction (T048)]"	"Schizophrenia"	"[disease]"	"C0036341"	"[MESH_D012559, ICD10_F20, ICD10_F20.9, OMIM_181500, ICD9CM_295.90, HPO_HP:0100753, NCI_C3362, ICD9CM_295.9, ICD9CM_295, DO_5419, MONDO_0005090, UMLS_C0036341]"	""	""	""	""	"0.957"	"0.392"	"[ENSG00000169896]"	"3684"	"protein-coding"	"[]"	"[]"	"[P11215]"	"7.2128E-11"	"0"	""	""	"1"	""	""	"0.6"	"ITGAM"	"2013"	"2013"
"1.0"	""	"30184849"	"[]"	"[disease of cellular proliferation (14566), disease of anatomical entity (7), disease by infectious agent (0050117)]"	"[]"	"[Hemic and Lymphatic Diseases (C15), Neoplasms (C04), Immune System Diseases (C20)]"	"[Neoplastic Process (T191)]"	"Adult T-Cell Lymphoma/Leukemia"	"[disease]"	"C0023493"	"[ICD10_C91.5, MESH_D015459, NCI_C3184, ORDO_86875, DO_0050523, MONDO_0019471, EFO_0000209, UMLS_C0023493]"	"Multigenic/multifactorial,Not applicable"	"1-9 / 100 000"	"Europe"	"Point prevalence"	"0.87"	"0.562"	"[ENSG00000030419]"	"22807"	"protein-coding"	"[DTO_05007542]"	"[Transcription factor]"	"[Q9UKS7]"	"0.98095"	"0"	""	""	"1"	""	""	"0.6"	"IKZF2"	"2015"	"2015"
"1.0"	""	"25192200"	"[]"	"[disease of metabolism (0014667), genetic disease (630)]"	"[Abnormality of metabolism/homeostasis (01939)]"	"[Nutritional and Metabolic Diseases (C18)]"	"[Disease or Syndrome (T047)]"	"Hyperglycemia"	"[disease]"	"C0020456"	"[MESH_D006943, ICD10_R73.9, HPO_HP:0003074, NCI_C26797, DO_4195, MONDO_0002909, UMLS_C0020456]"	""	""	""	""	"0.957"	"0.392"	"[ENSG00000169896]"	"3684"	"protein-coding"	"[]"	"[]"	"[P11215]"	"7.2128E-11"	"0"	""	""	"1"	""	""	"0.6"	"ITGAM"	"2018"	"2018"
"1.0"	"Limited"	"90255556"	"[]"	"[]"	"[Abnormality of the ear (00598)]"	"[Otorhinolaryngologic Diseases (C09), Pathological Conditions, Signs and Symptoms (C23), Nervous System Diseases (C10)]"	"[Disease or Syndrome (T047)]"	"hearing impairment"	"[disease]"	"C1384666"	"[ICD10_H91.9, NCI_C50576, MESH_D034381, ICD9CM_389.9, HPO_HP:0000365, ICD9CM_389, MONDO_0005365, EFO_0004238, UMLS_C1384666]"	""	""	""	""	"0.87"	"0.562"	"[ENSG00000030419]"	"22807"	"protein-coding"	"[DTO_05007542]"	"[Transcription factor]"	"[Q9UKS7]"	"0.98095"	"0"	""	""	"0"	""	""	"0.6"	"IKZF2"	""	""
"0.9454545454545454"	""	"40201334"	"[]"	"[disease of anatomical entity (7)]"	"[Abnormality of the integument (01574), Abnormality of the immune system (02715)]"	"[Skin and Connective Tissue Diseases (C17)]"	"[Disease or Syndrome (T047)]"	"Psoriasis"	"[disease]"	"C0033860"	"[MESH_D011565, ICD10_L40, ICD10_L40.9, HPO_HP:0003765, NCI_C3346, DO_4398, DO_8893, DO_9088, MONDO_0005083, EFO_0000676, UMLS_C0033860]"	""	""	""	""	"0.957"	"0.39"	"[ENSG00000110944]"	"51561"	"protein-coding"	"[DTO_05007599]"	"[Signaling]"	"[Q9NPF7]"	"6.9539E-5"	"18"	""	""	"3"	""	""	"1.0"	"IL23A"	"2011"	"2009"
"1.0"	""	"10459497"	"[]"	"[disease of anatomical entity (7)]"	"[Abnormality of the digestive system (25031), Abnormality of the immune system (02715)]"	"[Digestive System Diseases (C06), Nutritional and Metabolic Diseases (C18)]"	"[Disease or Syndrome (T047)]"	"Celiac Disease"	"[disease]"	"C0007570"	"[MESH_D002446, ICD10_K90.0, NCI_C26714, ICD9CM_579.0, HPO_HP:0002608, ORDO_555, DO_10608, MONDO_0005130, EFO_0001060, EFO_0009266, UMLS_C0007570]"	""	""	""	""	"0.957"	"0.427"	"[ENSG00000138684]"	"59067"	"protein-coding"	"[]"	"[]"	"[Q9HBE4]"	"0.98551"	"1"	""	""	"1"	""	""	"1.0"	"IL21"	"2007"	"2007"
"0.9333333333333333"	""	"30286323"	"[]"	"[disease of anatomical entity (7)]"	"[Abnormality of the immune system (02715)]"	"[Immune System Diseases (C20), Skin and Connective Tissue Diseases (C17)]"	"[Disease or Syndrome (T047)]"	"Lupus Erythematosus, Systemic"	"[disease]"	"C0024141"	"[MESH_D008180, ICD10_M32, NCI_C3201, ICD10_M32.9, OMIM_152700, ICD9CM_710.0, HPO_HP:0002725, ORDO_536, DO_9074, MONDO_0007915, UMLS_C0024141]"	"Not applicable"	"1-5 / 10 000,6-9 / 10 000,1-5 / 10 000,1-5 / 10 000,1-5 / 10 000,1-5 / 10 000,1-5 / 10 000,1-5 / 10 000,1-9 / 100 000,1-5 / 10 000,6-9 / 10 000"	"France,Martinique,New Zealand,Korea, Republic of,United States,Taiwan, Province of China,Europe,Finland,Worldwide,Worldwide,Poland"	"Point prevalence,Point prevalence,Point prevalence,Point prevalence,Point prevalence,Point prevalence,Point prevalence,Point prevalence,Annual incidence,Point prevalence,Annual incidence"	"0.957"	"0.427"	"[ENSG00000138684]"	"59067"	"protein-coding"	"[]"	"[]"	"[Q9HBE4]"	"0.98551"	"3"	""	""	"1"	""	""	"0.95"	"IL21"	"2007"	"2007"
"0.9148936170212766"	""	"5299341"	"[]"	"[disease of anatomical entity (7)]"	"[Abnormality of the musculoskeletal system (33127)]"	"[Immune System Diseases (C20), Skin and Connective Tissue Diseases (C17), Musculoskeletal Diseases (C05)]"	"[Disease or Syndrome (T047)]"	"Rheumatoid Arthritis"	"[disease]"	"C0003873"	"[MESH_D001172, ICD10_M06.9, OMIM_180300, ICD9CM_714.0, OMIM_607218, HPO_HP:0001370, NCI_C2884, DO_7148, MONDO_0008383, EFO_0000685, UMLS_C0003873]"	""	""	""	""	"0.957"	"0.39"	"[ENSG00000110944]"	"51561"	"protein-coding"	"[DTO_05007599]"	"[Signaling]"	"[Q9NPF7]"	"6.9539E-5"	"8"	""	""	"1"	""	""	"0.85"	"IL23A"	"2009"	"2009"
"1.0"	""	"15311446"	"[]"	"[disease of anatomical entity (7)]"	"[Abnormality of the integument (01574), Abnormality of the immune system (02715)]"	"[Immune System Diseases (C20), Congenital, Hereditary, and Neonatal Diseases and Abnormalities (C16), Skin and Connective Tissue Diseases (C17)]"	"[Disease or Syndrome (T047)]"	"Dermatitis, Atopic"	"[disease]"	"C0011615"	"[MESH_D003876, ICD10_L20, ICD10_L20.9, OMIM_603165, HPO_HP:0001047, DO_3310, MONDO_0004980, MONDO_0100178, EFO_0000274, UMLS_C0011615]"	""	""	""	""	"0.957"	"0.39"	"[ENSG00000110944]"	"51561"	"protein-coding"	"[DTO_05007599]"	"[Signaling]"	"[Q9NPF7]"	"6.9539E-5"	"4"	""	""	"1"	""	""	"0.85"	"IL23A"	"2023"	"2023"
"0.9230769230769231"	""	"25193777"	"[]"	"[disease of metabolism (0014667), genetic disease (630)]"	"[Abnormality of metabolism/homeostasis (01939)]"	"[Nutritional and Metabolic Diseases (C18)]"	"[Disease or Syndrome (T047)]"	"Hyperglycemia"	"[disease]"	"C0020456"	"[MESH_D006943, ICD10_R73.9, HPO_HP:0003074, NCI_C26797, DO_4195, MONDO_0002909, UMLS_C0020456]"	""	""	""	""	"0.913"	"0.479"	"[ENSG00000166501]"	"5579"	"protein-coding"	"[DTO_03300101]"	"[Kinase]"	"[P05771]"	"1.0"	"0"	""	""	"1"	""	""	"0.8"	"PRKCB"	"2007"	"2007"
"1.0"	""	"100231046"	"[]"	"[disease of anatomical entity (7), disease of cellular proliferation (14566)]"	"[Neoplasm (02664), Abnormality of the digestive system (25031)]"	"[Digestive System Diseases (C06), Neoplasms (C04)]"	"[Neoplastic Process (T191)]"	"Liver carcinoma"	"[disease]"	"C2239176"	"[ICD10_C22.0, MESH_D006528, OMIM_114550, NCI_C3099, HPO_HP:0001402, ORDO_88673, DO_3571, DO_684, MONDO_0007256, EFO_0000182, EFO_0000762, EFO_1000256, UMLS_C2239176]"	"Not applicable"	"1-9 / 100 000,1-5 / 10 000,1-9 / 100 000,1-9 / 100 000,1-9 / 100 000,1-9 / 100 000,1-9 / 100 000,1-5 / 10 000,1-9 / 100 000,1-9 / 100 000,1-5 / 10 000,1-5 / 10 000,1-5 / 10 000,1-5 / 10 000,6-9 / 10 000,1-5 / 10 000,1-9 / 100 000,1-9 / 100 000,1-9 / 100 000,1-9 / 100 000,1-9 / 100 000,1-9 / 100 000,1-9 / 100 000,1-9 / 100 000,1-9 / 100 000,1-9 / 100 000,1-9 / 100 000,1-9 / 100 000,1-9 / 100 000,1-9 / 1 000 000,1-9 / 100 000,1-9 / 100 000,1-9 / 100 000,1-9 / 100 000"	"United States,Europe,France,United Kingdom,Germany,Spain,Italy,Greece,Canada,Oceania,Latin America,China,Japan,Korea, Republic of,Mongolia,Africa,Europe,Austria,Belgium,Bulgaria,Croatia,Czech Republic,Estonia,Finland,Iceland,Ireland,Latvia,Lithuania,Norway,Poland,Portugal,Slovakia,Switzerland,Netherlands"	"Annual incidence,Point prevalence,Annual incidence,Annual incidence,Annual incidence,Annual incidence,Annual incidence,Annual incidence,Annual incidence,Annual incidence,Annual incidence,Annual incidence,Annual incidence,Annual incidence,Annual incidence,Annual incidence,Annual incidence,Annual incidence,Annual incidence,Annual incidence,Annual incidence,Annual incidence,Annual incidence,Annual incidence,Annual incidence,Annual incidence,Annual incidence,Annual incidence,Annual incidence,Annual incidence,Annual incidence,Annual incidence,Annual incidence,Annual incidence"	"0.957"	"0.427"	"[ENSG00000138684]"	"59067"	"protein-coding"	"[]"	"[]"	"[Q9HBE4]"	"0.98551"	"0"	""	""	"0"	""	""	"0.8"	"IL21"	""	""
"1.0"	""	"35102899"	"[]"	"[disease of anatomical entity (7)]"	"[]"	"[Immune System Diseases (C20), Nervous System Diseases (C10)]"	"[Disease or Syndrome (T047)]"	"Multiple Sclerosis"	"[disease]"	"C0026769"	"[MESH_D009103, ICD10_G35, ICD9CM_340, NCI_C3243, ORDO_802, DO_2377, MONDO_0005301, EFO_0803536, UMLS_C0026769]"	""	""	""	""	"0.87"	"0.514"	"[ENSG00000103522]"	"50615"	"protein-coding"	"[DTO_05007575]"	"[Receptor]"	"[Q9HBE5]"	"0.24466"	"1"	""	""	"0"	""	""	"0.8"	"IL21R"	""	""
"1.0"	""	"5330997"	"[]"	"[disease of anatomical entity (7)]"	"[Abnormality of the respiratory system (02086), Abnormality of the immune system (02715)]"	"[Immune System Diseases (C20), Respiratory Tract Diseases (C08)]"	"[Disease or Syndrome (T047)]"	"Asthma"	"[disease]"	"C0004096"	"[ICD10_J45, MESH_D001249, ICD10_J45.9, HPO_HP:0002099, NCI_C28397, ICD9CM_493, ICD9CM_493.9, DO_9360, DO_9415, DO_2841, MONDO_0004979, UMLS_C0004096]"	""	""	""	""	"0.957"	"0.427"	"[ENSG00000138684]"	"59067"	"protein-coding"	"[]"	"[]"	"[Q9HBE4]"	"0.98551"	"1"	""	""	"0"	""	""	"0.8"	"IL21"	""	""
"0.8"	"Limited"	"15161709"	"[]"	"[disease of anatomical entity (7), genetic disease (630)]"	"[]"	"[Immune System Diseases (C20)]"	"[Disease or Syndrome (T047)]"	"Common Variable Immunodeficiency"	"[disease]"	"C0009447"	"[MESH_D017074, ICD10_D83, ICD10_D83.9, ICD9CM_279.06, OMIM_607594, DO_12177, MONDO_0015517, UMLS_C0009447]"	""	""	""	""	"0.957"	"0.427"	"[ENSG00000138684]"	"59067"	"protein-coding"	"[]"	"[]"	"[Q9HBE4]"	"0.98551"	"0"	""	""	"3"	""	""	"0.75"	"IL21"	"2016"	"2009"
"1.0"	""	"15470735"	"[]"	"[disease of metabolism (0014667), genetic disease (630)]"	"[Abnormality of the endocrine system (00818), Abnormality of metabolism/homeostasis (01939)]"	"[Endocrine System Diseases (C19), Nutritional and Metabolic Diseases (C18)]"	"[Disease or Syndrome (T047)]"	"Diabetes Mellitus, Non-Insulin-Dependent"	"[disease]"	"C0011860"	"[MESH_D003924, ICD10_E11, OMIM_125853, NCI_C26747, OMIM_600509, OMIM_147545, HPO_HP:0005978, OMIM_138079, OMIM_147670, OMIM_167413, OMIM_600281, OMIM_189907, OMIM_138430, OMIM_164731, OMIM_601724, DO_9352, MONDO_0005148, UMLS_C0011860]"	""	""	""	""	"0.913"	"0.479"	"[ENSG00000166501]"	"5579"	"protein-coding"	"[DTO_03300101]"	"[Kinase]"	"[P05771]"	"1.0"	"0"	""	""	"1"	""	""	"0.75"	"PRKCB"	"2004"	"2004"
"1.0"	""	"30284363"	"[]"	"[disease of anatomical entity (7)]"	"[Abnormality of the immune system (02715)]"	"[Immune System Diseases (C20), Skin and Connective Tissue Diseases (C17)]"	"[Disease or Syndrome (T047)]"	"Lupus Erythematosus, Systemic"	"[disease]"	"C0024141"	"[MESH_D008180, ICD10_M32, NCI_C3201, ICD10_M32.9, OMIM_152700, ICD9CM_710.0, HPO_HP:0002725, ORDO_536, DO_9074, MONDO_0007915, UMLS_C0024141]"	"Not applicable"	"1-5 / 10 000,6-9 / 10 000,1-5 / 10 000,1-5 / 10 000,1-5 / 10 000,1-5 / 10 000,1-5 / 10 000,1-5 / 10 000,1-9 / 100 000,1-5 / 10 000,6-9 / 10 000"	"France,Martinique,New Zealand,Korea, Republic of,United States,Taiwan, Province of China,Europe,Finland,Worldwide,Worldwide,Poland"	"Point prevalence,Point prevalence,Point prevalence,Point prevalence,Point prevalence,Point prevalence,Point prevalence,Point prevalence,Annual incidence,Point prevalence,Annual incidence"	"0.87"	"0.514"	"[ENSG00000103522]"	"50615"	"protein-coding"	"[DTO_05007575]"	"[Receptor]"	"[Q9HBE5]"	"0.24466"	"0"	""	""	"1"	""	""	"0.75"	"IL21R"	"2007"	"2007"
"1.0"	""	"25352658"	"[]"	"[]"	"[]"	"[Pathological Conditions, Signs and Symptoms (C23)]"	"[Pathologic Function (T046)]"	"Inflammation"	"[phenotype]"	"C0021368"	"[MESH_D007249, NCI_C3137, UMLS_C0021368]"	""	""	""	""	"0.87"	"0.469"	"[ENSG00000143365]"	"6097"	"protein-coding"	"[DTO_00102000]"	"[Nuclear receptor]"	"[P51449]"	"0.99999"	"0"	""	""	"1"	""	""	"0.75"	"RORC"	"2012"	"2012"
"0.9090909090909091"	""	"10162997"	"[]"	"[disease of anatomical entity (7), disease of cellular proliferation (14566)]"	"[]"	"[Neoplasms (C04), Skin and Connective Tissue Diseases (C17)]"	"[Neoplastic Process (T191)]"	"Malignant neoplasm of breast"	"[disease]"	"C0006142"	"[MESH_D001943, ICD10_C50, ICD10_C50-C50.9, ICD10_C50.9, OMIM_114480, NCI_C9335, DO_3459, DO_1612, MONDO_0016419, MONDO_0007254, MONDO_0021100, EFO_0000305, EFO_0003869, UMLS_C0006142]"	""	""	""	""	"0.913"	"0.444"	"[ENSG00000160683]"	"643"	"protein-coding"	"[DTO_02300001]"	"[G-protein coupled receptor]"	"[P32302]"	"0.17945"	"0"	""	""	"0"	""	""	"0.75"	"CXCR5"	""	""
"1.0"	""	"10349315"	"[]"	"[disease of anatomical entity (7), disease of cellular proliferation (14566)]"	"[Abnormality of the respiratory system (02086), Neoplasm (02664)]"	"[Respiratory Tract Diseases (C08), Neoplasms (C04)]"	"[Neoplastic Process (T191)]"	"Non-Small Cell Lung Carcinoma"	"[disease]"	"C0007131"	"[MESH_D002289, OMIM_211980, HPO_HP:0030358, NCI_C2926, DO_3908, MONDO_0005233, EFO_0003060, UMLS_C0007131]"	""	""	""	""	"0.913"	"0.479"	"[ENSG00000166501]"	"5579"	"protein-coding"	"[DTO_03300101]"	"[Kinase]"	"[P05771]"	"1.0"	"1"	""	""	"0"	""	""	"0.75"	"PRKCB"	""	""
"1.0"	"Strong"	"105248768"	"[]"	"[disease of anatomical entity (7), genetic disease (630)]"	"[]"	"[]"	"[Disease or Syndrome (T047)]"	"IMMUNODEFICIENCY 56"	"[disease]"	"C3554687"	"[OMIM_615207, OMIM_605383, ORDO_357329, DO_0111982, MONDO_0014082, UMLS_C3554687]"	""	""	""	""	"0.87"	"0.514"	"[ENSG00000103522]"	"50615"	"protein-coding"	"[DTO_05007575]"	"[Receptor]"	"[Q9HBE5]"	"0.24466"	"0"	""	""	"8"	""	""	"0.7"	"IL21R"	"2021"	"2013"
"1.0"	"Strong"	"115259251"	"[]"	"[genetic disease (630), disease of anatomical entity (7)]"	"[]"	"[]"	"[Disease or Syndrome (T047)]"	"Autosomal recessive mendelian susceptibility to mycobacterial disease due to complete RORgamma receptor mutation"	"[disease]"	"C5567647"	"[OMIM_602943, OMIM_616622, ORDO_477857, DO_0111940, MONDO_0014710, UMLS_C5567647]"	"Autosomal recessive"	"<1 / 1 000 000"	"Worldwide"	"Point prevalence"	"0.87"	"0.469"	"[ENSG00000143365]"	"6097"	"protein-coding"	"[DTO_00102000]"	"[Nuclear receptor]"	"[P51449]"	"0.99999"	"0"	""	""	"3"	""	""	"0.7"	"RORC"	"2021"	"1998"
"1.0"	"Supportive"	"115259412"	"[]"	"[genetic disease (630), disease of anatomical entity (7)]"	"[]"	"[Immune System Diseases (C20), Digestive System Diseases (C06), Congenital, Hereditary, and Neonatal Diseases and Abnormalities (C16)]"	"[Disease or Syndrome (T047)]"	"IL21-related infantile inflammatory bowel disease"	"[disease]"	"C5567788"	"[OMIM_615767, OMIM_605384, NCI_C176801, ORDO_477661, DO_0081153, MONDO_0014338, UMLS_C5567788]"	"Autosomal recessive"	"<1 / 1 000 000"	"Worldwide"	"Point prevalence"	"0.957"	"0.427"	"[ENSG00000138684]"	"59067"	"protein-coding"	"[]"	"[]"	"[Q9HBE4]"	"0.98551"	"0"	""	""	"2"	""	""	"0.7"	"IL21"	"2014"	"2009"
"1.0"	""	"30286870"	"[]"	"[disease of anatomical entity (7)]"	"[Abnormality of the immune system (02715)]"	"[Immune System Diseases (C20), Skin and Connective Tissue Diseases (C17)]"	"[Disease or Syndrome (T047)]"	"Lupus Erythematosus, Systemic"	"[disease]"	"C0024141"	"[MESH_D008180, ICD10_M32, NCI_C3201, ICD10_M32.9, OMIM_152700, ICD9CM_710.0, HPO_HP:0002725, ORDO_536, DO_9074, MONDO_0007915, UMLS_C0024141]"	"Not applicable"	"1-5 / 10 000,6-9 / 10 000,1-5 / 10 000,1-5 / 10 000,1-5 / 10 000,1-5 / 10 000,1-5 / 10 000,1-5 / 10 000,1-9 / 100 000,1-5 / 10 000,6-9 / 10 000"	"France,Martinique,New Zealand,Korea, Republic of,United States,Taiwan, Province of China,Europe,Finland,Worldwide,Worldwide,Poland"	"Point prevalence,Point prevalence,Point prevalence,Point prevalence,Point prevalence,Point prevalence,Point prevalence,Point prevalence,Annual incidence,Point prevalence,Annual incidence"	"0.87"	"0.508"	"[ENSG00000057657]"	"639"	"protein-coding"	"[]"	"[]"	"[O75626]"	"1.0"	"0"	""	""	"1"	""	""	"0.7"	"PRDM1"	"2009"	"2009"
"0.75"	""	"15161526"	"[]"	"[disease of anatomical entity (7), genetic disease (630)]"	"[]"	"[Immune System Diseases (C20)]"	"[Disease or Syndrome (T047)]"	"Common Variable Immunodeficiency"	"[disease]"	"C0009447"	"[MESH_D017074, ICD10_D83, ICD10_D83.9, ICD9CM_279.06, OMIM_607594, DO_12177, MONDO_0015517, UMLS_C0009447]"	""	""	""	""	"0.87"	"0.514"	"[ENSG00000103522]"	"50615"	"protein-coding"	"[DTO_05007575]"	"[Receptor]"	"[Q9HBE5]"	"0.24466"	"0"	""	""	"0"	""	""	"0.7"	"IL21R"	""	""
"0.7"	""	"5302311"	"[]"	"[disease of anatomical entity (7)]"	"[Abnormality of the musculoskeletal system (33127)]"	"[Immune System Diseases (C20), Skin and Connective Tissue Diseases (C17), Musculoskeletal Diseases (C05)]"	"[Disease or Syndrome (T047)]"	"Rheumatoid Arthritis"	"[disease]"	"C0003873"	"[MESH_D001172, ICD10_M06.9, OMIM_180300, ICD9CM_714.0, OMIM_607218, HPO_HP:0001370, NCI_C2884, DO_7148, MONDO_0008383, EFO_0000685, UMLS_C0003873]"	""	""	""	""	"0.87"	"0.508"	"[ENSG00000057657]"	"639"	"protein-coding"	"[]"	"[]"	"[O75626]"	"1.0"	"0"	""	""	"4"	""	""	"0.65"	"PRDM1"	"2023"	"2009"
"0.8"	""	"5388869"	"[]"	"[disease of mental health (150)]"	"[Abnormality of the nervous system (00707)]"	"[Mental Disorders (F03)]"	"[Mental or Behavioral Dysfunction (T048)]"	"Autistic Disorder"	"[disease]"	"C0004352"	"[ICD10_F84.0, MESH_D001321, OMIM_209850, NCI_C97161, HPO_HP:0000717, ICD9CM_299.0, ORDO_106, DO_12849, MONDO_0005260, MONDO_0020836, EFO_0003756, EFO_0003758, UMLS_C0004352]"	""	""	""	""	"0.913"	"0.479"	"[ENSG00000166501]"	"5579"	"protein-coding"	"[DTO_03300101]"	"[Kinase]"	"[P05771]"	"1.0"	"0"	""	""	"1"	""	""	"0.65"	"PRKCB"	"2005"	"2005"
"1.0"	""	"45255591"	"[]"	"[disease of anatomical entity (7), disease of cellular proliferation (14566)]"	"[]"	"[Immune System Diseases (C20), Neoplasms (C04), Hemic and Lymphatic Diseases (C15)]"	"[Neoplastic Process (T191)]"	"Diffuse Large B-Cell Lymphoma"	"[disease]"	"C0079744"	"[MESH_D016403, ICD10_C83.3, NCI_C8851, ORDO_544, DO_0050745, MONDO_0018905, EFO_0000403, EFO_1000157, EFO_1000490, UMLS_C0079744]"	"Multigenic/multifactorial,Not applicable"	"1-5 / 10 000,1-9 / 100 000,1-9 / 100 000,1-9 / 1 000 000,1-9 / 1 000 000,1-9 / 100 000,1-9 / 100 000,1-9 / 100 000,1-9 / 100 000,1-9 / 100 000,1-9 / 100 000,1-9 / 100 000,1-9 / 100 000,1-9 / 100 000,1-9 / 100 000,1-9 / 100 000,1-9 / 100 000,1-9 / 100 000,1-9 / 100 000,1-9 / 100 000,1-9 / 100 000,1-9 / 100 000,1-9 / 100 000,1-9 / 100 000,1-9 / 100 000,1-9 / 100 000"	"Europe,France,Europe,Croatia,Latvia,Austria,Belgium,Bulgaria,Czech Republic,Estonia,Finland,Germany,Iceland,Ireland,Italy,Lithuania,Malta,Norway,Poland,Portugal,Slovakia,Slovenia,Spain,Switzerland,Netherlands,United Kingdom"	"Point prevalence,Annual incidence,Annual incidence,Annual incidence,Annual incidence,Annual incidence,Annual incidence,Annual incidence,Annual incidence,Annual incidence,Annual incidence,Annual incidence,Annual incidence,Annual incidence,Annual incidence,Annual incidence,Annual incidence,Annual incidence,Annual incidence,Annual incidence,Annual incidence,Annual incidence,Annual incidence,Annual incidence,Annual incidence,Annual incidence"	"0.87"	"0.514"	"[ENSG00000103522]"	"50615"	"protein-coding"	"[DTO_05007575]"	"[Receptor]"	"[Q9HBE5]"	"0.24466"	"0"	""	""	"0"	""	""	"0.65"	"IL21R"	""	""
"1.0"	"Definitive"	"25294551"	"[]"	"[disease of anatomical entity (7)]"	"[Abnormality of the immune system (02715)]"	"[Immune System Diseases (C20)]"	"[Disease or Syndrome (T047)]"	"Immunologic Deficiency Syndromes"	"[disease]"	"C0021051"	"[MESH_D007153, ICD10_D84.9, NCI_C39725, ICD9CM_279.3, HPO_HP:0002721, NCI_C3131, DO_612, MONDO_0003778, MONDO_0021094, UMLS_C0021051]"	""	""	""	""	"0.87"	"0.514"	"[ENSG00000103522]"	"50615"	"protein-coding"	"[DTO_05007575]"	"[Receptor]"	"[Q9HBE5]"	"0.24466"	"0"	""	""	"6"	""	""	"0.6"	"IL21R"	"2021"	"2007"
"1.0"	""	"45175652"	"[]"	"[disease of mental health (150)]"	"[]"	"[Mental Disorders (F03)]"	"[Mental or Behavioral Dysfunction (T048)]"	"Unipolar Depression"	"[disease]"	"C0041696"	"[MESH_D003866, NCI_C35094, OMIM_608516, DO_4964, DO_1595, MONDO_0002009, MONDO_0002050, MONDO_0012048, EFO_0004257, EFO_1002014, UMLS_C0041696]"	""	""	""	""	"0.913"	"0.479"	"[ENSG00000166501]"	"5579"	"protein-coding"	"[DTO_03300101]"	"[Kinase]"	"[P05771]"	"1.0"	"0"	""	""	"1"	""	""	"0.6"	"PRKCB"	"2010"	"2010"
"1.0"	""	"90081153"	"[]"	"[]"	"[]"	"[Mental Disorders (F03)]"	"[Mental or Behavioral Dysfunction (T048)]"	"Major Depressive Disorder"	"[disease]"	"C1269683"	"[MESH_D003865, OMIM_608516, DO_1595, MONDO_0002009, EFO_1002014, UMLS_C1269683]"	""	""	""	""	"0.913"	"0.479"	"[ENSG00000166501]"	"5579"	"protein-coding"	"[DTO_03300101]"	"[Kinase]"	"[P05771]"	"1.0"	"0"	""	""	"1"	""	""	"0.6"	"PRKCB"	"2010"	"2010"
"0.875"	""	"30178933"	"[]"	"[disease of cellular proliferation (14566), disease of anatomical entity (7)]"	"[Neoplasm (02664), Abnormality of blood and blood-forming tissues (01871), Abnormality of the immune system (02715)]"	"[Hemic and Lymphatic Diseases (C15), Neoplasms (C04)]"	"[Neoplastic Process (T191)]"	"Acute Promyelocytic Leukemia"	"[disease]"	"C0023487"	"[MESH_D015473, ICD10_C92.4, OMIM_612376, NCI_C3182, HPO_HP:0004836, ORDO_520, DO_0060318, DO_0081081, MONDO_0012883, EFO_0000224, UMLS_C0023487]"	"Not applicable"	"1-9 / 1 000 000,1-9 / 1 000 000,1-9 / 1 000 000"	"United States,Europe,France"	"Annual incidence,Annual incidence,Annual incidence"	"0.826"	"0.456"	"[ENSG00000140678]"	"3687"	"protein-coding"	"[]"	"[]"	"[P20702]"	"6.756E-23"	"0"	""	""	"1"	""	""	"0.6"	"ITGAX"	"2007"	"2007"
"1.0"	""	"15022908"	"[]"	"[disease of anatomical entity (7)]"	"[Abnormality of the digestive system (25031)]"	"[Pathological Conditions, Signs and Symptoms (C23), Digestive System Diseases (C06)]"	"[Disease or Syndrome (T047)]"	"Primary Biliary Cholangitis"	"[disease]"	"C0008312"	"[ICD10_K74.3, OMIM_109720, HPO_HP:0002613, MESH_D008105, NCI_C27167, ORDO_186, DO_12236, MONDO_0005388, EFO_0004267, EFO_1001486, UMLS_C0008312]"	"Multigenic/multifactorial,Unknown"	"1-9 / 100 000,1-5 / 10 000,1-9 / 100 000,1-5 / 10 000,1-9 / 1 000 000,1-9 / 100 000,1-5 / 10 000,1-9 / 100 000,1-5 / 10 000,1-9 / 100 000,1-5 / 10 000,1-9 / 100 000,1-5 / 10 000,1-9 / 100 000,1-5 / 10 000,1-5 / 10 000,1-9 / 100 000,1-5 / 10 000,1-9 / 100 000,1-5 / 10 000,1-9 / 100 000,1-9 / 100 000,1-9 / 100 000,1-9 / 100 000,1-9 / 100 000,1-5 / 10 000,1-9 / 100 000,1-9 / 100 000"	"Europe,Worldwide,Worldwide,Europe,France,Spain,Spain,Iceland,Iceland,Netherlands,Netherlands,Denmark,Denmark,Finland,Finland,United Kingdom,United States,United States,Canada,Canada,Australia,Israel,China,Brunei Darussalam,Brunei Darussalam,Greece,Greece,United Kingdom"	"Annual incidence,Point prevalence,Annual incidence,Point prevalence,Annual incidence,Annual incidence,Point prevalence,Annual incidence,Point prevalence,Annual incidence,Point prevalence,Annual incidence,Point prevalence,Annual incidence,Point prevalence,Point prevalence,Annual incidence,Point prevalence,Annual incidence,Point prevalence,Point prevalence,Point prevalence,Point prevalence,Annual incidence,Point prevalence,Point prevalence,Annual incidence,Annual incidence"	"0.913"	"0.444"	"[ENSG00000160683]"	"643"	"protein-coding"	"[DTO_02300001]"	"[G-protein coupled receptor]"	"[P32302]"	"0.17945"	"0"	""	""	"1"	""	""	"0.6"	"CXCR5"	"2011"	"2011"
"1.0"	""	"100233015"	"[]"	"[disease of anatomical entity (7), disease of cellular proliferation (14566)]"	"[Neoplasm (02664), Abnormality of the digestive system (25031)]"	"[Digestive System Diseases (C06), Neoplasms (C04)]"	"[Neoplastic Process (T191)]"	"Liver carcinoma"	"[disease]"	"C2239176"	"[ICD10_C22.0, MESH_D006528, OMIM_114550, NCI_C3099, HPO_HP:0001402, ORDO_88673, DO_3571, DO_684, MONDO_0007256, EFO_0000182, EFO_0000762, EFO_1000256, UMLS_C2239176]"	"Not applicable"	"1-9 / 100 000,1-5 / 10 000,1-9 / 100 000,1-9 / 100 000,1-9 / 100 000,1-9 / 100 000,1-9 / 100 000,1-5 / 10 000,1-9 / 100 000,1-9 / 100 000,1-5 / 10 000,1-5 / 10 000,1-5 / 10 000,1-5 / 10 000,6-9 / 10 000,1-5 / 10 000,1-9 / 100 000,1-9 / 100 000,1-9 / 100 000,1-9 / 100 000,1-9 / 100 000,1-9 / 100 000,1-9 / 100 000,1-9 / 100 000,1-9 / 100 000,1-9 / 100 000,1-9 / 100 000,1-9 / 100 000,1-9 / 100 000,1-9 / 1 000 000,1-9 / 100 000,1-9 / 100 000,1-9 / 100 000,1-9 / 100 000"	"United States,Europe,France,United Kingdom,Germany,Spain,Italy,Greece,Canada,Oceania,Latin America,China,Japan,Korea, Republic of,Mongolia,Africa,Europe,Austria,Belgium,Bulgaria,Croatia,Czech Republic,Estonia,Finland,Iceland,Ireland,Latvia,Lithuania,Norway,Poland,Portugal,Slovakia,Switzerland,Netherlands"	"Annual incidence,Point prevalence,Annual incidence,Annual incidence,Annual incidence,Annual incidence,Annual incidence,Annual incidence,Annual incidence,Annual incidence,Annual incidence,Annual incidence,Annual incidence,Annual incidence,Annual incidence,Annual incidence,Annual incidence,Annual incidence,Annual incidence,Annual incidence,Annual incidence,Annual incidence,Annual incidence,Annual incidence,Annual incidence,Annual incidence,Annual incidence,Annual incidence,Annual incidence,Annual incidence,Annual incidence,Annual incidence,Annual incidence,Annual incidence"	"0.87"	"0.508"	"[ENSG00000057657]"	"639"	"protein-coding"	"[]"	"[]"	"[O75626]"	"1.0"	"0"	""	""	"0"	""	""	"0.6"	"PRDM1"	""	""
"1.0"	""	"60183650"	"[]"	"[]"	"[]"	"[Respiratory Tract Diseases (C08)]"	"[Injury or Poisoning (T037)]"	"Acute Lung Injury"	"[disease]"	"C0242488"	"[MESH_D055371, NCI_C155766, ORDO_178320, MONDO_0015796, EFO_0004610, UMLS_C0242488]"	"Not applicable"	"1-5 / 10 000"	"Europe"	"Point prevalence"	"0.87"	"0.508"	"[ENSG00000057657]"	"639"	"protein-coding"	"[]"	"[]"	"[O75626]"	"1.0"	"0"	""	""	"1"	""	""	"0.55"	"PRDM1"	"2020"	"2020"
"0.9166666666666666"	""	"30290394"	"[]"	"[disease of anatomical entity (7)]"	"[Abnormality of the immune system (02715)]"	"[Immune System Diseases (C20), Skin and Connective Tissue Diseases (C17)]"	"[Disease or Syndrome (T047)]"	"Lupus Erythematosus, Systemic"	"[disease]"	"C0024141"	"[MESH_D008180, ICD10_M32, NCI_C3201, ICD10_M32.9, OMIM_152700, ICD9CM_710.0, HPO_HP:0002725, ORDO_536, DO_9074, MONDO_0007915, UMLS_C0024141]"	"Not applicable"	"1-5 / 10 000,6-9 / 10 000,1-5 / 10 000,1-5 / 10 000,1-5 / 10 000,1-5 / 10 000,1-5 / 10 000,1-5 / 10 000,1-9 / 100 000,1-5 / 10 000,6-9 / 10 000"	"France,Martinique,New Zealand,Korea, Republic of,United States,Taiwan, Province of China,Europe,Finland,Worldwide,Worldwide,Poland"	"Point prevalence,Point prevalence,Point prevalence,Point prevalence,Point prevalence,Point prevalence,Point prevalence,Point prevalence,Annual incidence,Point prevalence,Annual incidence"	"0.913"	"0.434"	"[ENSG00000185338]"	"8651"	"protein-coding"	"[DTO_05007584]"	"[Enzyme modulator]"	"[O15524]"	"0.12164"	"0"	""	""	"0"	""	""	"0.85"	"SOCS1"	""	""
"0.98"	""	"100246365"	"[]"	"[disease of anatomical entity (7), disease of cellular proliferation (14566)]"	"[Neoplasm (02664), Abnormality of the digestive system (25031)]"	"[Digestive System Diseases (C06), Neoplasms (C04)]"	"[Neoplastic Process (T191)]"	"Liver carcinoma"	"[disease]"	"C2239176"	"[ICD10_C22.0, MESH_D006528, OMIM_114550, NCI_C3099, HPO_HP:0001402, ORDO_88673, DO_3571, DO_684, MONDO_0007256, EFO_0000182, EFO_0000762, EFO_1000256, UMLS_C2239176]"	"Not applicable"	"1-9 / 100 000,1-5 / 10 000,1-9 / 100 000,1-9 / 100 000,1-9 / 100 000,1-9 / 100 000,1-9 / 100 000,1-5 / 10 000,1-9 / 100 000,1-9 / 100 000,1-5 / 10 000,1-5 / 10 000,1-5 / 10 000,1-5 / 10 000,6-9 / 10 000,1-5 / 10 000,1-9 / 100 000,1-9 / 100 000,1-9 / 100 000,1-9 / 100 000,1-9 / 100 000,1-9 / 100 000,1-9 / 100 000,1-9 / 100 000,1-9 / 100 000,1-9 / 100 000,1-9 / 100 000,1-9 / 100 000,1-9 / 100 000,1-9 / 1 000 000,1-9 / 100 000,1-9 / 100 000,1-9 / 100 000,1-9 / 100 000"	"United States,Europe,France,United Kingdom,Germany,Spain,Italy,Greece,Canada,Oceania,Latin America,China,Japan,Korea, Republic of,Mongolia,Africa,Europe,Austria,Belgium,Bulgaria,Croatia,Czech Republic,Estonia,Finland,Iceland,Ireland,Latvia,Lithuania,Norway,Poland,Portugal,Slovakia,Switzerland,Netherlands"	"Annual incidence,Point prevalence,Annual incidence,Annual incidence,Annual incidence,Annual incidence,Annual incidence,Annual incidence,Annual incidence,Annual incidence,Annual incidence,Annual incidence,Annual incidence,Annual incidence,Annual incidence,Annual incidence,Annual incidence,Annual incidence,Annual incidence,Annual incidence,Annual incidence,Annual incidence,Annual incidence,Annual incidence,Annual incidence,Annual incidence,Annual incidence,Annual incidence,Annual incidence,Annual incidence,Annual incidence,Annual incidence,Annual incidence,Annual incidence"	"0.913"	"0.434"	"[ENSG00000185338]"	"8651"	"protein-coding"	"[DTO_05007584]"	"[Enzyme modulator]"	"[O15524]"	"0.12164"	"0"	""	""	"0"	""	""	"0.8"	"SOCS1"	""	""
"0.9411764705882353"	"Limited"	"5408320"	"[]"	"[]"	"[Abnormality of the immune system (02715)]"	"[Immune System Diseases (C20)]"	"[Disease or Syndrome (T047)]"	"Autoimmune Diseases"	"[disease]"	"C0004364"	"[MESH_D001327, OMIM_109100, HPO_HP:0002960, NCI_C2889, DO_417, MONDO_0007179, EFO_0000540, EFO_0005140, EFO_0005809, UMLS_C0004364]"	""	""	""	""	"0.913"	"0.434"	"[ENSG00000185338]"	"8651"	"protein-coding"	"[DTO_05007584]"	"[Enzyme modulator]"	"[O15524]"	"0.12164"	"0"	""	""	"0"	""	""	"0.8"	"SOCS1"	""	""
"0.8571428571428571"	""	"70123141"	"[]"	"[disease of cellular proliferation (14566), disease of anatomical entity (7)]"	"[]"	"[Neoplasms (C04), Digestive System Diseases (C06)]"	"[Neoplastic Process (T191)]"	"Malignant neoplasm of large intestine"	"[disease]"	"C0346629"	"[NCI_C4978, DO_9256, DO_5672, MONDO_0005575, UMLS_C0346629]"	""	""	""	""	"0.913"	"0.434"	"[ENSG00000185338]"	"8651"	"protein-coding"	"[DTO_05007584]"	"[Enzyme modulator]"	"[O15524]"	"0.12164"	"0"	""	""	"0"	""	""	"0.75"	"SOCS1"	""	""
"0.9333333333333333"	""	"30166871"	"[]"	"[disease of cellular proliferation (14566), disease of anatomical entity (7)]"	"[Neoplasm (02664), Abnormality of blood and blood-forming tissues (01871), Abnormality of the immune system (02715)]"	"[Hemic and Lymphatic Diseases (C15), Neoplasms (C04)]"	"[Neoplastic Process (T191)]"	"Leukemia, Myelocytic, Acute"	"[disease]"	"C0023467"	"[MESH_D015470, ICD10_C92.0, OMIM_601626, NCI_C27753, NCI_C3171, HPO_HP:0004808, OMIM_116897, ICD9CM_205.0, ORDO_519, DO_0081085, DO_0081086, DO_0081087, DO_9119, MONDO_0015667, MONDO_0018874, EFO_0000222, EFO_0003026, EFO_0003027, EFO_0003028, UMLS_C0023467]"	""	"1-9 / 100 000,1-5 / 10 000,1-9 / 100 000,1-5 / 10 000,1-9 / 100 000,1-9 / 100 000,1-9 / 100 000"	"Worldwide,Europe,Europe,Europe,France,Denmark,United States"	"Annual incidence,Point prevalence,Annual incidence,Lifetime Prevalence,Annual incidence,Annual incidence,Annual incidence"	"0.913"	"0.434"	"[ENSG00000185338]"	"8651"	"protein-coding"	"[DTO_05007584]"	"[Enzyme modulator]"	"[O15524]"	"0.12164"	"0"	""	""	"0"	""	""	"0.75"	"SOCS1"	""	""
"1.0"	""	"45259167"	"[]"	"[disease of anatomical entity (7), disease of cellular proliferation (14566)]"	"[]"	"[Immune System Diseases (C20), Neoplasms (C04), Hemic and Lymphatic Diseases (C15)]"	"[Neoplastic Process (T191)]"	"Diffuse Large B-Cell Lymphoma"	"[disease]"	"C0079744"	"[MESH_D016403, ICD10_C83.3, NCI_C8851, ORDO_544, DO_0050745, MONDO_0018905, EFO_0000403, EFO_1000157, EFO_1000490, UMLS_C0079744]"	"Multigenic/multifactorial,Not applicable"	"1-5 / 10 000,1-9 / 100 000,1-9 / 100 000,1-9 / 1 000 000,1-9 / 1 000 000,1-9 / 100 000,1-9 / 100 000,1-9 / 100 000,1-9 / 100 000,1-9 / 100 000,1-9 / 100 000,1-9 / 100 000,1-9 / 100 000,1-9 / 100 000,1-9 / 100 000,1-9 / 100 000,1-9 / 100 000,1-9 / 100 000,1-9 / 100 000,1-9 / 100 000,1-9 / 100 000,1-9 / 100 000,1-9 / 100 000,1-9 / 100 000,1-9 / 100 000,1-9 / 100 000"	"Europe,France,Europe,Croatia,Latvia,Austria,Belgium,Bulgaria,Czech Republic,Estonia,Finland,Germany,Iceland,Ireland,Italy,Lithuania,Malta,Norway,Poland,Portugal,Slovakia,Slovenia,Spain,Switzerland,Netherlands,United Kingdom"	"Point prevalence,Annual incidence,Annual incidence,Annual incidence,Annual incidence,Annual incidence,Annual incidence,Annual incidence,Annual incidence,Annual incidence,Annual incidence,Annual incidence,Annual incidence,Annual incidence,Annual incidence,Annual incidence,Annual incidence,Annual incidence,Annual incidence,Annual incidence,Annual incidence,Annual incidence,Annual incidence,Annual incidence,Annual incidence,Annual incidence"	"0.913"	"0.434"	"[ENSG00000185338]"	"8651"	"protein-coding"	"[DTO_05007584]"	"[Enzyme modulator]"	"[O15524]"	"0.12164"	"0"	""	""	"5"	""	""	"0.7"	"SOCS1"	"2018"	"2009"
"1.0"	""	"65031193"	"[]"	"[disease by infectious agent (0050117)]"	"[]"	"[Infections (C01)]"	"[Disease or Syndrome (T047)]"	"Zika Virus Infection"	"[disease]"	"C0276289"	"[MESH_D000071243, NCI_C128423, ORDO_448237, DO_0060478, MONDO_0018661, UMLS_C0276289]"	"Not applicable"	"1-5 / 10 000"	"Brazil"	"Annual incidence"	"0.87"	"0.513"	"[ENSG00000170581]"	"6773"	"protein-coding"	"[DTO_05007557]"	"[Nucleic acid binding]"	"[P52630]"	"0.79788"	"0"	""	""	"0"	""	""	"0.7"	"STAT2"	""	""
"1.0"	""	"70263843"	"[]"	"[disease of cellular proliferation (14566), disease of anatomical entity (7)]"	"[Abnormality of the genitourinary system (00119), Neoplasm (02664)]"	"[Neoplasms (C04), Urogenital Diseases (C12)]"	"[Neoplastic Process (T191)]"	"Malignant neoplasm of prostate"	"[disease]"	"C0376358"	"[ICD10_C61, MESH_D011471, OMIM_176807, ICD9CM_185, OMIM_600020, OMIM_600185, HPO_HP:0012125, NCI_C7378, DO_10283, MONDO_0008315, MONDO_0700275, EFO_0000673, EFO_0001663, UMLS_C0376358]"	""	""	""	""	"0.913"	"0.434"	"[ENSG00000185338]"	"8651"	"protein-coding"	"[DTO_05007584]"	"[Enzyme modulator]"	"[O15524]"	"0.12164"	"0"	""	""	"0"	""	""	"0.7"	"SOCS1"	""	""
"1.0"	""	"10017738"	"[]"	"[disease of anatomical entity (7), disease of cellular proliferation (14566)]"	"[]"	"[Neoplasms (C04), Urogenital Diseases (C12)]"	"[Neoplastic Process (T191)]"	"Malignant neoplasm of urinary bladder"	"[disease]"	"C0005684"	"[ICD10_C67, ICD10_C67.9, MESH_D001749, OMIM_109800, ICD9CM_188.9, NCI_C9334, ICD9CM_188, DO_11054, DO_4007, MONDO_0001187, EFO_1000129, UMLS_C0005684]"	""	""	""	""	"0.913"	"0.434"	"[ENSG00000185338]"	"8651"	"protein-coding"	"[DTO_05007584]"	"[Enzyme modulator]"	"[O15524]"	"0.12164"	"0"	""	""	"0"	""	""	"0.65"	"SOCS1"	""	""
"0.8888888888888888"	""	"5308148"	"[]"	"[disease of anatomical entity (7)]"	"[Abnormality of the musculoskeletal system (33127)]"	"[Immune System Diseases (C20), Skin and Connective Tissue Diseases (C17), Musculoskeletal Diseases (C05)]"	"[Disease or Syndrome (T047)]"	"Rheumatoid Arthritis"	"[disease]"	"C0003873"	"[MESH_D001172, ICD10_M06.9, OMIM_180300, ICD9CM_714.0, OMIM_607218, HPO_HP:0001370, NCI_C2884, DO_7148, MONDO_0008383, EFO_0000685, UMLS_C0003873]"	""	""	""	""	"0.913"	"0.434"	"[ENSG00000185338]"	"8651"	"protein-coding"	"[DTO_05007584]"	"[Enzyme modulator]"	"[O15524]"	"0.12164"	"0"	""	""	"0"	""	""	"0.65"	"SOCS1"	""	""
"1.0"	""	"10036016"	"[]"	"[disease of anatomical entity (7), disease of cellular proliferation (14566)]"	"[Neoplasm (02664), Abnormality of the genitourinary system (00119)]"	"[Neoplasms (C04), Urogenital Diseases (C12)]"	"[Neoplastic Process (T191)]"	"Bladder Neoplasm"	"[disease]"	"C0005695"	"[MESH_D001749, HPO_HP:0009725, NCI_C2901, DO_11054, MONDO_0001187, MONDO_0004987, EFO_0000294, UMLS_C0005695]"	""	""	""	""	"0.913"	"0.434"	"[ENSG00000185338]"	"8651"	"protein-coding"	"[DTO_05007584]"	"[Enzyme modulator]"	"[O15524]"	"0.12164"	"0"	""	""	"0"	""	""	"0.65"	"SOCS1"	""	""
"1.0"	"Definitive"	"115245142"	"[]"	"[]"	"[]"	"[]"	"[Disease or Syndrome (T047)]"	"AUTOINFLAMMATORY SYNDROME, FAMILIAL, WITH OR WITHOUT IMMUNODEFICIENCY"	"[disease]"	"C5543547"	"[OMIM_619375, OMIM_603597, ORDO_619948, MONDO_0800130, UMLS_C5543547]"	""	""	""	""	"0.913"	"0.434"	"[ENSG00000185338]"	"8651"	"protein-coding"	"[DTO_05007584]"	"[Enzyme modulator]"	"[O15524]"	"0.12164"	"0"	""	""	"18"	""	""	"0.6"	"SOCS1"	"2024"	"1997"
"1.0"	"Strong"	"110108709"	"[]"	"[disease of anatomical entity (7), genetic disease (630)]"	"[]"	"[]"	"[Disease or Syndrome (T047)]"	"IMMUNODEFICIENCY 44"	"[disease]"	"C4225260"	"[OMIM_616636, OMIM_600556, DO_0111975, MONDO_0014715, UMLS_C4225260]"	""	""	""	""	"0.87"	"0.513"	"[ENSG00000170581]"	"6773"	"protein-coding"	"[DTO_05007557]"	"[Nucleic acid binding]"	"[P52630]"	"0.79788"	"0"	""	""	"9"	""	""	"0.6"	"STAT2"	"2020"	"2013"
"1.0"	"Strong"	"115214715"	"[]"	"[]"	"[]"	"[]"	"[Disease or Syndrome (T047)]"	"PSEUDO-TORCH SYNDROME 3"	"[disease]"	"C5394391"	"[OMIM_618886, OMIM_600556, MONDO_0030044, UMLS_C5394391]"	""	""	""	""	"0.87"	"0.513"	"[ENSG00000170581]"	"6773"	"protein-coding"	"[DTO_05007557]"	"[Nucleic acid binding]"	"[P52630]"	"0.79788"	"0"	""	""	"3"	""	""	"0.6"	"STAT2"	"2023"	"2019"
"1.0"	""	"70306566"	"[]"	"[disease of anatomical entity (7)]"	"[Abnormality of blood and blood-forming tissues (01871), Abnormality of the immune system (02715)]"	"[Hemic and Lymphatic Diseases (C15), Pathological Conditions, Signs and Symptoms (C23), Immune System Diseases (C20)]"	"[Disease or Syndrome (T047)]"	"Immune thrombocytopenic purpura"	"[disease]"	"C0398650"	"[MESH_D016553, ICD10_D69.3, OMIM_188030, NCI_C3446, ICD9CM_287.31, HPO_HP:0001973, ORDO_3002, DO_8924, MONDO_0008558, EFO_0007160, UMLS_C0398650]"	"Not applicable"	"1-5 / 10 000,1-9 / 100 000,1-9 / 100 000,1-9 / 100 000,1-5 / 10 000,1-9 / 100 000"	"Europe,United States,United Kingdom,Denmark,Denmark,France"	"Point prevalence,Point prevalence,Annual incidence,Annual incidence,Point prevalence,Annual incidence"	"0.913"	"0.434"	"[ENSG00000185338]"	"8651"	"protein-coding"	"[DTO_05007584]"	"[Enzyme modulator]"	"[O15524]"	"0.12164"	"0"	""	""	"0"	""	""	"0.55"	"SOCS1"	""	""
"1.0"	""	"60186182"	"[]"	"[]"	"[Abnormality of blood and blood-forming tissues (01871), Abnormality of the immune system (02715)]"	"[Hemic and Lymphatic Diseases (C15), Immune System Diseases (C20)]"	"[Disease or Syndrome (T047)]"	"Autoimmune thrombocytopenia"	"[disease]"	"C0242584"	"[HPO_HP:0001973, ORDO_3002, ORDO_71203, DO_1587, DO_1588, MONDO_0019098, EFO_0007160, UMLS_C0242584]"	""	""	""	""	"0.913"	"0.434"	"[ENSG00000185338]"	"8651"	"protein-coding"	"[DTO_05007584]"	"[Enzyme modulator]"	"[O15524]"	"0.12164"	"0"	""	""	"0"	""	""	"0.55"	"SOCS1"	""	""
"1.0"	""	"15156903"	"[]"	"[disease of anatomical entity (7), disease of cellular proliferation (14566)]"	"[Neoplasm (02664), Abnormality of the digestive system (25031)]"	"[Digestive System Diseases (C06), Neoplasms (C04)]"	"[Neoplastic Process (T191)]"	"Colorectal Neoplasms"	"[disease]"	"C0009404"	"[MESH_D015179, NCI_C2956, HPO_HP:0100834, DO_0080199, DO_9256, MONDO_0005335, MONDO_0005575, EFO_0004142, UMLS_C0009404]"	""	""	""	""	"0.913"	"0.434"	"[ENSG00000185338]"	"8651"	"protein-coding"	"[DTO_05007584]"	"[Enzyme modulator]"	"[O15524]"	"0.12164"	"0"	""	""	"0"	""	""	"0.5"	"SOCS1"	""	""
"1.0"	""	"35279178"	"[]"	"[disease of anatomical entity (7), physical disorder (0080015)]"	"[]"	"[Hemic and Lymphatic Diseases (C15)]"	"[Disease or Syndrome (T047)]"	"Neutropenia"	"[disease]"	"C0027947"	"[MESH_D009503, ICD9CM_288.0, ICD9CM_288.00, DO_0050590, DO_1227, DO_12987, MONDO_0001475, MONDO_0018542, MONDO_0001609, UMLS_C0027947]"	""	""	""	""	"0.87"	"0.513"	"[ENSG00000170581]"	"6773"	"protein-coding"	"[DTO_05007557]"	"[Nucleic acid binding]"	"[P52630]"	"0.79788"	"0"	""	""	"0"	""	""	"0.45"	"STAT2"	""	""
"1.0"	""	"80204431"	"[]"	"[disease of anatomical entity (7), disease of cellular proliferation (14566)]"	"[]"	"[Endocrine System Diseases (C19), Neoplasms (C04), Urogenital Diseases (C12)]"	"[Neoplastic Process (T191)]"	"Epithelial ovarian cancer"	"[disease]"	"C0677886"	"[OMIM_167000, ORDO_398934, DO_4001, MONDO_0005140, MONDO_0018364, EFO_0001075, UMLS_C0677886]"	""	"1-9 / 100 000"	"Europe"	"Annual incidence"	"0.913"	"0.434"	"[ENSG00000185338]"	"8651"	"protein-coding"	"[DTO_05007584]"	"[Enzyme modulator]"	"[O15524]"	"0.12164"	"0"	""	""	"0"	""	""	"0.45"	"SOCS1"	""	""
"1.0"	""	"40180775"	"[]"	"[disease of anatomical entity (7), disease of cellular proliferation (14566)]"	"[Neoplasm (02664), Abnormality of the genitourinary system (00119)]"	"[Neoplasms (C04), Urogenital Diseases (C12)]"	"[Neoplastic Process (T191)]"	"Prostatic Neoplasms"	"[disease]"	"C0033578"	"[MESH_D011471, HPO_HP:0100787, NCI_C3343, DO_10283, MONDO_0008315, MONDO_0021259, UMLS_C0033578]"	""	""	""	""	"0.913"	"0.434"	"[ENSG00000185338]"	"8651"	"protein-coding"	"[DTO_05007584]"	"[Enzyme modulator]"	"[O15524]"	"0.12164"	"0"	""	""	"0"	""	""	"0.45"	"SOCS1"	""	""
"1.0"	""	"115161063"	"[]"	"[]"	"[]"	"[Immune System Diseases (C20), Congenital, Hereditary, and Neonatal Diseases and Abnormalities (C16)]"	"[Disease or Syndrome (T047)]"	"Primary immunodeficiency with post-measles-mumps-rubella vaccine viral infection"	"[disease]"	"C5190882"	"[ORDO_431166, MONDO_0014715, UMLS_C5190882]"	"Autosomal recessive"	"<1 / 1 000 000"	"Worldwide"	"Point prevalence"	"0.87"	"0.513"	"[ENSG00000170581]"	"6773"	"protein-coding"	"[DTO_05007557]"	"[Nucleic acid binding]"	"[P52630]"	"0.79788"	"0"	""	""	"1"	""	""	"0.4"	"STAT2"	"2013"	"2013"
"1.0"	""	"115290932"	"[]"	"[]"	"[]"	"[]"	"[Disease or Syndrome (T047)]"	"SOCS1-related autoinflammatory syndrome"	"[disease]"	"C5680416"	"[ORDO_619948, MONDO_0850068, UMLS_C5680416]"	"Autosomal dominant"	"<1 / 1 000 000"	"Worldwide"	"Point prevalence"	"0.913"	"0.434"	"[ENSG00000185338]"	"8651"	"protein-coding"	"[DTO_05007584]"	"[Enzyme modulator]"	"[O15524]"	"0.12164"	"0"	""	""	"1"	""	""	"0.4"	"SOCS1"	"2020"	"2020"
"1.0"	""	"40241470"	"[]"	"[]"	"[]"	"[Cardiovascular Diseases (C14), Pathological Conditions, Signs and Symptoms (C23)]"	"[Injury or Poisoning (T037)]"	"Reperfusion Injury"	"[disease]"	"C0035126"	"[MESH_D015427, NCI_C193389, MONDO_0005203, EFO_0002687, UMLS_C0035126]"	""	""	""	""	"0.913"	"0.434"	"[ENSG00000185338]"	"8651"	"protein-coding"	"[DTO_05007584]"	"[Enzyme modulator]"	"[O15524]"	"0.12164"	"0"	""	""	"1"	""	""	"0.4"	"SOCS1"	"2015"	"2015"
"1.0"	""	"30223551"	"[]"	"[disease of anatomical entity (7)]"	"[Abnormality of the digestive system (25031)]"	"[Digestive System Diseases (C06)]"	"[Disease or Syndrome (T047)]"	"Liver diseases"	"[disease]"	"C0023895"	"[MESH_D008107, ICD10_K76.9, ICD10_K70-K77.9, ICD9CM_573.9, NCI_C3196, HPO_HP:0001392, HPO_HP:0001410, DO_0060262, DO_409, MONDO_0005154, EFO_0001421, UMLS_C0023895]"	""	""	""	""	"0.913"	"0.434"	"[ENSG00000185338]"	"8651"	"protein-coding"	"[DTO_05007584]"	"[Enzyme modulator]"	"[O15524]"	"0.12164"	"0"	""	""	"1"	""	""	"0.4"	"SOCS1"	"2004"	"2004"
"1.0"	""	"55071497"	"[]"	"[disease of anatomical entity (7)]"	"[]"	"[Immune System Diseases (C20), Skin and Connective Tissue Diseases (C17)]"	"[Disease or Syndrome (T047)]"	"Dermatitis, Allergic Contact"	"[disease]"	"C0162820"	"[MESH_D017449, ICD10_L23, ICD10_L23.9, NCI_C26998, DO_3042, MONDO_0006525, EFO_1000668, UMLS_C0162820]"	""	""	""	""	"0.913"	"0.434"	"[ENSG00000185338]"	"8651"	"protein-coding"	"[DTO_05007584]"	"[Enzyme modulator]"	"[O15524]"	"0.12164"	"0"	""	""	"1"	""	""	"0.4"	"SOCS1"	"2005"	"2005"
""	""	"5190158"	"[]"	"[disease of anatomical entity (7)]"	"[Abnormality of the immune system (02715), Abnormality of blood and blood-forming tissues (01871)]"	"[Hemic and Lymphatic Diseases (C15), Immune System Diseases (C20)]"	"[Disease or Syndrome (T047)]"	"Autoimmune hemolytic anemia"	"[disease]"	"C0002880"	"[MESH_D000744, OMIM_205700, ICD9CM_283.0, HPO_HP:0001890, NCI_C34378, ORDO_98375, DO_718, MONDO_0020108, EFO_1001264, UMLS_C0002880]"	"Multigenic/multifactorial"	"1-9 / 100 000,1-9 / 100 000,1-5 / 10 000"	"Europe,United States,Denmark"	"Annual incidence,Annual incidence,Point prevalence"	"0.913"	"0.434"	"[ENSG00000185338]"	"8651"	"protein-coding"	"[DTO_05007584]"	"[Enzyme modulator]"	"[O15524]"	"0.12164"	"0"	""	""	"0"	""	""	"0.4"	"SOCS1"	""	""
"1.0"	""	"5074089"	"[]"	"[disease of anatomical entity (7)]"	"[]"	"[Skin and Connective Tissue Diseases (C17)]"	"[Disease or Syndrome (T047)]"	"Alopecia Areata"	"[disease]"	"C0002171"	"[MESH_D000506, ICD10_L63, ICD10_L63.9, ICD9CM_704.01, DO_986, MONDO_0005340, EFO_0004192, UMLS_C0002171]"	""	""	""	""	"0.652"	"0.671"	"[ENSG00000123411]"	"64375"	"protein-coding"	"[DTO_05007542]"	"[Transcription factor]"	"[Q9H2S9]"	"0.99987"	"0"	""	""	"1"	""	""	"0.55"	"IKZF4"	"2010"	"2010"
"1.0"	"Strong"	"115321740"	"[]"	"[]"	"[]"	"[]"	"[Disease or Syndrome (T047)]"	"AUTOINFLAMMATORY DISEASE, SYSTEMIC, WITH VASCULITIS"	"[disease]"	"C5830525"	"[OMIM_620376, OMIM_165120, MONDO_0957271, UMLS_C5830525]"	""	""	""	""	"0.826"	"0.485"	"[ENSG00000254087]"	"4067"	"protein-coding"	"[DTO_03300101]"	"[Kinase]"	"[P07948]"	"1.0"	"0"	""	""	"5"	""	""	"0.5"	"LYN"	"2023"	"1995"
"1.0"	""	"45220905"	"[]"	"[disease of anatomical entity (7)]"	"[Abnormality of the integument (01574)]"	"[Skin and Connective Tissue Diseases (C17)]"	"[Disease or Syndrome (T047)]"	"Vitiligo"	"[disease]"	"C0042900"	"[ICD10_L80, MESH_D014820, ICD9CM_709.01, HPO_HP:0001045, NCI_C26915, ORDO_3435, DO_12306, MONDO_0008661, EFO_0004208, UMLS_C0042900]"	""	""	""	""	"0.652"	"0.671"	"[ENSG00000123411]"	"64375"	"protein-coding"	"[DTO_05007542]"	"[Transcription factor]"	"[Q9H2S9]"	"0.99987"	"0"	""	""	"1"	""	""	"0.45"	"IKZF4"	"2012"	"2012"
"1.0"	""	"25141578"	"[]"	"[disease by infectious agent (0050117)]"	"[]"	"[Infections (C01), Immune System Diseases (C20), Urogenital Diseases (C12)]"	"[Disease or Syndrome (T047)]"	"HIV Infections"	"[disease]"	"C0019693"	"[MESH_D015658, ICD10_B20-B24.9, ICD10_B24, ICD9CM_042, NCI_C3108, ICD9CM_042-042.99, DO_526, DO_635, MONDO_0005109, EFO_0000764, UMLS_C0019693]"	""	""	""	""	"0.826"	"0.485"	"[ENSG00000254087]"	"4067"	"protein-coding"	"[DTO_03300101]"	"[Kinase]"	"[P07948]"	"1.0"	"0"	""	""	"1"	""	""	"0.4"	"LYN"	"2004"	"2004"
"1.0"	""	"60324299"	"[]"	"[]"	"[]"	"[Nervous System Diseases (C10)]"	"[Injury or Poisoning (T037)]"	"Brain Injuries"	"[disease]"	"C0270611"	"[MESH_D001930, NCI_C50440, DO_936, MONDO_0043510, UMLS_C0270611]"	""	""	""	""	"0.783"	"0.635"	"[ENSG00000081985]"	"3595"	"protein-coding"	"[]"	"[]"	"[Q99665]"	""	"0"	""	""	"1"	""	""	"0.4"	"IL12RB2"	"2013"	"2013"
"0.75"	""	"15022063"	"[]"	"[disease of anatomical entity (7)]"	"[Abnormality of the digestive system (25031)]"	"[Pathological Conditions, Signs and Symptoms (C23), Digestive System Diseases (C06)]"	"[Disease or Syndrome (T047)]"	"Primary Biliary Cholangitis"	"[disease]"	"C0008312"	"[ICD10_K74.3, OMIM_109720, HPO_HP:0002613, MESH_D008105, NCI_C27167, ORDO_186, DO_12236, MONDO_0005388, EFO_0004267, EFO_1001486, UMLS_C0008312]"	"Multigenic/multifactorial,Unknown"	"1-9 / 100 000,1-5 / 10 000,1-9 / 100 000,1-5 / 10 000,1-9 / 1 000 000,1-9 / 100 000,1-5 / 10 000,1-9 / 100 000,1-5 / 10 000,1-9 / 100 000,1-5 / 10 000,1-9 / 100 000,1-5 / 10 000,1-9 / 100 000,1-5 / 10 000,1-5 / 10 000,1-9 / 100 000,1-5 / 10 000,1-9 / 100 000,1-5 / 10 000,1-9 / 100 000,1-9 / 100 000,1-9 / 100 000,1-9 / 100 000,1-9 / 100 000,1-5 / 10 000,1-9 / 100 000,1-9 / 100 000"	"Europe,Worldwide,Worldwide,Europe,France,Spain,Spain,Iceland,Iceland,Netherlands,Netherlands,Denmark,Denmark,Finland,Finland,United Kingdom,United States,United States,Canada,Canada,Australia,Israel,China,Brunei Darussalam,Brunei Darussalam,Greece,Greece,United Kingdom"	"Annual incidence,Point prevalence,Annual incidence,Point prevalence,Annual incidence,Annual incidence,Point prevalence,Annual incidence,Point prevalence,Annual incidence,Point prevalence,Annual incidence,Point prevalence,Annual incidence,Point prevalence,Point prevalence,Annual incidence,Point prevalence,Annual incidence,Point prevalence,Point prevalence,Point prevalence,Point prevalence,Annual incidence,Point prevalence,Point prevalence,Annual incidence,Annual incidence"	"0.957"	"0.354"	"[ENSG00000168811]"	"3592"	"protein-coding"	"[]"	"[]"	"[P29459]"	"4.7911E-4"	"0"	""	""	"1"	""	""	"1.0"	"IL12A"	"2010"	"2010"
"0.9047619047619048"	""	"85232733"	"[]"	"[disease of anatomical entity (7), disease of cellular proliferation (14566)]"	"[Neoplasm (02664), Abnormality of the genitourinary system (00119)]"	"[Endocrine System Diseases (C19), Neoplasms (C04), Urogenital Diseases (C12)]"	"[Neoplastic Process (T191)]"	"ovarian neoplasm"	"[disease]"	"C0919267"	"[MESH_D010051, HPO_HP:0100615, NCI_C4984, ORDO_213500, DO_2394, MONDO_0008170, MONDO_0021068, EFO_0003893, UMLS_C0919267]"	""	""	""	""	"0.913"	"0.312"	"[ENSG00000120217]"	"29126"	"protein-coding"	"[DTO_05007575]"	"[Receptor]"	"[Q9NZQ7]"	"0.98199"	"29"	""	""	"1"	""	""	"1.0"	"CD274"	"2007"	"2007"
"0.9411764705882353"	""	"30103171"	"[]"	"[disease of cellular proliferation (14566), disease of anatomical entity (7)]"	"[Neoplasm (02664), Abnormality of blood and blood-forming tissues (01871), Abnormality of the immune system (02715)]"	"[Hemic and Lymphatic Diseases (C15), Neoplasms (C04), Pathological Conditions, Signs and Symptoms (C23), Immune System Diseases (C20)]"	"[Neoplastic Process (T191)]"	"Chronic Lymphocytic Leukemia"	"[disease]"	"C0023434"	"[MESH_D015451, ICD10_C91.1, NCI_C3163, OMIM_151400, HPO_HP:0005550, ICD9CM_204.1, ORDO_67038, DO_1040, DO_1703, MONDO_0004948, EFO_0000095, UMLS_C0023434]"	"Multigenic/multifactorial,Not applicable"	"1-5 / 10 000,1-9 / 100 000"	"Europe,France"	"Point prevalence,Annual incidence"	"0.826"	"0.428"	"[ENSG00000137265]"	"3662"	"protein-coding"	"[DTO_05007542]"	"[Transcription factor]"	"[Q15306]"	"0.99993"	"0"	""	""	"1"	""	""	"1.0"	"IRF4"	"2008"	"2008"
"0.9587628865979382"	""	"100206934"	"[]"	"[disease of anatomical entity (7), disease of cellular proliferation (14566)]"	"[Neoplasm (02664), Abnormality of the digestive system (25031)]"	"[Digestive System Diseases (C06), Neoplasms (C04)]"	"[Neoplastic Process (T191)]"	"Liver carcinoma"	"[disease]"	"C2239176"	"[ICD10_C22.0, MESH_D006528, OMIM_114550, NCI_C3099, HPO_HP:0001402, ORDO_88673, DO_3571, DO_684, MONDO_0007256, EFO_0000182, EFO_0000762, EFO_1000256, UMLS_C2239176]"	"Not applicable"	"1-9 / 100 000,1-5 / 10 000,1-9 / 100 000,1-9 / 100 000,1-9 / 100 000,1-9 / 100 000,1-9 / 100 000,1-5 / 10 000,1-9 / 100 000,1-9 / 100 000,1-5 / 10 000,1-5 / 10 000,1-5 / 10 000,1-5 / 10 000,6-9 / 10 000,1-5 / 10 000,1-9 / 100 000,1-9 / 100 000,1-9 / 100 000,1-9 / 100 000,1-9 / 100 000,1-9 / 100 000,1-9 / 100 000,1-9 / 100 000,1-9 / 100 000,1-9 / 100 000,1-9 / 100 000,1-9 / 100 000,1-9 / 100 000,1-9 / 1 000 000,1-9 / 100 000,1-9 / 100 000,1-9 / 100 000,1-9 / 100 000"	"United States,Europe,France,United Kingdom,Germany,Spain,Italy,Greece,Canada,Oceania,Latin America,China,Japan,Korea, Republic of,Mongolia,Africa,Europe,Austria,Belgium,Bulgaria,Croatia,Czech Republic,Estonia,Finland,Iceland,Ireland,Latvia,Lithuania,Norway,Poland,Portugal,Slovakia,Switzerland,Netherlands"	"Annual incidence,Point prevalence,Annual incidence,Annual incidence,Annual incidence,Annual incidence,Annual incidence,Annual incidence,Annual incidence,Annual incidence,Annual incidence,Annual incidence,Annual incidence,Annual incidence,Annual incidence,Annual incidence,Annual incidence,Annual incidence,Annual incidence,Annual incidence,Annual incidence,Annual incidence,Annual incidence,Annual incidence,Annual incidence,Annual incidence,Annual incidence,Annual incidence,Annual incidence,Annual incidence,Annual incidence,Annual incidence,Annual incidence,Annual incidence"	"0.913"	"0.312"	"[ENSG00000120217]"	"29126"	"protein-coding"	"[DTO_05007575]"	"[Receptor]"	"[Q9NZQ7]"	"0.98199"	"64"	""	""	"1"	""	""	"0.95"	"CD274"	"2012"	"2012"
"0.9248704663212435"	""	"30414258"	"[]"	"[disease of cellular proliferation (14566)]"	"[Neoplasm (02664)]"	"[Neoplasms (C04), Skin and Connective Tissue Diseases (C17)]"	"[Neoplastic Process (T191)]"	"melanoma"	"[disease]"	"C0025202"	"[MESH_D008545, HPO_HP:0002861, NCI_C3224, DO_1909, DO_8923, MONDO_0005105, EFO_0000756, UMLS_C0025202]"	""	""	""	""	"0.913"	"0.312"	"[ENSG00000120217]"	"29126"	"protein-coding"	"[DTO_05007575]"	"[Receptor]"	"[Q9NZQ7]"	"0.98199"	"91"	""	""	"1"	""	""	"0.95"	"CD274"	"2010"	"2010"
"0.9130434782608695"	""	"100212404"	"[]"	"[disease of anatomical entity (7), disease of cellular proliferation (14566)]"	"[Neoplasm (02664), Abnormality of the digestive system (25031)]"	"[Digestive System Diseases (C06), Neoplasms (C04)]"	"[Neoplastic Process (T191)]"	"Liver carcinoma"	"[disease]"	"C2239176"	"[ICD10_C22.0, MESH_D006528, OMIM_114550, NCI_C3099, HPO_HP:0001402, ORDO_88673, DO_3571, DO_684, MONDO_0007256, EFO_0000182, EFO_0000762, EFO_1000256, UMLS_C2239176]"	"Not applicable"	"1-9 / 100 000,1-5 / 10 000,1-9 / 100 000,1-9 / 100 000,1-9 / 100 000,1-9 / 100 000,1-9 / 100 000,1-5 / 10 000,1-9 / 100 000,1-9 / 100 000,1-5 / 10 000,1-5 / 10 000,1-5 / 10 000,1-5 / 10 000,6-9 / 10 000,1-5 / 10 000,1-9 / 100 000,1-9 / 100 000,1-9 / 100 000,1-9 / 100 000,1-9 / 100 000,1-9 / 100 000,1-9 / 100 000,1-9 / 100 000,1-9 / 100 000,1-9 / 100 000,1-9 / 100 000,1-9 / 100 000,1-9 / 100 000,1-9 / 1 000 000,1-9 / 100 000,1-9 / 100 000,1-9 / 100 000,1-9 / 100 000"	"United States,Europe,France,United Kingdom,Germany,Spain,Italy,Greece,Canada,Oceania,Latin America,China,Japan,Korea, Republic of,Mongolia,Africa,Europe,Austria,Belgium,Bulgaria,Croatia,Czech Republic,Estonia,Finland,Iceland,Ireland,Latvia,Lithuania,Norway,Poland,Portugal,Slovakia,Switzerland,Netherlands"	"Annual incidence,Point prevalence,Annual incidence,Annual incidence,Annual incidence,Annual incidence,Annual incidence,Annual incidence,Annual incidence,Annual incidence,Annual incidence,Annual incidence,Annual incidence,Annual incidence,Annual incidence,Annual incidence,Annual incidence,Annual incidence,Annual incidence,Annual incidence,Annual incidence,Annual incidence,Annual incidence,Annual incidence,Annual incidence,Annual incidence,Annual incidence,Annual incidence,Annual incidence,Annual incidence,Annual incidence,Annual incidence,Annual incidence,Annual incidence"	"0.957"	"0.354"	"[ENSG00000168811]"	"3592"	"protein-coding"	"[]"	"[]"	"[P29459]"	"4.7911E-4"	"1"	""	""	"0"	""	""	"0.95"	"IL12A"	""	""
"0.9772727272727273"	"Definitive"	"105123459"	"[]"	"[syndrome (225), genetic disease (630)]"	"[]"	"[Cardiovascular Diseases (C14), Musculoskeletal Diseases (C05), Congenital, Hereditary, and Neonatal Diseases and Abnormalities (C16)]"	"[Disease or Syndrome (T047)]"	"LOEYS-DIETZ SYNDROME 3"	"[disease]"	"C3151087"	"[OMIM_613795, OMIM_603109, NCI_C186786, ORDO_284984, DO_0070237, MONDO_0013426, UMLS_C3151087]"	""	""	""	""	"0.913"	"0.393"	"[ENSG00000166949]"	"4088"	"protein-coding"	"[DTO_05007542]"	"[Transcription factor]"	"[P84022]"	"0.99998"	"0"	""	""	"39"	""	""	"0.9"	"SMAD3"	"2022"	"1993"
"1.0"	""	"40200462"	"[]"	"[disease of anatomical entity (7)]"	"[Abnormality of the integument (01574), Abnormality of the immune system (02715)]"	"[Skin and Connective Tissue Diseases (C17)]"	"[Disease or Syndrome (T047)]"	"Psoriasis"	"[disease]"	"C0033860"	"[MESH_D011565, ICD10_L40, ICD10_L40.9, HPO_HP:0003765, NCI_C3346, DO_4398, DO_8893, DO_9088, MONDO_0005083, EFO_0000676, UMLS_C0033860]"	""	""	""	""	"0.913"	"0.428"	"[ENSG00000100906]"	"4792"	"protein-coding"	"[]"	"[]"	"[P25963]"	"0.98136"	"0"	""	""	"1"	""	""	"0.9"	"NFKBIA"	"2010"	"2010"
"0.9178082191780822"	""	"35081304"	"[]"	"[disease of anatomical entity (7), disease of cellular proliferation (14566)]"	"[Abnormality of blood and blood-forming tissues (01871), Neoplasm (02664)]"	"[Immune System Diseases (C20), Cardiovascular Diseases (C14), Hemic and Lymphatic Diseases (C15), Neoplasms (C04)]"	"[Neoplastic Process (T191)]"	"Multiple Myeloma"	"[disease]"	"C0026764"	"[MESH_D009101, ICD10_C90.0, OMIM_254500, HPO_HP:0006775, NCI_C3242, ICD9CM_203.0, ORDO_29073, DO_9538, MONDO_0009693, EFO_0001378, UMLS_C0026764]"	"Not applicable"	"1-9 / 100 000,1-9 / 100 000,1-5 / 10 000,1-9 / 100 000,1-9 / 100 000,1-9 / 100 000,1-9 / 100 000,1-9 / 100 000,1-9 / 100 000"	"United States,Worldwide,Europe,France,Europe,United States,Iran, Islamic Republic of,Australia,Denmark"	"Prevalence at birth,Annual incidence,Point prevalence,Annual incidence,Annual incidence,Annual incidence,Annual incidence,Annual incidence,Annual incidence"	"0.826"	"0.428"	"[ENSG00000137265]"	"3662"	"protein-coding"	"[DTO_05007542]"	"[Transcription factor]"	"[Q15306]"	"0.99993"	"0"	""	""	"1"	""	""	"0.9"	"IRF4"	"2008"	"2008"
"0.8888888888888888"	""	"25107753"	"[]"	"[disease of anatomical entity (7), disease by infectious agent (0050117)]"	"[]"	"[Digestive System Diseases (C06), Infections (C01)]"	"[Disease or Syndrome (T047)]"	"Hepatitis C"	"[disease]"	"C0019196"	"[MESH_D006526, NCI_C3098, ICD9CM_070.7, DO_1883, MONDO_0005231, EFO_0003047, UMLS_C0019196]"	""	""	""	""	"0.957"	"0.354"	"[ENSG00000168811]"	"3592"	"protein-coding"	"[]"	"[]"	"[P29459]"	"4.7911E-4"	"4"	""	""	"0"	""	""	"0.9"	"IL12A"	""	""
"1.0"	""	"100317084"	"[]"	"[syndrome (225), genetic disease (630)]"	"[]"	"[Cardiovascular Diseases (C14), Congenital, Hereditary, and Neonatal Diseases and Abnormalities (C16), Musculoskeletal Diseases (C05)]"	"[Disease or Syndrome (T047)]"	"Loeys-Dietz Syndrome"	"[disease]"	"C2697932"	"[NCI_C75006, MESH_D055947, ORDO_60030, DO_0050466, MONDO_0018954, UMLS_C2697932]"	"Autosomal dominant,Autosomal recessive"	""	""	""	"0.913"	"0.393"	"[ENSG00000166949]"	"4088"	"protein-coding"	"[DTO_05007542]"	"[Transcription factor]"	"[P84022]"	"0.99998"	"0"	""	""	"6"	""	""	"0.85"	"SMAD3"	"2020"	"1993"
"1.0"	""	"30262312"	"[]"	"[disease of cellular proliferation (14566), disease of anatomical entity (7)]"	"[Abnormality of the respiratory system (02086), Neoplasm (02664)]"	"[Neoplasms (C04), Respiratory Tract Diseases (C08)]"	"[Neoplastic Process (T191)]"	"Lung Neoplasms"	"[disease]"	"C0024121"	"[MESH_D008175, HPO_HP:0100526, NCI_C3200, DO_3683, MONDO_0002732, MONDO_0021117, UMLS_C0024121]"	""	""	""	""	"0.913"	"0.312"	"[ENSG00000120217]"	"29126"	"protein-coding"	"[DTO_05007575]"	"[Receptor]"	"[Q9NZQ7]"	"0.98199"	"280"	""	""	"2"	""	""	"0.85"	"CD274"	"2021"	"2016"
"0.7857142857142857"	""	"100221241"	"[]"	"[disease of anatomical entity (7), disease of cellular proliferation (14566)]"	"[Neoplasm (02664), Abnormality of the digestive system (25031)]"	"[Digestive System Diseases (C06), Neoplasms (C04)]"	"[Neoplastic Process (T191)]"	"Liver carcinoma"	"[disease]"	"C2239176"	"[ICD10_C22.0, MESH_D006528, OMIM_114550, NCI_C3099, HPO_HP:0001402, ORDO_88673, DO_3571, DO_684, MONDO_0007256, EFO_0000182, EFO_0000762, EFO_1000256, UMLS_C2239176]"	"Not applicable"	"1-9 / 100 000,1-5 / 10 000,1-9 / 100 000,1-9 / 100 000,1-9 / 100 000,1-9 / 100 000,1-9 / 100 000,1-5 / 10 000,1-9 / 100 000,1-9 / 100 000,1-5 / 10 000,1-5 / 10 000,1-5 / 10 000,1-5 / 10 000,6-9 / 10 000,1-5 / 10 000,1-9 / 100 000,1-9 / 100 000,1-9 / 100 000,1-9 / 100 000,1-9 / 100 000,1-9 / 100 000,1-9 / 100 000,1-9 / 100 000,1-9 / 100 000,1-9 / 100 000,1-9 / 100 000,1-9 / 100 000,1-9 / 100 000,1-9 / 1 000 000,1-9 / 100 000,1-9 / 100 000,1-9 / 100 000,1-9 / 100 000"	"United States,Europe,France,United Kingdom,Germany,Spain,Italy,Greece,Canada,Oceania,Latin America,China,Japan,Korea, Republic of,Mongolia,Africa,Europe,Austria,Belgium,Bulgaria,Croatia,Czech Republic,Estonia,Finland,Iceland,Ireland,Latvia,Lithuania,Norway,Poland,Portugal,Slovakia,Switzerland,Netherlands"	"Annual incidence,Point prevalence,Annual incidence,Annual incidence,Annual incidence,Annual incidence,Annual incidence,Annual incidence,Annual incidence,Annual incidence,Annual incidence,Annual incidence,Annual incidence,Annual incidence,Annual incidence,Annual incidence,Annual incidence,Annual incidence,Annual incidence,Annual incidence,Annual incidence,Annual incidence,Annual incidence,Annual incidence,Annual incidence,Annual incidence,Annual incidence,Annual incidence,Annual incidence,Annual incidence,Annual incidence,Annual incidence,Annual incidence,Annual incidence"	"0.913"	"0.428"	"[ENSG00000100906]"	"4792"	"protein-coding"	"[]"	"[]"	"[P25963]"	"0.98136"	"0"	""	""	"1"	""	""	"0.85"	"NFKBIA"	"2011"	"2011"
"0.8888888888888888"	""	"35372093"	"[]"	"[]"	"[Abnormality of the musculoskeletal system (33127)]"	"[Musculoskeletal Diseases (C05)]"	"[Disease or Syndrome (T047)]"	"Osteoarthritis of hip"	"[disease]"	"C0029410"	"[MESH_D015207, ICD10_M16, ICD10_M16.9, OMIM_612400, HPO_HP:0008843, NCI_C34876, MONDO_0006629, EFO_1000786, UMLS_C0029410]"	""	""	""	""	"0.913"	"0.393"	"[ENSG00000166949]"	"4088"	"protein-coding"	"[DTO_05007542]"	"[Transcription factor]"	"[P84022]"	"0.99998"	"0"	""	""	"1"	""	""	"0.85"	"SMAD3"	"2018"	"2018"
"0.9024390243902439"	""	"35099866"	"[]"	"[disease of anatomical entity (7)]"	"[]"	"[Immune System Diseases (C20), Nervous System Diseases (C10)]"	"[Disease or Syndrome (T047)]"	"Multiple Sclerosis"	"[disease]"	"C0026769"	"[MESH_D009103, ICD10_G35, ICD9CM_340, NCI_C3243, ORDO_802, DO_2377, MONDO_0005301, EFO_0803536, UMLS_C0026769]"	""	""	""	""	"0.957"	"0.354"	"[ENSG00000168811]"	"3592"	"protein-coding"	"[]"	"[]"	"[P29459]"	"4.7911E-4"	"2"	""	""	"1"	""	""	"0.85"	"IL12A"	"2013"	"2013"
"0.9387755102040817"	""	"30304291"	"[]"	"[disease of cellular proliferation (14566), disease of anatomical entity (7)]"	"[Neoplasm (02664), Abnormality of blood and blood-forming tissues (01871)]"	"[Hemic and Lymphatic Diseases (C15), Neoplasms (C04), Immune System Diseases (C20)]"	"[Neoplastic Process (T191)]"	"Lymphoma"	"[disease]"	"C0024299"	"[MESH_D008223, NCI_C3208, HPO_HP:0002665, ORDO_223735, DO_0060058, DO_0060060, MONDO_0005062, EFO_0000574, UMLS_C0024299]"	""	""	""	""	"0.913"	"0.312"	"[ENSG00000120217]"	"29126"	"protein-coding"	"[DTO_05007575]"	"[Receptor]"	"[Q9NZQ7]"	"0.98199"	"57"	""	""	"1"	""	""	"0.85"	"CD274"	"2017"	"2017"
"0.9333333333333333"	"Supportive"	"95255429"	"[]"	"[]"	"[]"	"[Immune System Diseases (C20), Congenital, Hereditary, and Neonatal Diseases and Abnormalities (C16), Skin and Connective Tissue Diseases (C17)]"	"[Disease or Syndrome (T047)]"	"Ectodermal dysplasia, hypohidrotic, with immune deficiency"	"[disease]"	"C1846006"	"[MESH_C536181, NCI_C118844, OMIM_300291, ORDO_98813, MONDO_0010293, UMLS_C1846006]"	"Autosomal dominant,X-linked recessive"	"1-9 / 1 000 000"	"Europe"	"Prevalence at birth"	"0.913"	"0.428"	"[ENSG00000100906]"	"4792"	"protein-coding"	"[]"	"[]"	"[P25963]"	"0.98136"	"0"	""	""	"1"	""	""	"0.8"	"NFKBIA"	"2008"	"2008"
"0.9444444444444444"	""	"5438707"	"[]"	"[disease of anatomical entity (7)]"	"[]"	"[Eye Diseases (C11), Congenital, Hereditary, and Neonatal Diseases and Abnormalities (C16), Stomatognathic Diseases (C07), Cardiovascular Diseases (C14), Skin and Connective Tissue Diseases (C17)]"	"[Disease or Syndrome (T047)]"	"Behcet Syndrome"	"[disease]"	"C0004943"	"[MESH_D001528, ICD10_M35.2, OMIM_109650, NCI_C34416, ICD9CM_136.1, ORDO_117, DO_13241, MONDO_0007191, EFO_0003780, UMLS_C0004943]"	"Multigenic/multifactorial"	"1-9 / 1 000 000,1-9 / 1 000 000,1-9 / 100 000,1-9 / 1 000 000,1-9 / 100 000,1-9 / 100 000,1-5 / 10 000,1-9 / 100 000,1-9 / 100 000,1-5 / 10 000,>1 / 1000,1-5 / 10 000,1-5 / 10 000,1-9 / 1 000 000,1-5 / 10 000,1-9 / 100 000"	"Spain,Italy,United States,Iran, Islamic Republic of,France,Italy,United Kingdom,Sweden,Portugal,Japan,Turkey,Iran, Islamic Republic of,Israel,Taiwan, Province of China,Saudi Arabia,Korea, Republic of"	"Annual incidence,Annual incidence,Point prevalence,Annual incidence,Point prevalence,Point prevalence,Point prevalence,Point prevalence,Point prevalence,Point prevalence,Point prevalence,Point prevalence,Point prevalence,Annual incidence,Point prevalence,Annual incidence"	"0.957"	"0.354"	"[ENSG00000168811]"	"3592"	"protein-coding"	"[]"	"[]"	"[P29459]"	"4.7911E-4"	"1"	""	""	"1"	""	""	"0.8"	"IL12A"	"2015"	"2015"
"1.0"	""	"5200254"	"[]"	"[disease of anatomical entity (7)]"	"[Abnormality of the cardiovascular system (01626)]"	"[Cardiovascular Diseases (C14)]"	"[Pathologic Function (T046)]"	"Aneurysm"	"[phenotype]"	"C0002940"	"[MESH_D000783, ICD10_I72.9, ICD9CM_442.9, HPO_HP:0002617, NCI_C26693, DO_178, MONDO_0005385, EFO_0004264, EFO_0009659, UMLS_C0002940]"	""	""	""	""	"0.913"	"0.393"	"[ENSG00000166949]"	"4088"	"protein-coding"	"[DTO_05007542]"	"[Transcription factor]"	"[P84022]"	"0.99998"	"0"	""	""	"0"	""	""	"0.8"	"SMAD3"	""	""
"1.0"	""	"70240923"	"[]"	"[disease of cellular proliferation (14566), disease of anatomical entity (7)]"	"[Abnormality of the genitourinary system (00119), Neoplasm (02664)]"	"[Neoplasms (C04), Urogenital Diseases (C12)]"	"[Neoplastic Process (T191)]"	"Malignant neoplasm of prostate"	"[disease]"	"C0376358"	"[ICD10_C61, MESH_D011471, OMIM_176807, ICD9CM_185, OMIM_600020, OMIM_600185, HPO_HP:0012125, NCI_C7378, DO_10283, MONDO_0008315, MONDO_0700275, EFO_0000673, EFO_0001663, UMLS_C0376358]"	""	""	""	""	"0.913"	"0.428"	"[ENSG00000100906]"	"4792"	"protein-coding"	"[]"	"[]"	"[P25963]"	"0.98136"	"0"	""	""	"0"	""	""	"0.8"	"NFKBIA"	""	""
"1.0"	""	"25220497"	"[]"	"[disease of anatomical entity (7)]"	"[Abnormality of the immune system (02715)]"	"[Immune System Diseases (C20)]"	"[Pathologic Function (T046)]"	"Hypersensitivity"	"[phenotype]"	"C0020517"	"[MESH_D006967, ICD10_T78.4, HPO_HP:0012393, NCI_C3114, DO_1205, MONDO_0005271, MONDO_0000605, EFO_1002003, UMLS_C0020517]"	""	""	""	""	"0.913"	"0.312"	"[ENSG00000120217]"	"29126"	"protein-coding"	"[DTO_05007575]"	"[Receptor]"	"[Q9NZQ7]"	"0.98199"	"2"	""	""	"2"	""	""	"0.75"	"CD274"	"2013"	"2010"
"1.0"	""	"115147135"	"[]"	"[]"	"[]"	"[Musculoskeletal Diseases (C05)]"	"[Disease or Syndrome (T047)]"	"Aneurysm osteoarthritis syndrome"	"[disease]"	"C4760764"	"[OMIM_613795, ORDO_284984, MONDO_0013426, UMLS_C4760764]"	"Autosomal dominant"	"<1 / 1 000 000"	"Worldwide"	"Point prevalence"	"0.913"	"0.393"	"[ENSG00000166949]"	"4088"	"protein-coding"	"[DTO_05007542]"	"[Transcription factor]"	"[P84022]"	"0.99998"	"0"	""	""	"1"	""	""	"0.75"	"SMAD3"	"2012"	"2012"
"1.0"	""	"5232832"	"[]"	"[disease of anatomical entity (7)]"	"[Abnormality of the cardiovascular system (01626)]"	"[Cardiovascular Diseases (C14)]"	"[Disease or Syndrome (T047)]"	"Aortic Aneurysm"	"[disease]"	"C0003486"	"[MESH_D001014, HPO_HP:0004942, NCI_C26697, DO_3627, MONDO_0005160, EFO_0001666, UMLS_C0003486]"	""	""	""	""	"0.913"	"0.393"	"[ENSG00000166949]"	"4088"	"protein-coding"	"[DTO_05007542]"	"[Transcription factor]"	"[P84022]"	"0.99998"	"0"	""	""	"1"	""	""	"0.75"	"SMAD3"	"2011"	"2011"
"1.0"	""	"30230077"	"[]"	"[disease of cellular proliferation (14566), disease of anatomical entity (7)]"	"[Abnormality of the digestive system (25031), Neoplasm (02664)]"	"[Neoplasms (C04), Digestive System Diseases (C06)]"	"[Neoplastic Process (T191)]"	"Liver neoplasms"	"[disease]"	"C0023903"	"[MESH_D008113, HPO_HP:0002896, DO_3571, DO_684, MONDO_0002691, MONDO_0007256, EFO_1001513, UMLS_C0023903]"	""	""	""	""	"0.957"	"0.354"	"[ENSG00000168811]"	"3592"	"protein-coding"	"[]"	"[]"	"[P29459]"	"4.7911E-4"	"1"	""	""	"1"	""	""	"0.75"	"IL12A"	"2007"	"2007"
"0.8888888888888888"	""	"115179202"	"[]"	"[disease by infectious agent (0050117)]"	"[]"	"[Infections (C01), Respiratory Tract Diseases (C08)]"	"[Disease or Syndrome (T047)]"	"COVID-19 Virus Disease"	"[disease]"	"C5203670"	"[MESH_D000086382, NCI_C171133, DO_0080600, MONDO_0100096, UMLS_C5203670]"	""	""	""	""	"0.826"	"0.536"	"[ENSG00000159110]"	"3455"	"protein-coding"	"[DTO_05007575]"	"[Receptor]"	"[P48551]"	"0.012155"	"0"	""	""	"1"	""	""	"0.75"	"IFNAR2"	"2021"	"2021"
"1.0"	""	"90297257"	"[]"	"[]"	"[Neoplasm (02664), Abnormality of the breast (00769)]"	"[Skin and Connective Tissue Diseases (C17), Neoplasms (C04)]"	"[Neoplastic Process (T191)]"	"Mammary Neoplasms"	"[disease]"	"C1458155"	"[MESH_D001943, HPO_HP:0100013, NCI_C2910, DO_3459, DO_1612, MONDO_0021100, EFO_0003869, UMLS_C1458155]"	""	""	""	""	"0.913"	"0.428"	"[ENSG00000100906]"	"4792"	"protein-coding"	"[]"	"[]"	"[P25963]"	"0.98136"	"1"	""	""	"1"	""	""	"0.75"	"NFKBIA"	"2005"	"2005"
"1.0"	""	"45210902"	"[]"	"[disease by infectious agent (0050117)]"	"[]"	"[Infections (C01)]"	"[Disease or Syndrome (T047)]"	"Virus Diseases"	"[disease]"	"C0042769"	"[MESH_D014777, ICD10_B34.9, ICD10_B34, NCI_C3439, DO_934, MONDO_0005108, EFO_0000763, EFO_1001269, UMLS_C0042769]"	""	""	""	""	"0.87"	"0.488"	"[ENSG00000142166]"	"3454"	"protein-coding"	"[DTO_05007575]"	"[Receptor]"	"[P17181]"	"1.6438E-4"	"0"	""	""	"1"	""	""	"0.75"	"IFNAR1"	"2008"	"2008"
"0.9444444444444444"	""	"15113255"	"[]"	"[disease of anatomical entity (7), disease of cellular proliferation (14566)]"	"[]"	"[Digestive System Diseases (C06), Neoplasms (C04)]"	"[Neoplastic Process (T191)]"	"Colorectal Carcinoma"	"[disease]"	"C0009402"	"[OMIM_114500, NCI_C2955, OMIM_516000, OMIM_516004, OMIM_516030, OMIM_516040, OMIM_172411, OMIM_191170, OMIM_516020, MESH_D015179, DO_0080199, DO_9256, MONDO_0005335, MONDO_0005575, MONDO_0024331, EFO_0000365, EFO_0004142, EFO_1001951, UMLS_C0009402]"	""	""	""	""	"0.913"	"0.393"	"[ENSG00000166949]"	"4088"	"protein-coding"	"[DTO_05007542]"	"[Transcription factor]"	"[P84022]"	"0.99998"	"0"	""	""	"0"	""	""	"0.75"	"SMAD3"	""	""
"0.9333333333333333"	""	"35083506"	"[]"	"[disease of anatomical entity (7), disease of cellular proliferation (14566)]"	"[Abnormality of blood and blood-forming tissues (01871), Neoplasm (02664)]"	"[Immune System Diseases (C20), Cardiovascular Diseases (C14), Hemic and Lymphatic Diseases (C15), Neoplasms (C04)]"	"[Neoplastic Process (T191)]"	"Multiple Myeloma"	"[disease]"	"C0026764"	"[MESH_D009101, ICD10_C90.0, OMIM_254500, HPO_HP:0006775, NCI_C3242, ICD9CM_203.0, ORDO_29073, DO_9538, MONDO_0009693, EFO_0001378, UMLS_C0026764]"	"Not applicable"	"1-9 / 100 000,1-9 / 100 000,1-5 / 10 000,1-9 / 100 000,1-9 / 100 000,1-9 / 100 000,1-9 / 100 000,1-9 / 100 000,1-9 / 100 000"	"United States,Worldwide,Europe,France,Europe,United States,Iran, Islamic Republic of,Australia,Denmark"	"Prevalence at birth,Annual incidence,Point prevalence,Annual incidence,Annual incidence,Annual incidence,Annual incidence,Annual incidence,Annual incidence"	"0.913"	"0.428"	"[ENSG00000100906]"	"4792"	"protein-coding"	"[]"	"[]"	"[P25963]"	"0.98136"	"0"	""	""	"0"	""	""	"0.75"	"NFKBIA"	""	""
"0.5"	""	"25095352"	"[]"	"[disease of anatomical entity (7), disease by infectious agent (0050117)]"	"[]"	"[Digestive System Diseases (C06), Infections (C01)]"	"[Disease or Syndrome (T047)]"	"Hepatitis B"	"[disease]"	"C0019163"	"[MESH_D006509, NCI_C3097, DO_2043, MONDO_0005344, EFO_0004197, UMLS_C0019163]"	""	""	""	""	"0.826"	"0.536"	"[ENSG00000159110]"	"3455"	"protein-coding"	"[DTO_05007575]"	"[Receptor]"	"[P48551]"	"0.012155"	"3"	""	""	"0"	""	""	"0.75"	"IFNAR2"	""	""
"0.9626168224299065"	"Supportive"	"100317564"	"[]"	"[syndrome (225), genetic disease (630)]"	"[]"	"[Cardiovascular Diseases (C14), Congenital, Hereditary, and Neonatal Diseases and Abnormalities (C16), Musculoskeletal Diseases (C05)]"	"[Disease or Syndrome (T047)]"	"Loeys-Dietz Syndrome"	"[disease]"	"C2697932"	"[NCI_C75006, MESH_D055947, ORDO_60030, DO_0050466, MONDO_0018954, UMLS_C2697932]"	"Autosomal dominant,Autosomal recessive"	""	""	""	"0.913"	"0.382"	"[ENSG00000163513]"	"7048"	"protein-coding"	"[DTO_03300101]"	"[Kinase]"	"[P37173]"	"0.90622"	"0"	""	""	"27"	""	""	"1.0"	"TGFBR2"	"2017"	"1993"
"0.9032258064516129"	"Supportive"	"30284765"	"[]"	"[disease of anatomical entity (7)]"	"[Abnormality of the immune system (02715)]"	"[Immune System Diseases (C20), Skin and Connective Tissue Diseases (C17)]"	"[Disease or Syndrome (T047)]"	"Lupus Erythematosus, Systemic"	"[disease]"	"C0024141"	"[MESH_D008180, ICD10_M32, NCI_C3201, ICD10_M32.9, OMIM_152700, ICD9CM_710.0, HPO_HP:0002725, ORDO_536, DO_9074, MONDO_0007915, UMLS_C0024141]"	"Not applicable"	"1-5 / 10 000,6-9 / 10 000,1-5 / 10 000,1-5 / 10 000,1-5 / 10 000,1-5 / 10 000,1-5 / 10 000,1-5 / 10 000,1-9 / 100 000,1-5 / 10 000,6-9 / 10 000"	"France,Martinique,New Zealand,Korea, Republic of,United States,Taiwan, Province of China,Europe,Finland,Worldwide,Worldwide,Poland"	"Point prevalence,Point prevalence,Point prevalence,Point prevalence,Point prevalence,Point prevalence,Point prevalence,Point prevalence,Annual incidence,Point prevalence,Annual incidence"	"0.957"	"0.319"	"[ENSG00000188389]"	"5133"	"protein-coding"	"[]"	"[]"	"[Q15116]"	"0.029477"	"1"	""	""	"1"	""	""	"1.0"	"PDCD1"	"2002"	"2002"
"0.9259259259259259"	""	"35108075"	"[]"	"[disease of anatomical entity (7)]"	"[]"	"[Immune System Diseases (C20), Nervous System Diseases (C10)]"	"[Disease or Syndrome (T047)]"	"Multiple Sclerosis"	"[disease]"	"C0026769"	"[MESH_D009103, ICD10_G35, ICD9CM_340, NCI_C3243, ORDO_802, DO_2377, MONDO_0005301, EFO_0803536, UMLS_C0026769]"	""	""	""	""	"0.87"	"0.413"	"[ENSG00000114013]"	"942"	"protein-coding"	"[]"	"[]"	"[P42081]"	"0.9259"	"2"	""	""	"0"	""	""	"1.0"	"CD86"	""	""
"0.9376854599406528"	""	"30426990"	"[]"	"[disease of cellular proliferation (14566)]"	"[Neoplasm (02664)]"	"[Neoplasms (C04), Skin and Connective Tissue Diseases (C17)]"	"[Neoplastic Process (T191)]"	"melanoma"	"[disease]"	"C0025202"	"[MESH_D008545, HPO_HP:0002861, NCI_C3224, DO_1909, DO_8923, MONDO_0005105, EFO_0000756, UMLS_C0025202]"	""	""	""	""	"0.957"	"0.319"	"[ENSG00000188389]"	"5133"	"protein-coding"	"[]"	"[]"	"[Q15116]"	"0.029477"	"100"	""	""	"1"	""	""	"0.95"	"PDCD1"	"2011"	"2011"
"0.9754385964912281"	""	"100223470"	"[]"	"[disease of anatomical entity (7), disease of cellular proliferation (14566)]"	"[Neoplasm (02664), Abnormality of the digestive system (25031)]"	"[Digestive System Diseases (C06), Neoplasms (C04)]"	"[Neoplastic Process (T191)]"	"Liver carcinoma"	"[disease]"	"C2239176"	"[ICD10_C22.0, MESH_D006528, OMIM_114550, NCI_C3099, HPO_HP:0001402, ORDO_88673, DO_3571, DO_684, MONDO_0007256, EFO_0000182, EFO_0000762, EFO_1000256, UMLS_C2239176]"	"Not applicable"	"1-9 / 100 000,1-5 / 10 000,1-9 / 100 000,1-9 / 100 000,1-9 / 100 000,1-9 / 100 000,1-9 / 100 000,1-5 / 10 000,1-9 / 100 000,1-9 / 100 000,1-5 / 10 000,1-5 / 10 000,1-5 / 10 000,1-5 / 10 000,6-9 / 10 000,1-5 / 10 000,1-9 / 100 000,1-9 / 100 000,1-9 / 100 000,1-9 / 100 000,1-9 / 100 000,1-9 / 100 000,1-9 / 100 000,1-9 / 100 000,1-9 / 100 000,1-9 / 100 000,1-9 / 100 000,1-9 / 100 000,1-9 / 100 000,1-9 / 1 000 000,1-9 / 100 000,1-9 / 100 000,1-9 / 100 000,1-9 / 100 000"	"United States,Europe,France,United Kingdom,Germany,Spain,Italy,Greece,Canada,Oceania,Latin America,China,Japan,Korea, Republic of,Mongolia,Africa,Europe,Austria,Belgium,Bulgaria,Croatia,Czech Republic,Estonia,Finland,Iceland,Ireland,Latvia,Lithuania,Norway,Poland,Portugal,Slovakia,Switzerland,Netherlands"	"Annual incidence,Point prevalence,Annual incidence,Annual incidence,Annual incidence,Annual incidence,Annual incidence,Annual incidence,Annual incidence,Annual incidence,Annual incidence,Annual incidence,Annual incidence,Annual incidence,Annual incidence,Annual incidence,Annual incidence,Annual incidence,Annual incidence,Annual incidence,Annual incidence,Annual incidence,Annual incidence,Annual incidence,Annual incidence,Annual incidence,Annual incidence,Annual incidence,Annual incidence,Annual incidence,Annual incidence,Annual incidence,Annual incidence,Annual incidence"	"0.957"	"0.319"	"[ENSG00000188389]"	"5133"	"protein-coding"	"[]"	"[]"	"[Q15116]"	"0.029477"	"78"	""	""	"0"	""	""	"0.95"	"PDCD1"	""	""
"0.9152542372881356"	""	"30393667"	"[]"	"[disease of anatomical entity (7)]"	"[]"	"[Cardiovascular Diseases (C14), Musculoskeletal Diseases (C05), Congenital, Hereditary, and Neonatal Diseases and Abnormalities (C16), Skin and Connective Tissue Diseases (C17)]"	"[Disease or Syndrome (T047)]"	"Marfan Syndrome"	"[disease]"	"C0024796"	"[MESH_D008382, ICD10_Q87.4, OMIM_154700, NCI_C34807, ICD9CM_759.82, OMIM_134797, ORDO_558, ORDO_284963, DO_13515, DO_14323, DO_758, MONDO_0007947, UMLS_C0024796]"	"Autosomal dominant"	"1-5 / 10 000,1-5 / 10 000,1-9 / 100 000,1-5 / 10 000"	"Europe,United Kingdom,United Kingdom,United States"	"Point prevalence,Prevalence at birth,Point prevalence,Point prevalence"	"0.913"	"0.382"	"[ENSG00000163513]"	"7048"	"protein-coding"	"[DTO_03300101]"	"[Kinase]"	"[P37173]"	"0.90622"	"0"	""	""	"6"	""	""	"0.9"	"TGFBR2"	"2013"	"1993"
"1.0"	""	"30111274"	"[]"	"[disease of cellular proliferation (14566), disease of anatomical entity (7)]"	"[Neoplasm (02664), Abnormality of blood and blood-forming tissues (01871), Abnormality of the immune system (02715)]"	"[Hemic and Lymphatic Diseases (C15), Neoplasms (C04), Pathological Conditions, Signs and Symptoms (C23), Immune System Diseases (C20)]"	"[Neoplastic Process (T191)]"	"Chronic Lymphocytic Leukemia"	"[disease]"	"C0023434"	"[MESH_D015451, ICD10_C91.1, NCI_C3163, OMIM_151400, HPO_HP:0005550, ICD9CM_204.1, ORDO_67038, DO_1040, DO_1703, MONDO_0004948, EFO_0000095, UMLS_C0023434]"	"Multigenic/multifactorial,Not applicable"	"1-5 / 10 000,1-9 / 100 000"	"Europe,France"	"Point prevalence,Annual incidence"	"0.87"	"0.413"	"[ENSG00000114013]"	"942"	"protein-coding"	"[]"	"[]"	"[P42081]"	"0.9259"	"1"	""	""	"0"	""	""	"0.9"	"CD86"	""	""
"0.8823529411764706"	""	"35108006"	"[]"	"[disease of anatomical entity (7)]"	"[]"	"[Immune System Diseases (C20), Nervous System Diseases (C10)]"	"[Disease or Syndrome (T047)]"	"Multiple Sclerosis"	"[disease]"	"C0026769"	"[MESH_D009103, ICD10_G35, ICD9CM_340, NCI_C3243, ORDO_802, DO_2377, MONDO_0005301, EFO_0803536, UMLS_C0026769]"	""	""	""	""	"0.957"	"0.401"	"[ENSG00000178562]"	"940"	"protein-coding"	"[]"	"[]"	"[P10747]"	"0.77951"	"3"	""	""	"0"	""	""	"0.9"	"CD28"	""	""
"1.0"	""	"25096927"	"[]"	"[disease of anatomical entity (7), disease by infectious agent (0050117)]"	"[]"	"[Digestive System Diseases (C06), Infections (C01)]"	"[Disease or Syndrome (T047)]"	"Hepatitis B"	"[disease]"	"C0019163"	"[MESH_D006509, NCI_C3097, DO_2043, MONDO_0005344, EFO_0004197, UMLS_C0019163]"	""	""	""	""	"0.957"	"0.319"	"[ENSG00000188389]"	"5133"	"protein-coding"	"[]"	"[]"	"[Q15116]"	"0.029477"	"9"	""	""	"0"	""	""	"0.9"	"PDCD1"	""	""
"0.9"	""	"15412133"	"[]"	"[disease of anatomical entity (7), disease of metabolism (0014667), genetic disease (630)]"	"[Abnormality of the endocrine system (00818), Abnormality of metabolism/homeostasis (01939)]"	"[Immune System Diseases (C20), Endocrine System Diseases (C19), Nutritional and Metabolic Diseases (C18)]"	"[Disease or Syndrome (T047)]"	"Diabetes Mellitus, Insulin-Dependent"	"[disease]"	"C0011854"	"[MESH_D003922, ICD10_E10, OMIM_222100, NCI_C2986, HPO_HP:0100651, ORDO_243377, DO_0110745, DO_0110746, DO_0110747, DO_0110749, DO_0110750, DO_0110751, DO_0110752, DO_0110753, DO_0110754, DO_0110755, DO_0110756, DO_0110757, DO_0110758, DO_0110759, DO_0110760, DO_0110761, DO_0110741, DO_0110742, DO_0110743, DO_0110744, DO_9744, MONDO_0007454, MONDO_0010950, MONDO_0012919, MONDO_0012920, MONDO_0012921, MONDO_0012961, MONDO_0011016, MONDO_0011033, MONDO_0011068, MONDO_0011123, MONDO_0011572, MONDO_0013078, MONDO_0011167, MONDO_0011168, MONDO_0012422, MONDO_0011302, MONDO_0005147, MONDO_0010861, MONDO_0010862, MONDO_0010863, MONDO_0010864, UMLS_C0011854]"	""	""	""	""	"0.957"	"0.401"	"[ENSG00000178562]"	"940"	"protein-coding"	"[]"	"[]"	"[P10747]"	"0.77951"	"1"	""	""	"0"	""	""	"0.9"	"CD28"	""	""
"0.9327731092436975"	"Limited"	"5402956"	"[]"	"[]"	"[Abnormality of the immune system (02715)]"	"[Immune System Diseases (C20)]"	"[Disease or Syndrome (T047)]"	"Autoimmune Diseases"	"[disease]"	"C0004364"	"[MESH_D001327, OMIM_109100, HPO_HP:0002960, NCI_C2889, DO_417, MONDO_0007179, EFO_0000540, EFO_0005140, EFO_0005809, UMLS_C0004364]"	""	""	""	""	"0.957"	"0.319"	"[ENSG00000188389]"	"5133"	"protein-coding"	"[]"	"[]"	"[Q15116]"	"0.029477"	"0"	""	""	"9"	""	""	"0.85"	"PDCD1"	"2022"	"1999"
"0.9230769230769231"	""	"35090623"	"[]"	"[disease of anatomical entity (7), disease of cellular proliferation (14566)]"	"[Abnormality of blood and blood-forming tissues (01871), Neoplasm (02664)]"	"[Immune System Diseases (C20), Cardiovascular Diseases (C14), Hemic and Lymphatic Diseases (C15), Neoplasms (C04)]"	"[Neoplastic Process (T191)]"	"Multiple Myeloma"	"[disease]"	"C0026764"	"[MESH_D009101, ICD10_C90.0, OMIM_254500, HPO_HP:0006775, NCI_C3242, ICD9CM_203.0, ORDO_29073, DO_9538, MONDO_0009693, EFO_0001378, UMLS_C0026764]"	"Not applicable"	"1-9 / 100 000,1-9 / 100 000,1-5 / 10 000,1-9 / 100 000,1-9 / 100 000,1-9 / 100 000,1-9 / 100 000,1-9 / 100 000,1-9 / 100 000"	"United States,Worldwide,Europe,France,Europe,United States,Iran, Islamic Republic of,Australia,Denmark"	"Prevalence at birth,Annual incidence,Point prevalence,Annual incidence,Annual incidence,Annual incidence,Annual incidence,Annual incidence,Annual incidence"	"0.87"	"0.413"	"[ENSG00000114013]"	"942"	"protein-coding"	"[]"	"[]"	"[P42081]"	"0.9259"	"2"	""	""	"1"	""	""	"0.85"	"CD86"	"2006"	"2006"
"1.0"	""	"30264759"	"[]"	"[disease of cellular proliferation (14566), disease of anatomical entity (7)]"	"[Abnormality of the respiratory system (02086), Neoplasm (02664)]"	"[Neoplasms (C04), Respiratory Tract Diseases (C08)]"	"[Neoplastic Process (T191)]"	"Lung Neoplasms"	"[disease]"	"C0024121"	"[MESH_D008175, HPO_HP:0100526, NCI_C3200, DO_3683, MONDO_0002732, MONDO_0021117, UMLS_C0024121]"	""	""	""	""	"0.957"	"0.319"	"[ENSG00000188389]"	"5133"	"protein-coding"	"[]"	"[]"	"[Q15116]"	"0.029477"	"103"	""	""	"1"	""	""	"0.85"	"PDCD1"	"2021"	"2021"
"0.9545454545454546"	""	"10264302"	"[]"	"[disease of anatomical entity (7), disease of cellular proliferation (14566)]"	"[Neoplasm (02664), Abnormality of the digestive system (25031)]"	"[Digestive System Diseases (C06), Neoplasms (C04)]"	"[Neoplastic Process (T191)]"	"Malignant tumor of colon"	"[disease]"	"C0007102"	"[ICD10_C18, ICD10_C18.9, MESH_D003110, ICD9CM_153.9, OMIM_114500, OMIM_191170, HPO_HP:0003003, NCI_C9242, ICD9CM_153, DO_234, DO_235, DO_9256, DO_5672, DO_219, MONDO_0005401, MONDO_0021063, EFO_0004288, UMLS_C0007102]"	""	""	""	""	"0.913"	"0.382"	"[ENSG00000163513]"	"7048"	"protein-coding"	"[DTO_03300101]"	"[Kinase]"	"[P37173]"	"0.90622"	"0"	""	""	"0"	""	""	"0.85"	"TGFBR2"	""	""
"0.9230769230769231"	""	"5309637"	"[]"	"[disease of anatomical entity (7)]"	"[Abnormality of the musculoskeletal system (33127)]"	"[Immune System Diseases (C20), Skin and Connective Tissue Diseases (C17), Musculoskeletal Diseases (C05)]"	"[Disease or Syndrome (T047)]"	"Rheumatoid Arthritis"	"[disease]"	"C0003873"	"[MESH_D001172, ICD10_M06.9, OMIM_180300, ICD9CM_714.0, OMIM_607218, HPO_HP:0001370, NCI_C2884, DO_7148, MONDO_0008383, EFO_0000685, UMLS_C0003873]"	""	""	""	""	"0.957"	"0.401"	"[ENSG00000178562]"	"940"	"protein-coding"	"[]"	"[]"	"[P10747]"	"0.77951"	"0"	""	""	"3"	""	""	"0.8"	"CD28"	"2012"	"2009"
"0.8571428571428571"	""	"5233283"	"[]"	"[disease of anatomical entity (7)]"	"[Abnormality of the cardiovascular system (01626)]"	"[Cardiovascular Diseases (C14)]"	"[Disease or Syndrome (T047)]"	"Aortic Aneurysm"	"[disease]"	"C0003486"	"[MESH_D001014, HPO_HP:0004942, NCI_C26697, DO_3627, MONDO_0005160, EFO_0001666, UMLS_C0003486]"	""	""	""	""	"0.913"	"0.382"	"[ENSG00000163513]"	"7048"	"protein-coding"	"[DTO_03300101]"	"[Kinase]"	"[P37173]"	"0.90622"	"2"	""	""	"1"	""	""	"0.8"	"TGFBR2"	"2006"	"2006"
"0.825"	""	"25145524"	"[]"	"[disease by infectious agent (0050117)]"	"[]"	"[Infections (C01), Immune System Diseases (C20), Urogenital Diseases (C12)]"	"[Disease or Syndrome (T047)]"	"HIV Infections"	"[disease]"	"C0019693"	"[MESH_D015658, ICD10_B20-B24.9, ICD10_B24, ICD9CM_042, NCI_C3108, ICD9CM_042-042.99, DO_526, DO_635, MONDO_0005109, EFO_0000764, UMLS_C0019693]"	""	""	""	""	"0.957"	"0.401"	"[ENSG00000178562]"	"940"	"protein-coding"	"[]"	"[]"	"[P10747]"	"0.77951"	"6"	""	""	"1"	""	""	"0.8"	"CD28"	"1995"	"1995"
"0.9090909090909091"	""	"60094721"	"[]"	"[disease of anatomical entity (7)]"	"[]"	"[Digestive System Diseases (C06), Immune System Diseases (C20)]"	"[Disease or Syndrome (T047)]"	"Autoimmune Chronic Hepatitis"	"[disease]"	"C0241910"	"[MESH_D019693, ICD9CM_571.42, DO_2048, MONDO_0016264, EFO_0005676, UMLS_C0241910]"	""	""	""	""	"0.957"	"0.319"	"[ENSG00000188389]"	"5133"	"protein-coding"	"[]"	"[]"	"[Q15116]"	"0.029477"	"0"	""	""	"0"	""	""	"0.8"	"PDCD1"	""	""
"0.95"	""	"5337201"	"[]"	"[disease of anatomical entity (7)]"	"[Abnormality of the respiratory system (02086), Abnormality of the immune system (02715)]"	"[Immune System Diseases (C20), Respiratory Tract Diseases (C08)]"	"[Disease or Syndrome (T047)]"	"Asthma"	"[disease]"	"C0004096"	"[ICD10_J45, MESH_D001249, ICD10_J45.9, HPO_HP:0002099, NCI_C28397, ICD9CM_493, ICD9CM_493.9, DO_9360, DO_9415, DO_2841, MONDO_0004979, UMLS_C0004096]"	""	""	""	""	"0.87"	"0.413"	"[ENSG00000114013]"	"942"	"protein-coding"	"[]"	"[]"	"[P42081]"	"0.9259"	"0"	""	""	"0"	""	""	"0.8"	"CD86"	""	""
"0.875"	""	"25109496"	"[]"	"[disease of anatomical entity (7), disease by infectious agent (0050117)]"	"[]"	"[Digestive System Diseases (C06), Infections (C01)]"	"[Disease or Syndrome (T047)]"	"Hepatitis C"	"[disease]"	"C0019196"	"[MESH_D006526, NCI_C3098, ICD9CM_070.7, DO_1883, MONDO_0005231, EFO_0003047, UMLS_C0019196]"	""	""	""	""	"0.957"	"0.319"	"[ENSG00000188389]"	"5133"	"protein-coding"	"[]"	"[]"	"[Q15116]"	"0.029477"	"1"	""	""	"0"	""	""	"0.8"	"PDCD1"	""	""
"1.0"	""	"5200863"	"[]"	"[disease of anatomical entity (7)]"	"[Abnormality of the cardiovascular system (01626)]"	"[Cardiovascular Diseases (C14)]"	"[Pathologic Function (T046)]"	"Aneurysm"	"[phenotype]"	"C0002940"	"[MESH_D000783, ICD10_I72.9, ICD9CM_442.9, HPO_HP:0002617, NCI_C26693, DO_178, MONDO_0005385, EFO_0004264, EFO_0009659, UMLS_C0002940]"	""	""	""	""	"0.913"	"0.382"	"[ENSG00000163513]"	"7048"	"protein-coding"	"[DTO_03300101]"	"[Kinase]"	"[P37173]"	"0.90622"	"2"	""	""	"0"	""	""	"0.8"	"TGFBR2"	""	""
"1.0"	""	"65094648"	"[]"	"[disease of anatomical entity (7), disease of cellular proliferation (14566)]"	"[]"	"[Digestive System Diseases (C06), Neoplasms (C04)]"	"[Neoplastic Process (T191)]"	"Squamous cell carcinoma of esophagus"	"[disease]"	"C0279626"	"[NCI_C4024, MESH_D000077277, ORDO_99977, DO_3748, MONDO_0005580, EFO_0005922, UMLS_C0279626]"	"Multigenic/multifactorial,Not applicable"	"1-9 / 100 000,1-9 / 100 000,1-9 / 100 000,1-9 / 100 000,1-9 / 100 000,1-9 / 100 000,1-9 / 1 000 000,1-9 / 100 000,1-9 / 100 000,1-9 / 100 000,1-9 / 100 000,1-9 / 100 000,1-9 / 100 000,1-9 / 100 000,1-9 / 100 000,1-9 / 100 000,1-9 / 100 000,1-9 / 100 000,1-9 / 100 000,1-9 / 100 000,1-9 / 100 000,1-9 / 100 000,1-9 / 100 000,1-9 / 100 000,1-9 / 100 000,1-9 / 100 000,1-9 / 100 000,1-9 / 100 000"	"Europe,Europe,Europe,Worldwide,Austria,Belgium,Bulgaria,Croatia,Czech Republic,Estonia,Finland,France,Germany,Iceland,Ireland,Italy,Latvia,Lithuania,Malta,Norway,Poland,Portugal,Slovakia,Slovenia,Spain,Switzerland,Netherlands,United Kingdom"	"Annual incidence,Point prevalence,Lifetime Prevalence,Annual incidence,Annual incidence,Annual incidence,Annual incidence,Annual incidence,Annual incidence,Annual incidence,Annual incidence,Annual incidence,Annual incidence,Annual incidence,Annual incidence,Annual incidence,Annual incidence,Annual incidence,Annual incidence,Annual incidence,Annual incidence,Annual incidence,Annual incidence,Annual incidence,Annual incidence,Annual incidence,Annual incidence,Annual incidence"	"0.913"	"0.382"	"[ENSG00000163513]"	"7048"	"protein-coding"	"[DTO_03300101]"	"[Kinase]"	"[P37173]"	"0.90622"	"0"	""	""	"0"	""	""	"0.8"	"TGFBR2"	""	""
"1.0"	""	"115031314"	"[]"	"[genetic disease (630), syndrome (225)]"	"[]"	"[Neoplasms (C04), Nutritional and Metabolic Diseases (C18), Digestive System Diseases (C06), Congenital, Hereditary, and Neonatal Diseases and Abnormalities (C16)]"	"[Disease or Syndrome (T047)]"	"Lynch Syndrome"	"[disease]"	"C4552100"	"[NCI_C8494, MESH_D003123, ORDO_144, DO_3883, MONDO_0005835, UMLS_C4552100]"	"Autosomal dominant"	""	""	""	"0.913"	"0.382"	"[ENSG00000163513]"	"7048"	"protein-coding"	"[DTO_03300101]"	"[Kinase]"	"[P37173]"	"0.90622"	"0"	""	""	"2"	""	""	"0.75"	"TGFBR2"	"2019"	"1998"
"1.0"	""	"20323864"	"[]"	"[disease of anatomical entity (7)]"	"[Abnormality of the endocrine system (00818)]"	"[Endocrine System Diseases (C19), Eye Diseases (C11), Immune System Diseases (C20)]"	"[Disease or Syndrome (T047)]"	"Graves Disease"	"[disease]"	"C0018213"	"[MESH_D006111, OMIM_275000, NCI_C3071, HPO_HP:0100647, DO_12361, DO_7997, MONDO_0005364, MONDO_0001104, MONDO_0100489, EFO_0004237, UMLS_C0018213]"	""	""	""	""	"0.957"	"0.319"	"[ENSG00000188389]"	"5133"	"protein-coding"	"[]"	"[]"	"[Q15116]"	"0.029477"	"0"	""	""	"1"	""	""	"0.75"	"PDCD1"	"2020"	"2020"
"0.9"	""	"10238340"	"[]"	"[disease of cellular proliferation (14566)]"	"[Neoplasm (02664)]"	"[Neoplasms (C04)]"	"[Neoplastic Process (T191)]"	"Carcinoma"	"[disease]"	"C0007097"	"[MESH_D002277, NCI_C2916, HPO_HP:0030731, DO_305, DO_4015, DO_162, MONDO_0004993, EFO_0000313, UMLS_C0007097]"	""	""	""	""	"0.913"	"0.382"	"[ENSG00000163513]"	"7048"	"protein-coding"	"[DTO_03300101]"	"[Kinase]"	"[P37173]"	"0.90622"	"0"	""	""	"1"	""	""	"0.75"	"TGFBR2"	"2000"	"2000"
"1.0"	""	"55077978"	"[]"	"[disease of anatomical entity (7)]"	"[Abnormality of the cardiovascular system (01626)]"	"[Cardiovascular Diseases (C14)]"	"[Anatomical Abnormality (T190)]"	"Aortic Aneurysm, Thoracic"	"[disease]"	"C0162872"	"[MESH_D017545, OMIM_607086, HPO_HP:0012727, NCI_C27001, DO_14004, MONDO_0005396, EFO_0004282, UMLS_C0162872]"	""	""	""	""	"0.913"	"0.382"	"[ENSG00000163513]"	"7048"	"protein-coding"	"[DTO_03300101]"	"[Kinase]"	"[P37173]"	"0.90622"	"2"	""	""	"1"	""	""	"0.75"	"TGFBR2"	"2005"	"2005"
"0.9428571428571428"	""	"15136543"	"[]"	"[disease of anatomical entity (7), disease of cellular proliferation (14566)]"	"[]"	"[Digestive System Diseases (C06), Neoplasms (C04)]"	"[Neoplastic Process (T191)]"	"Colorectal Carcinoma"	"[disease]"	"C0009402"	"[OMIM_114500, NCI_C2955, OMIM_516000, OMIM_516004, OMIM_516030, OMIM_516040, OMIM_172411, OMIM_191170, OMIM_516020, MESH_D015179, DO_0080199, DO_9256, MONDO_0005335, MONDO_0005575, MONDO_0024331, EFO_0000365, EFO_0004142, EFO_1001951, UMLS_C0009402]"	""	""	""	""	"0.913"	"0.382"	"[ENSG00000163513]"	"7048"	"protein-coding"	"[DTO_03300101]"	"[Kinase]"	"[P37173]"	"0.90622"	"0"	""	""	"0"	""	""	"0.75"	"TGFBR2"	""	""
"0.8333333333333334"	""	"40026727"	"[]"	"[disease of anatomical entity (7), disease of cellular proliferation (14566)]"	"[Neoplasm (02664), Abnormality of the digestive system (25031)]"	"[Endocrine System Diseases (C19), Digestive System Diseases (C06), Neoplasms (C04)]"	"[Neoplastic Process (T191)]"	"Pancreatic Neoplasm"	"[disease]"	"C0030297"	"[MESH_D010190, HPO_HP:0002894, NCI_C3305, ORDO_180824, ORDO_217074, DO_1793, MONDO_0009831, MONDO_0021040, EFO_0003860, EFO_1000359, UMLS_C0030297]"	""	""	""	""	"0.913"	"0.382"	"[ENSG00000163513]"	"7048"	"protein-coding"	"[DTO_03300101]"	"[Kinase]"	"[P37173]"	"0.90622"	"0"	""	""	"0"	""	""	"0.75"	"TGFBR2"	""	""
"0.8333333333333334"	""	"30293961"	"[]"	"[disease of anatomical entity (7)]"	"[]"	"[Immune System Diseases (C20), Urogenital Diseases (C12), Skin and Connective Tissue Diseases (C17)]"	"[Disease or Syndrome (T047)]"	"Lupus Nephritis"	"[disease]"	"C0024143"	"[MESH_D008181, HPO_HP:0033726, NCI_C34789, DO_0080162, MONDO_0005556, EFO_0005761, UMLS_C0024143]"	""	""	""	""	"0.957"	"0.319"	"[ENSG00000188389]"	"5133"	"protein-coding"	"[]"	"[]"	"[Q15116]"	"0.029477"	"0"	""	""	"0"	""	""	"0.75"	"PDCD1"	""	""
"0.9"	""	"70009411"	"[]"	"[]"	"[]"	"[Cardiovascular Diseases (C14)]"	"[Congenital Abnormality (T019)]"	"Congenital aneurysm of ascending aorta"	"[disease]"	"C0345050"	"[OMIM_607086, MESH_C562834, ORDO_229, DO_14004, MONDO_0019625, MONDO_0024559, EFO_0001666, UMLS_C0345050]"	""	"1-9 / 1 000 000"	"Worldwide"	"Annual incidence"	"0.913"	"0.382"	"[ENSG00000163513]"	"7048"	"protein-coding"	"[DTO_03300101]"	"[Kinase]"	"[P37173]"	"0.90622"	"0"	""	""	"0"	""	""	"0.75"	"TGFBR2"	""	""
"0.9560439560439561"	"Definitive"	"95226372"	"[]"	"[genetic disease (630)]"	"[]"	"[Nervous System Diseases (C10), Urogenital Diseases (C12), Otorhinolaryngologic Diseases (C09), Endocrine System Diseases (C19), Pathological Conditions, Signs and Symptoms (C23)]"	"[Disease or Syndrome (T047)]"	"Barakat syndrome"	"[disease]"	"C1840333"	"[MESH_C537907, OMIM_146255, OMIM_131320, NCI_C130983, ORDO_2237, DO_0060878, MONDO_0007797, UMLS_C1840333]"	"Autosomal dominant"	""	""	""	"0.913"	"0.384"	"[ENSG00000107485]"	"2625"	"protein-coding"	"[]"	"[]"	"[P23771]"	"0.99953"	"0"	""	""	"38"	""	""	"1.0"	"GATA3"	"2023"	"1995"
"0.9414414414414415"	""	"25334319"	"[]"	"[]"	"[]"	"[Pathological Conditions, Signs and Symptoms (C23)]"	"[Pathologic Function (T046)]"	"Inflammation"	"[phenotype]"	"C0021368"	"[MESH_D007249, NCI_C3137, UMLS_C0021368]"	""	""	""	""	"1.0"	"0.267"	"[ENSG00000125538]"	"3553"	"protein-coding"	"[]"	"[]"	"[P01584]"	"0.48761"	"278"	""	""	"9"	""	""	"1.0"	"IL1B"	"2017"	"1999"
"0.9046153846153846"	""	"5292864"	"[]"	"[disease of anatomical entity (7)]"	"[Abnormality of the musculoskeletal system (33127)]"	"[Immune System Diseases (C20), Skin and Connective Tissue Diseases (C17), Musculoskeletal Diseases (C05)]"	"[Disease or Syndrome (T047)]"	"Rheumatoid Arthritis"	"[disease]"	"C0003873"	"[MESH_D001172, ICD10_M06.9, OMIM_180300, ICD9CM_714.0, OMIM_607218, HPO_HP:0001370, NCI_C2884, DO_7148, MONDO_0008383, EFO_0000685, UMLS_C0003873]"	""	""	""	""	"1.0"	"0.267"	"[ENSG00000125538]"	"3553"	"protein-coding"	"[]"	"[]"	"[P01584]"	"0.48761"	"49"	""	""	"3"	""	""	"1.0"	"IL1B"	"2012"	"2003"
"0.9361702127659575"	""	"5323205"	"[]"	"[disease of anatomical entity (7)]"	"[Abnormality of the respiratory system (02086), Abnormality of the immune system (02715)]"	"[Immune System Diseases (C20), Respiratory Tract Diseases (C08)]"	"[Disease or Syndrome (T047)]"	"Asthma"	"[disease]"	"C0004096"	"[ICD10_J45, MESH_D001249, ICD10_J45.9, HPO_HP:0002099, NCI_C28397, ICD9CM_493, ICD9CM_493.9, DO_9360, DO_9415, DO_2841, MONDO_0004979, UMLS_C0004096]"	""	""	""	""	"1.0"	"0.267"	"[ENSG00000125538]"	"3553"	"protein-coding"	"[]"	"[]"	"[P01584]"	"0.48761"	"17"	""	""	"1"	""	""	"1.0"	"IL1B"	"1997"	"1997"
"0.8938053097345132"	""	"60199374"	"[]"	"[disease by infectious agent (0050117)]"	"[]"	"[Infections (C01), Pathological Conditions, Signs and Symptoms (C23)]"	"[Disease or Syndrome (T047)]"	"Sepsis"	"[disease]"	"C0243026"	"[MESH_D018805, ICD9CM_995.91, DO_0040085, MONDO_0005229, EFO_0003033, UMLS_C0243026]"	""	""	""	""	"1.0"	"0.267"	"[ENSG00000125538]"	"3553"	"protein-coding"	"[]"	"[]"	"[P01584]"	"0.48761"	"38"	""	""	"1"	""	""	"1.0"	"IL1B"	"2020"	"2020"
"0.8454106280193237"	""	"5110921"	"[]"	"[genetic disease (630), disease of anatomical entity (7)]"	"[Abnormality of the nervous system (00707)]"	"[Mental Disorders (F03), Nervous System Diseases (C10)]"	"[Disease or Syndrome (T047)]"	"Alzheimer's Disease"	"[disease]"	"C0002395"	"[MESH_D000544, ICD10_G30, ICD10_G30.9, NCI_C2866, OMIM_104300, ICD9CM_331.0, OMIM_516000, HPO_HP:0002511, DO_10652, DO_11870, DO_0110035, DO_0110037, DO_0110038, DO_0110039, DO_0110041, DO_0110043, DO_0110044, DO_0110045, DO_0110046, DO_0110047, DO_0110048, MONDO_0007089, MONDO_0011401, MONDO_0012321, MONDO_0011561, MONDO_0012344, MONDO_0004975, MONDO_0011194, MONDO_0011647, MONDO_0012609, MONDO_0012630, MONDO_0012631, MONDO_0011777, UMLS_C0002395]"	""	""	""	""	"1.0"	"0.267"	"[ENSG00000125538]"	"3553"	"protein-coding"	"[]"	"[]"	"[P01584]"	"0.48761"	"31"	""	""	"1"	""	""	"1.0"	"IL1B"	"2008"	"2008"
"0.8725868725868726"	""	"25137118"	"[]"	"[disease by infectious agent (0050117)]"	"[]"	"[Infections (C01), Immune System Diseases (C20), Urogenital Diseases (C12)]"	"[Disease or Syndrome (T047)]"	"HIV Infections"	"[disease]"	"C0019693"	"[MESH_D015658, ICD10_B20-B24.9, ICD10_B24, ICD9CM_042, NCI_C3108, ICD9CM_042-042.99, DO_526, DO_635, MONDO_0005109, EFO_0000764, UMLS_C0019693]"	""	""	""	""	"0.913"	"0.391"	"[ENSG00000160791]"	"1234"	"protein-coding"	"[DTO_02300001]"	"[G-protein coupled receptor]"	"[P51681]"	"0.18153"	"21"	""	""	"0"	""	""	"1.0"	"CCR5"	""	""
"0.8618421052631579"	""	"30361212"	"[]"	"[disease of cellular proliferation (14566), disease of anatomical entity (7)]"	"[Abnormality of the digestive system (25031), Neoplasm (02664)]"	"[Neoplasms (C04), Digestive System Diseases (C06)]"	"[Neoplastic Process (T191)]"	"Malignant neoplasm of stomach"	"[disease]"	"C0024623"	"[ICD10_C16, ICD10_C16.9, MESH_D013274, ICD9CM_151.9, OMIM_613659, HPO_HP:0012126, NCI_C9331, ICD9CM_151, ORDO_63443, DO_10534, MONDO_0001056, MONDO_0021085, EFO_0000178, EFO_0003897, UMLS_C0024623]"	""	""	""	""	"1.0"	"0.267"	"[ENSG00000125538]"	"3553"	"protein-coding"	"[]"	"[]"	"[P01584]"	"0.48761"	"0"	""	""	"0"	""	""	"1.0"	"IL1B"	""	""
"0.9084249084249084"	""	"15447608"	"[]"	"[disease of metabolism (0014667), genetic disease (630)]"	"[Abnormality of the endocrine system (00818), Abnormality of metabolism/homeostasis (01939)]"	"[Endocrine System Diseases (C19), Nutritional and Metabolic Diseases (C18)]"	"[Disease or Syndrome (T047)]"	"Diabetes Mellitus, Non-Insulin-Dependent"	"[disease]"	"C0011860"	"[MESH_D003924, ICD10_E11, OMIM_125853, NCI_C26747, OMIM_600509, OMIM_147545, HPO_HP:0005978, OMIM_138079, OMIM_147670, OMIM_167413, OMIM_600281, OMIM_189907, OMIM_138430, OMIM_164731, OMIM_601724, DO_9352, MONDO_0005148, UMLS_C0011860]"	""	""	""	""	"1.0"	"0.267"	"[ENSG00000125538]"	"3553"	"protein-coding"	"[]"	"[]"	"[P01584]"	"0.48761"	"83"	""	""	"0"	""	""	"1.0"	"IL1B"	""	""
"0.9313725490196079"	""	"15292845"	"[]"	"[]"	"[Abnormality of the nervous system (00707)]"	"[Mental Disorders (F03)]"	"[Mental or Behavioral Dysfunction (T048)]"	"Depressive disorder"	"[disease]"	"C0011581"	"[MESH_D003866, HPO_HP:0000716, DO_4964, DO_1595, DO_12139, MONDO_0001442, MONDO_0002050, EFO_0004257, EFO_0008623, EFO_1002014, UMLS_C0011581]"	""	""	""	""	"1.0"	"0.267"	"[ENSG00000125538]"	"3553"	"protein-coding"	"[]"	"[]"	"[P01584]"	"0.48761"	"59"	""	""	"4"	""	""	"0.95"	"IL1B"	"2015"	"2014"
"0.96"	""	"70318963"	"[]"	"[disease of metabolism (0014667), disease of anatomical entity (7), genetic disease (630)]"	"[]"	"[Digestive System Diseases (C06)]"	"[Disease or Syndrome (T047)]"	"Non-alcoholic Fatty Liver Disease"	"[disease]"	"C0400966"	"[NCI_C84444, MESH_D065626, DO_0080208, MONDO_0013209, EFO_0003095, EFO_1001248, UMLS_C0400966]"	""	""	""	""	"1.0"	"0.267"	"[ENSG00000125538]"	"3553"	"protein-coding"	"[]"	"[]"	"[P01584]"	"0.48761"	"32"	""	""	"1"	""	""	"0.95"	"IL1B"	"2021"	"2021"
"0.8125"	""	"25171014"	"[]"	"[]"	"[Abnormality of the nervous system (00707)]"	"[Nervous System Diseases (C10), Pathological Conditions, Signs and Symptoms (C23)]"	"[Sign or Symptom (T184)]"	"Hyperalgesia"	"[phenotype]"	"C0020429"	"[MESH_D006930, HPO_HP:0012534, NCI_C34703, UMLS_C0020429]"	""	""	""	""	"1.0"	"0.267"	"[ENSG00000125538]"	"3553"	"protein-coding"	"[]"	"[]"	"[P01584]"	"0.48761"	"2"	""	""	"6"	""	""	"0.9"	"IL1B"	"2016"	"1995"
"1.0"	"Supportive"	"10213666"	"[]"	"[disease of anatomical entity (7), disease by infectious agent (0050117)]"	"[Abnormality of the integument (01574), Abnormality of the immune system (02715)]"	"[Infections (C01), Pathological Conditions, Signs and Symptoms (C23), Skin and Connective Tissue Diseases (C17)]"	"[Disease or Syndrome (T047)]"	"Candidiasis, Chronic Mucocutaneous"	"[disease]"	"C0006845"	"[MESH_D002178, HPO_HP:0002728, NCI_C34444, ORDO_1334, DO_2058, MONDO_0015279, UMLS_C0006845]"	"Autosomal dominant,Autosomal recessive"	""	""	""	"0.913"	"0.483"	"[ENSG00000177663]"	"23765"	"protein-coding"	"[]"	"[]"	"[Q96F46]"	"5.3808E-9"	"0"	""	""	"5"	""	""	"0.9"	"IL17RA"	"2016"	"2006"
"0.859375"	""	"20166059"	"[]"	"[]"	"[Abnormality of metabolism/homeostasis (01939)]"	"[Pathological Conditions, Signs and Symptoms (C23)]"	"[Sign or Symptom (T184)]"	"Fever"	"[phenotype]"	"C0015967"	"[MESH_D005334, ICD10_R50.9, ICD9CM_780.60, HPO_HP:0001945, NCI_C3038, UMLS_C0015967]"	""	""	""	""	"1.0"	"0.267"	"[ENSG00000125538]"	"3553"	"protein-coding"	"[]"	"[]"	"[P01584]"	"0.48761"	"6"	""	""	"5"	""	""	"0.9"	"IL1B"	"2014"	"1999"
"0.7073170731707317"	""	"25238812"	"[]"	"[disease of anatomical entity (7)]"	"[Abnormality of the cardiovascular system (01626)]"	"[Cardiovascular Diseases (C14)]"	"[Disease or Syndrome (T047)]"	"Hypertensive disease"	"[disease]"	"C0020538"	"[MESH_D006973, ICD10_I10-I15.9, ICD9CM_997.91, NCI_C3117, HPO_HP:0000822, ICD9CM_401-405.99, DO_10825, DO_10763, MONDO_0005044, EFO_0000537, EFO_0002200, UMLS_C0020538]"	""	""	""	""	"1.0"	"0.267"	"[ENSG00000125538]"	"3553"	"protein-coding"	"[]"	"[]"	"[P01584]"	"0.48761"	"18"	""	""	"5"	""	""	"0.9"	"IL1B"	"2020"	"2016"
"0.9361702127659575"	""	"15278131"	"[]"	"[disease of mental health (150)]"	"[]"	"[Behavior and Behavior Mechanisms (F01)]"	"[Mental or Behavioral Dysfunction (T048)]"	"Mental Depression"	"[disease]"	"C0011570"	"[MESH_D003863, NCI_C2982, DO_1470, DO_1596, MONDO_0002050, UMLS_C0011570]"	""	""	""	""	"1.0"	"0.267"	"[ENSG00000125538]"	"3553"	"protein-coding"	"[]"	"[]"	"[P01584]"	"0.48761"	"76"	""	""	"4"	""	""	"0.9"	"IL1B"	"2015"	"2014"
"0.9078947368421053"	""	"15066542"	"[]"	"[disease of anatomical entity (7)]"	"[Abnormality of the digestive system (25031), Abnormality of the immune system (02715)]"	"[Digestive System Diseases (C06)]"	"[Disease or Syndrome (T047)]"	"Ulcerative Colitis"	"[disease]"	"C0009324"	"[ICD10_K51, MESH_D003093, ICD10_K51.9, OMIM_266600, ICD9CM_556.9, HPO_HP:0100279, NCI_C2952, ICD9CM_556, DO_8577, MONDO_0005101, EFO_0000729, UMLS_C0009324]"	""	""	""	""	"1.0"	"0.267"	"[ENSG00000125538]"	"3553"	"protein-coding"	"[]"	"[]"	"[P01584]"	"0.48761"	"8"	""	""	"4"	""	""	"0.9"	"IL1B"	"2012"	"2002"
"0.9090909090909091"	""	"35153983"	"[]"	"[disease of anatomical entity (7)]"	"[Abnormality of the cardiovascular system (01626)]"	"[Cardiovascular Diseases (C14), Pathological Conditions, Signs and Symptoms (C23)]"	"[Disease or Syndrome (T047)]"	"Myocardial Infarction"	"[disease]"	"C0027051"	"[MESH_D009203, NCI_C27996, HPO_HP:0001658, DO_11847, DO_9408, DO_5844, DO_5854, MONDO_0005068, EFO_0000612, EFO_1000883, UMLS_C0027051]"	""	""	""	""	"1.0"	"0.267"	"[ENSG00000125538]"	"3553"	"protein-coding"	"[]"	"[]"	"[P01584]"	"0.48761"	"18"	""	""	"3"	""	""	"0.9"	"IL1B"	"2006"	"2002"
"0.835820895522388"	""	"35098930"	"[]"	"[disease of anatomical entity (7)]"	"[]"	"[Immune System Diseases (C20), Nervous System Diseases (C10)]"	"[Disease or Syndrome (T047)]"	"Multiple Sclerosis"	"[disease]"	"C0026769"	"[MESH_D009103, ICD10_G35, ICD9CM_340, NCI_C3243, ORDO_802, DO_2377, MONDO_0005301, EFO_0803536, UMLS_C0026769]"	""	""	""	""	"1.0"	"0.267"	"[ENSG00000125538]"	"3553"	"protein-coding"	"[]"	"[]"	"[P01584]"	"0.48761"	"20"	""	""	"2"	""	""	"0.9"	"IL1B"	"2015"	"2004"
"0.9166666666666666"	""	"15057598"	"[]"	"[disease of anatomical entity (7)]"	"[Abnormality of the digestive system (25031), Abnormality of the immune system (02715)]"	"[Digestive System Diseases (C06)]"	"[Disease or Syndrome (T047)]"	"Colitis"	"[disease]"	"C0009319"	"[MESH_D003092, HPO_HP:0002583, NCI_C26723, DO_0060180, DO_0060189, DO_0060190, DO_2326, MONDO_0005292, MONDO_0005534, EFO_0003872, EFO_0005624, UMLS_C0009319]"	""	""	""	""	"1.0"	"0.267"	"[ENSG00000125538]"	"3553"	"protein-coding"	"[]"	"[]"	"[P01584]"	"0.48761"	"9"	""	""	"2"	""	""	"0.9"	"IL1B"	"2014"	"2013"
"0.9"	""	"5213991"	"[]"	"[]"	"[Abnormality of the digestive system (25031), Abnormality of the nervous system (00707)]"	"[Pathological Conditions, Signs and Symptoms (C23)]"	"[Disease or Syndrome (T047)]"	"Anorexia"	"[disease]"	"C0003123"	"[ICD10_R63.0, MESH_D000855, ICD9CM_783.0, HPO_HP:0002039, NCI_C2875, UMLS_C0003123]"	""	""	""	""	"1.0"	"0.267"	"[ENSG00000125538]"	"3553"	"protein-coding"	"[]"	"[]"	"[P01584]"	"0.48761"	"4"	""	""	"2"	""	""	"0.9"	"IL1B"	"2014"	"2002"
"0.9090909090909091"	""	"60324118"	"[]"	"[]"	"[]"	"[Nervous System Diseases (C10)]"	"[Injury or Poisoning (T037)]"	"Brain Injuries"	"[disease]"	"C0270611"	"[MESH_D001930, NCI_C50440, DO_936, MONDO_0043510, UMLS_C0270611]"	""	""	""	""	"1.0"	"0.267"	"[ENSG00000125538]"	"3553"	"protein-coding"	"[]"	"[]"	"[P01584]"	"0.48761"	"12"	""	""	"2"	""	""	"0.9"	"IL1B"	"2011"	"2009"
"1.0"	""	"40221250"	"[]"	"[disease of anatomical entity (7)]"	"[Abnormality of the respiratory system (02086)]"	"[Respiratory Tract Diseases (C08), Pathological Conditions, Signs and Symptoms (C23)]"	"[Disease or Syndrome (T047)]"	"Pulmonary Fibrosis"	"[disease]"	"C0034069"	"[MESH_D011658, HPO_HP:0002206, NCI_C26869, DO_3770, MONDO_0002771, EFO_0009448, UMLS_C0034069]"	""	""	""	""	"1.0"	"0.267"	"[ENSG00000125538]"	"3553"	"protein-coding"	"[]"	"[]"	"[P01584]"	"0.48761"	"6"	""	""	"2"	""	""	"0.9"	"IL1B"	"2013"	"2007"
"1.0"	"Supportive"	"10213634"	"[]"	"[disease of anatomical entity (7), disease by infectious agent (0050117)]"	"[Abnormality of the integument (01574), Abnormality of the immune system (02715)]"	"[Infections (C01), Pathological Conditions, Signs and Symptoms (C23), Skin and Connective Tissue Diseases (C17)]"	"[Disease or Syndrome (T047)]"	"Candidiasis, Chronic Mucocutaneous"	"[disease]"	"C0006845"	"[MESH_D002178, HPO_HP:0002728, NCI_C34444, ORDO_1334, DO_2058, MONDO_0015279, UMLS_C0006845]"	"Autosomal dominant,Autosomal recessive"	""	""	""	"0.913"	"0.459"	"[ENSG00000112116]"	"112744"	"protein-coding"	"[]"	"[]"	"[Q96PD4]"	"0.0043536"	"0"	""	""	"1"	""	""	"0.9"	"IL17F"	"2011"	"2011"
"0.9545454545454546"	""	"25221293"	"[]"	"[disease of anatomical entity (7)]"	"[Abnormality of the immune system (02715)]"	"[Immune System Diseases (C20)]"	"[Pathologic Function (T046)]"	"Hypersensitivity"	"[phenotype]"	"C0020517"	"[MESH_D006967, ICD10_T78.4, HPO_HP:0012393, NCI_C3114, DO_1205, MONDO_0005271, MONDO_0000605, EFO_1002003, UMLS_C0020517]"	""	""	""	""	"1.0"	"0.267"	"[ENSG00000125538]"	"3553"	"protein-coding"	"[]"	"[]"	"[P01584]"	"0.48761"	"15"	""	""	"1"	""	""	"0.9"	"IL1B"	"2011"	"2011"
"0.8392857142857143"	""	"40122331"	"[]"	"[disease of anatomical entity (7)]"	"[Abnormality of the respiratory system (02086), Abnormality of the immune system (02715)]"	"[Infections (C01), Respiratory Tract Diseases (C08)]"	"[Disease or Syndrome (T047)]"	"Pneumonia"	"[disease]"	"C0032285"	"[MESH_D011014, ICD10_J18.9, HPO_HP:0002090, NCI_C3333, DO_552, MONDO_0005249, EFO_0003106, UMLS_C0032285]"	""	""	""	""	"1.0"	"0.267"	"[ENSG00000125538]"	"3553"	"protein-coding"	"[]"	"[]"	"[P01584]"	"0.48761"	"24"	""	""	"1"	""	""	"0.9"	"IL1B"	"2011"	"2011"
"1.0"	""	"10203093"	"[]"	"[disease of anatomical entity (7)]"	"[]"	"[Respiratory Tract Diseases (C08), Congenital, Hereditary, and Neonatal Diseases and Abnormalities (C16)]"	"[Disease or Syndrome (T047)]"	"Bronchopulmonary Dysplasia"	"[disease]"	"C0006287"	"[MESH_D001997, NCI_C90599, ORDO_70589, DO_11650, MONDO_0019091, UMLS_C0006287]"	"Not applicable"	"1-5 / 10 000"	"Europe"	"Point prevalence"	"1.0"	"0.267"	"[ENSG00000125538]"	"3553"	"protein-coding"	"[]"	"[]"	"[P01584]"	"0.48761"	"8"	""	""	"1"	""	""	"0.9"	"IL1B"	"2006"	"2006"
"0.9047619047619048"	""	"60181913"	"[]"	"[]"	"[]"	"[Respiratory Tract Diseases (C08)]"	"[Injury or Poisoning (T037)]"	"Acute Lung Injury"	"[disease]"	"C0242488"	"[MESH_D055371, NCI_C155766, ORDO_178320, MONDO_0015796, EFO_0004610, UMLS_C0242488]"	"Not applicable"	"1-5 / 10 000"	"Europe"	"Point prevalence"	"1.0"	"0.267"	"[ENSG00000125538]"	"3553"	"protein-coding"	"[]"	"[]"	"[P01584]"	"0.48761"	"40"	""	""	"1"	""	""	"0.9"	"IL1B"	"2020"	"2020"
"0.9274193548387096"	""	"10123207"	"[]"	"[disease of anatomical entity (7), disease of cellular proliferation (14566)]"	"[]"	"[Neoplasms (C04), Skin and Connective Tissue Diseases (C17)]"	"[Neoplastic Process (T191)]"	"Malignant neoplasm of breast"	"[disease]"	"C0006142"	"[MESH_D001943, ICD10_C50, ICD10_C50-C50.9, ICD10_C50.9, OMIM_114480, NCI_C9335, DO_3459, DO_1612, MONDO_0016419, MONDO_0007254, MONDO_0021100, EFO_0000305, EFO_0003869, UMLS_C0006142]"	""	""	""	""	"1.0"	"0.267"	"[ENSG00000125538]"	"3553"	"protein-coding"	"[]"	"[]"	"[P01584]"	"0.48761"	"0"	""	""	"0"	""	""	"0.9"	"IL1B"	""	""
"0.863013698630137"	""	"30252177"	"[]"	"[disease of anatomical entity (7)]"	"[Abnormality of the respiratory system (02086)]"	"[Pathological Conditions, Signs and Symptoms (C23), Respiratory Tract Diseases (C08)]"	"[Disease or Syndrome (T047)]"	"Chronic Obstructive Airway Disease"	"[disease]"	"C0024117"	"[MESH_D029424, ICD10_J44.9, NCI_C3199, OMIM_606963, HPO_HP:0006510, DO_3083, MONDO_0005002, EFO_0000341, UMLS_C0024117]"	""	""	""	""	"1.0"	"0.267"	"[ENSG00000125538]"	"3553"	"protein-coding"	"[]"	"[]"	"[P01584]"	"0.48761"	"35"	""	""	"0"	""	""	"0.9"	"IL1B"	""	""
"0.9375"	""	"40300980"	"[]"	"[disease of anatomical entity (7), disease by infectious agent (0050117), disease of cellular proliferation (14566)]"	"[Neoplasm (02664), Abnormality of the integument (01574)]"	"[Infections (C01), Neoplasms (C04)]"	"[Neoplastic Process (T191)]"	"Kaposi Sarcoma"	"[disease]"	"C0036220"	"[MESH_D012514, ICD10_C46, ICD10_C46.9, NCI_C9087, ICD9CM_176.9, HPO_HP:0100726, ICD9CM_176, ORDO_33276, DO_8632, MONDO_0005055, EFO_0000558, UMLS_C0036220]"	"Not applicable"	"1-9 / 1 000 000,1-9 / 100 000,1-9 / 100 000,<1 / 1 000 000,<1 / 1 000 000,<1 / 1 000 000,<1 / 1 000 000,<1 / 1 000 000,<1 / 1 000 000,<1 / 1 000 000,<1 / 1 000 000,<1 / 1 000 000,<1 / 1 000 000,<1 / 1 000 000,1-9 / 1 000 000,1-9 / 1 000 000,1-9 / 1 000 000,1-9 / 1 000 000,1-9 / 1 000 000,1-9 / 1 000 000,1-9 / 1 000 000,1-9 / 1 000 000,1-9 / 1 000 000,1-9 / 1 000 000,1-9 / 100 000,1-9 / 100 000"	"Europe,Europe,Europe,Austria,Belgium,Bulgaria,Czech Republic,Estonia,Finland,Germany,Norway,Poland,Slovakia,Slovenia,Croatia,Ireland,Latvia,Lithuania,Malta,Portugal,Spain,Switzerland,Netherlands,United Kingdom,Iceland,Italy"	"Annual incidence,Point prevalence,Lifetime Prevalence,Annual incidence,Annual incidence,Annual incidence,Annual incidence,Annual incidence,Annual incidence,Annual incidence,Annual incidence,Annual incidence,Annual incidence,Annual incidence,Annual incidence,Annual incidence,Annual incidence,Annual incidence,Annual incidence,Annual incidence,Annual incidence,Annual incidence,Annual incidence,Annual incidence,Annual incidence,Annual incidence"	"1.0"	"0.232"	"[ENSG00000136244]"	"3569"	"protein-coding"	"[]"	"[]"	"[P05231]"	"0.19935"	"2"	""	""	"13"	""	""	"1.0"	"IL6"	"2007"	"1998"
"0.9"	""	"15278718"	"[]"	"[disease of mental health (150)]"	"[]"	"[Behavior and Behavior Mechanisms (F01)]"	"[Mental or Behavioral Dysfunction (T048)]"	"Mental Depression"	"[disease]"	"C0011570"	"[MESH_D003863, NCI_C2982, DO_1470, DO_1596, MONDO_0002050, UMLS_C0011570]"	""	""	""	""	"1.0"	"0.232"	"[ENSG00000136244]"	"3569"	"protein-coding"	"[]"	"[]"	"[P05231]"	"0.19935"	"177"	""	""	"5"	""	""	"1.0"	"IL6"	"2015"	"2009"
"0.831081081081081"	""	"25239082"	"[]"	"[disease of anatomical entity (7)]"	"[Abnormality of the cardiovascular system (01626)]"	"[Cardiovascular Diseases (C14)]"	"[Disease or Syndrome (T047)]"	"Hypertensive disease"	"[disease]"	"C0020538"	"[MESH_D006973, ICD10_I10-I15.9, ICD9CM_997.91, NCI_C3117, HPO_HP:0000822, ICD9CM_401-405.99, DO_10825, DO_10763, MONDO_0005044, EFO_0000537, EFO_0002200, UMLS_C0020538]"	""	""	""	""	"1.0"	"0.232"	"[ENSG00000136244]"	"3569"	"protein-coding"	"[]"	"[]"	"[P05231]"	"0.19935"	"69"	""	""	"5"	""	""	"1.0"	"IL6"	"2020"	"2016"
"0.9288135593220339"	""	"100212112"	"[]"	"[disease of anatomical entity (7), disease of cellular proliferation (14566)]"	"[Neoplasm (02664), Abnormality of the digestive system (25031)]"	"[Digestive System Diseases (C06), Neoplasms (C04)]"	"[Neoplastic Process (T191)]"	"Liver carcinoma"	"[disease]"	"C2239176"	"[ICD10_C22.0, MESH_D006528, OMIM_114550, NCI_C3099, HPO_HP:0001402, ORDO_88673, DO_3571, DO_684, MONDO_0007256, EFO_0000182, EFO_0000762, EFO_1000256, UMLS_C2239176]"	"Not applicable"	"1-9 / 100 000,1-5 / 10 000,1-9 / 100 000,1-9 / 100 000,1-9 / 100 000,1-9 / 100 000,1-9 / 100 000,1-5 / 10 000,1-9 / 100 000,1-9 / 100 000,1-5 / 10 000,1-5 / 10 000,1-5 / 10 000,1-5 / 10 000,6-9 / 10 000,1-5 / 10 000,1-9 / 100 000,1-9 / 100 000,1-9 / 100 000,1-9 / 100 000,1-9 / 100 000,1-9 / 100 000,1-9 / 100 000,1-9 / 100 000,1-9 / 100 000,1-9 / 100 000,1-9 / 100 000,1-9 / 100 000,1-9 / 100 000,1-9 / 1 000 000,1-9 / 100 000,1-9 / 100 000,1-9 / 100 000,1-9 / 100 000"	"United States,Europe,France,United Kingdom,Germany,Spain,Italy,Greece,Canada,Oceania,Latin America,China,Japan,Korea, Republic of,Mongolia,Africa,Europe,Austria,Belgium,Bulgaria,Croatia,Czech Republic,Estonia,Finland,Iceland,Ireland,Latvia,Lithuania,Norway,Poland,Portugal,Slovakia,Switzerland,Netherlands"	"Annual incidence,Point prevalence,Annual incidence,Annual incidence,Annual incidence,Annual incidence,Annual incidence,Annual incidence,Annual incidence,Annual incidence,Annual incidence,Annual incidence,Annual incidence,Annual incidence,Annual incidence,Annual incidence,Annual incidence,Annual incidence,Annual incidence,Annual incidence,Annual incidence,Annual incidence,Annual incidence,Annual incidence,Annual incidence,Annual incidence,Annual incidence,Annual incidence,Annual incidence,Annual incidence,Annual incidence,Annual incidence,Annual incidence,Annual incidence"	"1.0"	"0.232"	"[ENSG00000136244]"	"3569"	"protein-coding"	"[]"	"[]"	"[P05231]"	"0.19935"	"29"	""	""	"4"	""	""	"1.0"	"IL6"	"2016"	"2007"
"0.9467353951890034"	""	"115181272"	"[]"	"[disease by infectious agent (0050117)]"	"[]"	"[Infections (C01), Respiratory Tract Diseases (C08)]"	"[Disease or Syndrome (T047)]"	"COVID-19 Virus Disease"	"[disease]"	"C5203670"	"[MESH_D000086382, NCI_C171133, DO_0080600, MONDO_0100096, UMLS_C5203670]"	""	""	""	""	"1.0"	"0.232"	"[ENSG00000136244]"	"3569"	"protein-coding"	"[]"	"[]"	"[P05231]"	"0.19935"	"442"	""	""	"4"	""	""	"1.0"	"IL6"	"2020"	"2020"
"0.8633093525179856"	""	"20166285"	"[]"	"[]"	"[Abnormality of metabolism/homeostasis (01939)]"	"[Pathological Conditions, Signs and Symptoms (C23)]"	"[Sign or Symptom (T184)]"	"Fever"	"[phenotype]"	"C0015967"	"[MESH_D005334, ICD10_R50.9, ICD9CM_780.60, HPO_HP:0001945, NCI_C3038, UMLS_C0015967]"	""	""	""	""	"1.0"	"0.232"	"[ENSG00000136244]"	"3569"	"protein-coding"	"[]"	"[]"	"[P05231]"	"0.19935"	"10"	""	""	"3"	""	""	"1.0"	"IL6"	"2004"	"1995"
"0.8695652173913043"	""	"30252542"	"[]"	"[disease of anatomical entity (7)]"	"[Abnormality of the respiratory system (02086)]"	"[Pathological Conditions, Signs and Symptoms (C23), Respiratory Tract Diseases (C08)]"	"[Disease or Syndrome (T047)]"	"Chronic Obstructive Airway Disease"	"[disease]"	"C0024117"	"[MESH_D029424, ICD10_J44.9, NCI_C3199, OMIM_606963, HPO_HP:0006510, DO_3083, MONDO_0005002, EFO_0000341, UMLS_C0024117]"	""	""	""	""	"1.0"	"0.232"	"[ENSG00000136244]"	"3569"	"protein-coding"	"[]"	"[]"	"[P05231]"	"0.19935"	"88"	""	""	"3"	""	""	"1.0"	"IL6"	"2019"	"2017"
"0.888"	""	"25022627"	"[]"	"[disease of anatomical entity (7)]"	"[Abnormality of the cardiovascular system (01626)]"	"[Cardiovascular Diseases (C14)]"	"[Disease or Syndrome (T047)]"	"Heart failure"	"[disease]"	"C0018801"	"[ICD10_I50, ICD10_I50.9, NCI_C50577, MESH_D006333, ICD9CM_428.9, HPO_HP:0001635, ICD9CM_428, DO_6000, MONDO_0005252, MONDO_0005009, EFO_0000373, EFO_0003144, UMLS_C0018801]"	""	""	""	""	"1.0"	"0.232"	"[ENSG00000136244]"	"3569"	"protein-coding"	"[]"	"[]"	"[P05231]"	"0.19935"	"84"	""	""	"2"	""	""	"1.0"	"IL6"	"2005"	"2004"
"0.8910741301059002"	""	"35308286"	"[]"	"[disease of metabolism (0014667)]"	"[Growth abnormality (01507)]"	"[Pathological Conditions, Signs and Symptoms (C23), Nutritional and Metabolic Diseases (C18)]"	"[Disease or Syndrome (T047)]"	"Obesity"	"[disease]"	"C0028754"	"[ICD10_E66, MESH_D009765, ICD10_E66.9, OMIM_601665, ICD9CM_278.00, HPO_HP:0001513, NCI_C159658, NCI_C3283, DO_9970, MONDO_0011122, MONDO_0019182, EFO_0001073, UMLS_C0028754]"	""	""	""	""	"1.0"	"0.232"	"[ENSG00000136244]"	"3569"	"protein-coding"	"[]"	"[]"	"[P05231]"	"0.19935"	"187"	""	""	"2"	""	""	"1.0"	"IL6"	"2013"	"2010"
"0.9246575342465754"	""	"5294348"	"[]"	"[disease of anatomical entity (7)]"	"[Abnormality of the musculoskeletal system (33127)]"	"[Immune System Diseases (C20), Skin and Connective Tissue Diseases (C17), Musculoskeletal Diseases (C05)]"	"[Disease or Syndrome (T047)]"	"Rheumatoid Arthritis"	"[disease]"	"C0003873"	"[MESH_D001172, ICD10_M06.9, OMIM_180300, ICD9CM_714.0, OMIM_607218, HPO_HP:0001370, NCI_C2884, DO_7148, MONDO_0008383, EFO_0000685, UMLS_C0003873]"	""	""	""	""	"0.957"	"0.363"	"[ENSG00000160712]"	"3570"	"protein-coding"	"[DTO_05007599]"	"[Signaling]"	"[P08887]"	"6.7914E-8"	"20"	""	""	"2"	""	""	"1.0"	"IL6R"	"2012"	"2006"
"0.8346456692913385"	""	"45072232"	"[]"	"[]"	"[Abnormality of the cardiovascular system (01626), Abnormality of the nervous system (00707)]"	"[Cardiovascular Diseases (C14), Nervous System Diseases (C10)]"	"[Disease or Syndrome (T047)]"	"Cerebrovascular accident"	"[disease]"	"C0038454"	"[MESH_D020521, NCI_C3390, ICD10_I64, OMIM_601367, HPO_HP:0001297, DO_6713, MONDO_0005098, EFO_0000712, UMLS_C0038454]"	""	""	""	""	"1.0"	"0.232"	"[ENSG00000136244]"	"3569"	"protein-coding"	"[]"	"[]"	"[P05231]"	"0.19935"	"61"	""	""	"1"	""	""	"1.0"	"IL6"	"2008"	"2008"
"0.901840490797546"	""	"5324862"	"[]"	"[disease of anatomical entity (7)]"	"[Abnormality of the respiratory system (02086), Abnormality of the immune system (02715)]"	"[Immune System Diseases (C20), Respiratory Tract Diseases (C08)]"	"[Disease or Syndrome (T047)]"	"Asthma"	"[disease]"	"C0004096"	"[ICD10_J45, MESH_D001249, ICD10_J45.9, HPO_HP:0002099, NCI_C28397, ICD9CM_493, ICD9CM_493.9, DO_9360, DO_9415, DO_2841, MONDO_0004979, UMLS_C0004096]"	""	""	""	""	"1.0"	"0.232"	"[ENSG00000136244]"	"3569"	"protein-coding"	"[]"	"[]"	"[P05231]"	"0.19935"	"48"	""	""	"1"	""	""	"1.0"	"IL6"	"2019"	"2019"
"0.8833333333333333"	""	"60199979"	"[]"	"[disease by infectious agent (0050117)]"	"[]"	"[Infections (C01), Pathological Conditions, Signs and Symptoms (C23)]"	"[Disease or Syndrome (T047)]"	"Sepsis"	"[disease]"	"C0243026"	"[MESH_D018805, ICD9CM_995.91, DO_0040085, MONDO_0005229, EFO_0003033, UMLS_C0243026]"	""	""	""	""	"1.0"	"0.232"	"[ENSG00000136244]"	"3569"	"protein-coding"	"[]"	"[]"	"[P05231]"	"0.19935"	"114"	""	""	"1"	""	""	"1.0"	"IL6"	"2020"	"2020"
"0.9298245614035088"	""	"25191231"	"[]"	"[disease of metabolism (0014667), genetic disease (630)]"	"[Abnormality of metabolism/homeostasis (01939)]"	"[Nutritional and Metabolic Diseases (C18)]"	"[Disease or Syndrome (T047)]"	"Hyperglycemia"	"[disease]"	"C0020456"	"[MESH_D006943, ICD10_R73.9, HPO_HP:0003074, NCI_C26797, DO_4195, MONDO_0002909, UMLS_C0020456]"	""	""	""	""	"1.0"	"0.232"	"[ENSG00000136244]"	"3569"	"protein-coding"	"[]"	"[]"	"[P05231]"	"0.19935"	"21"	""	""	"1"	""	""	"1.0"	"IL6"	"2018"	"2018"
"0.9333333333333333"	""	"40091472"	"[]"	"[disease of anatomical entity (7)]"	"[Abnormality of head or neck (00152), Abnormality of the immune system (02715)]"	"[Stomatognathic Diseases (C07)]"	"[Disease or Syndrome (T047)]"	"Periodontitis"	"[disease]"	"C0031099"	"[MESH_D010518, HPO_HP:0000704, NCI_C34918, DO_824, MONDO_0005593, MONDO_0005076, EFO_0000649, EFO_0006343, UMLS_C0031099]"	""	""	""	""	"1.0"	"0.232"	"[ENSG00000136244]"	"3569"	"protein-coding"	"[]"	"[]"	"[P05231]"	"0.19935"	"89"	""	""	"0"	""	""	"1.0"	"IL6"	""	""
"0.9294117647058824"	""	"40198828"	"[]"	"[disease of anatomical entity (7)]"	"[Abnormality of the integument (01574), Abnormality of the immune system (02715)]"	"[Skin and Connective Tissue Diseases (C17)]"	"[Disease or Syndrome (T047)]"	"Psoriasis"	"[disease]"	"C0033860"	"[MESH_D011565, ICD10_L40, ICD10_L40.9, HPO_HP:0003765, NCI_C3346, DO_4398, DO_8893, DO_9088, MONDO_0005083, EFO_0000676, UMLS_C0033860]"	""	""	""	""	"1.0"	"0.308"	"[ENSG00000112115]"	"3605"	"protein-coding"	"[]"	"[]"	"[Q16552]"	"0.47699"	"51"	""	""	"0"	""	""	"1.0"	"IL17A"	""	""
"0.8620689655172413"	""	"35099435"	"[]"	"[disease of anatomical entity (7)]"	"[]"	"[Immune System Diseases (C20), Nervous System Diseases (C10)]"	"[Disease or Syndrome (T047)]"	"Multiple Sclerosis"	"[disease]"	"C0026769"	"[MESH_D009103, ICD10_G35, ICD9CM_340, NCI_C3243, ORDO_802, DO_2377, MONDO_0005301, EFO_0803536, UMLS_C0026769]"	""	""	""	""	"1.0"	"0.232"	"[ENSG00000136244]"	"3569"	"protein-coding"	"[]"	"[]"	"[P05231]"	"0.19935"	"43"	""	""	"0"	""	""	"1.0"	"IL6"	""	""
"0.9145299145299145"	""	"25371766"	"[]"	"[disease of anatomical entity (7)]"	"[Abnormality of the digestive system (25031), Abnormality of the immune system (02715)]"	"[Digestive System Diseases (C06)]"	"[Disease or Syndrome (T047)]"	"Inflammatory Bowel Diseases"	"[disease]"	"C0021390"	"[MESH_D015212, NCI_C3138, HPO_HP:0002037, DO_0050589, MONDO_0005265, EFO_0003767, UMLS_C0021390]"	""	""	""	""	"1.0"	"0.232"	"[ENSG00000136244]"	"3569"	"protein-coding"	"[]"	"[]"	"[P05231]"	"0.19935"	"37"	""	""	"0"	""	""	"1.0"	"IL6"	""	""
"0.9090909090909091"	""	"5326458"	"[]"	"[disease of anatomical entity (7)]"	"[Abnormality of the respiratory system (02086), Abnormality of the immune system (02715)]"	"[Immune System Diseases (C20), Respiratory Tract Diseases (C08)]"	"[Disease or Syndrome (T047)]"	"Asthma"	"[disease]"	"C0004096"	"[ICD10_J45, MESH_D001249, ICD10_J45.9, HPO_HP:0002099, NCI_C28397, ICD9CM_493, ICD9CM_493.9, DO_9360, DO_9415, DO_2841, MONDO_0004979, UMLS_C0004096]"	""	""	""	""	"1.0"	"0.308"	"[ENSG00000112115]"	"3605"	"protein-coding"	"[]"	"[]"	"[Q16552]"	"0.47699"	"25"	""	""	"0"	""	""	"1.0"	"IL17A"	""	""
"0.8865131578947368"	""	"15448712"	"[]"	"[disease of metabolism (0014667), genetic disease (630)]"	"[Abnormality of the endocrine system (00818), Abnormality of metabolism/homeostasis (01939)]"	"[Endocrine System Diseases (C19), Nutritional and Metabolic Diseases (C18)]"	"[Disease or Syndrome (T047)]"	"Diabetes Mellitus, Non-Insulin-Dependent"	"[disease]"	"C0011860"	"[MESH_D003924, ICD10_E11, OMIM_125853, NCI_C26747, OMIM_600509, OMIM_147545, HPO_HP:0005978, OMIM_138079, OMIM_147670, OMIM_167413, OMIM_600281, OMIM_189907, OMIM_138430, OMIM_164731, OMIM_601724, DO_9352, MONDO_0005148, UMLS_C0011860]"	""	""	""	""	"1.0"	"0.232"	"[ENSG00000136244]"	"3569"	"protein-coding"	"[]"	"[]"	"[P05231]"	"0.19935"	"222"	""	""	"0"	""	""	"1.0"	"IL6"	""	""
"0.8389261744966443"	""	"15367946"	"[]"	"[disease of metabolism (0014667), genetic disease (630)]"	"[Abnormality of the endocrine system (00818), Abnormality of metabolism/homeostasis (01939)]"	"[Endocrine System Diseases (C19), Nutritional and Metabolic Diseases (C18)]"	"[Disease or Syndrome (T047)]"	"Diabetes Mellitus"	"[disease]"	"C0011849"	"[MESH_D003920, ICD10_E10-E14.9, ICD10_E14, HPO_HP:0000819, NCI_C2985, ICD9CM_250, DO_1837, DO_9351, MONDO_0005015, EFO_0000400, UMLS_C0011849]"	""	""	""	""	"1.0"	"0.232"	"[ENSG00000136244]"	"3569"	"protein-coding"	"[]"	"[]"	"[P05231]"	"0.19935"	"251"	""	""	"0"	""	""	"1.0"	"IL6"	""	""
"0.9254901960784314"	""	"5295311"	"[]"	"[disease of anatomical entity (7)]"	"[Abnormality of the musculoskeletal system (33127)]"	"[Immune System Diseases (C20), Skin and Connective Tissue Diseases (C17), Musculoskeletal Diseases (C05)]"	"[Disease or Syndrome (T047)]"	"Rheumatoid Arthritis"	"[disease]"	"C0003873"	"[MESH_D001172, ICD10_M06.9, OMIM_180300, ICD9CM_714.0, OMIM_607218, HPO_HP:0001370, NCI_C2884, DO_7148, MONDO_0008383, EFO_0000685, UMLS_C0003873]"	""	""	""	""	"1.0"	"0.308"	"[ENSG00000112115]"	"3605"	"protein-coding"	"[]"	"[]"	"[Q16552]"	"0.47699"	"32"	""	""	"0"	""	""	"1.0"	"IL17A"	""	""
"0.9122383252818036"	""	"25336840"	"[]"	"[]"	"[]"	"[Pathological Conditions, Signs and Symptoms (C23)]"	"[Pathologic Function (T046)]"	"Inflammation"	"[phenotype]"	"C0021368"	"[MESH_D007249, NCI_C3137, UMLS_C0021368]"	""	""	""	""	"1.0"	"0.232"	"[ENSG00000136244]"	"3569"	"protein-coding"	"[]"	"[]"	"[P05231]"	"0.19935"	"753"	""	""	"11"	""	""	"0.95"	"IL6"	"2015"	"2001"
"0.8151260504201681"	""	"90079057"	"[]"	"[]"	"[]"	"[Mental Disorders (F03)]"	"[Mental or Behavioral Dysfunction (T048)]"	"Major Depressive Disorder"	"[disease]"	"C1269683"	"[MESH_D003865, OMIM_608516, DO_1595, MONDO_0002009, EFO_1002014, UMLS_C1269683]"	""	""	""	""	"1.0"	"0.232"	"[ENSG00000136244]"	"3569"	"protein-coding"	"[]"	"[]"	"[P05231]"	"0.19935"	"70"	""	""	"5"	""	""	"0.95"	"IL6"	"2014"	"2011"
"0.8938356164383562"	""	"15293401"	"[]"	"[]"	"[Abnormality of the nervous system (00707)]"	"[Mental Disorders (F03)]"	"[Mental or Behavioral Dysfunction (T048)]"	"Depressive disorder"	"[disease]"	"C0011581"	"[MESH_D003866, HPO_HP:0000716, DO_4964, DO_1595, DO_12139, MONDO_0001442, MONDO_0002050, EFO_0004257, EFO_0008623, EFO_1002014, UMLS_C0011581]"	""	""	""	""	"1.0"	"0.232"	"[ENSG00000136244]"	"3569"	"protein-coding"	"[]"	"[]"	"[P05231]"	"0.19935"	"144"	""	""	"3"	""	""	"0.95"	"IL6"	"2015"	"2015"
"0.9026369168356998"	""	"35080876"	"[]"	"[disease of anatomical entity (7), disease of cellular proliferation (14566)]"	"[Abnormality of blood and blood-forming tissues (01871), Neoplasm (02664)]"	"[Immune System Diseases (C20), Cardiovascular Diseases (C14), Hemic and Lymphatic Diseases (C15), Neoplasms (C04)]"	"[Neoplastic Process (T191)]"	"Multiple Myeloma"	"[disease]"	"C0026764"	"[MESH_D009101, ICD10_C90.0, OMIM_254500, HPO_HP:0006775, NCI_C3242, ICD9CM_203.0, ORDO_29073, DO_9538, MONDO_0009693, EFO_0001378, UMLS_C0026764]"	"Not applicable"	"1-9 / 100 000,1-9 / 100 000,1-5 / 10 000,1-9 / 100 000,1-9 / 100 000,1-9 / 100 000,1-9 / 100 000,1-9 / 100 000,1-9 / 100 000"	"United States,Worldwide,Europe,France,Europe,United States,Iran, Islamic Republic of,Australia,Denmark"	"Prevalence at birth,Annual incidence,Point prevalence,Annual incidence,Annual incidence,Annual incidence,Annual incidence,Annual incidence,Annual incidence"	"1.0"	"0.232"	"[ENSG00000136244]"	"3569"	"protein-coding"	"[]"	"[]"	"[P05231]"	"0.19935"	"46"	""	""	"3"	""	""	"0.95"	"IL6"	"2009"	"1995"
"0.8646616541353384"	""	"35154208"	"[]"	"[disease of anatomical entity (7)]"	"[Abnormality of the cardiovascular system (01626)]"	"[Cardiovascular Diseases (C14), Pathological Conditions, Signs and Symptoms (C23)]"	"[Disease or Syndrome (T047)]"	"Myocardial Infarction"	"[disease]"	"C0027051"	"[MESH_D009203, NCI_C27996, HPO_HP:0001658, DO_11847, DO_9408, DO_5844, DO_5854, MONDO_0005068, EFO_0000612, EFO_1000883, UMLS_C0027051]"	""	""	""	""	"1.0"	"0.232"	"[ENSG00000136244]"	"3569"	"protein-coding"	"[]"	"[]"	"[P05231]"	"0.19935"	"51"	""	""	"2"	""	""	"0.95"	"IL6"	"2006"	"2005"
"0.908835904628331"	""	"5294179"	"[]"	"[disease of anatomical entity (7)]"	"[Abnormality of the musculoskeletal system (33127)]"	"[Immune System Diseases (C20), Skin and Connective Tissue Diseases (C17), Musculoskeletal Diseases (C05)]"	"[Disease or Syndrome (T047)]"	"Rheumatoid Arthritis"	"[disease]"	"C0003873"	"[MESH_D001172, ICD10_M06.9, OMIM_180300, ICD9CM_714.0, OMIM_607218, HPO_HP:0001370, NCI_C2884, DO_7148, MONDO_0008383, EFO_0000685, UMLS_C0003873]"	""	""	""	""	"1.0"	"0.232"	"[ENSG00000136244]"	"3569"	"protein-coding"	"[]"	"[]"	"[P05231]"	"0.19935"	"113"	""	""	"2"	""	""	"0.95"	"IL6"	"2012"	"2009"
"0.8740157480314961"	""	"40197702"	"[]"	"[disease of anatomical entity (7)]"	"[Abnormality of the integument (01574), Abnormality of the immune system (02715)]"	"[Skin and Connective Tissue Diseases (C17)]"	"[Disease or Syndrome (T047)]"	"Psoriasis"	"[disease]"	"C0033860"	"[MESH_D011565, ICD10_L40, ICD10_L40.9, HPO_HP:0003765, NCI_C3346, DO_4398, DO_8893, DO_9088, MONDO_0005083, EFO_0000676, UMLS_C0033860]"	""	""	""	""	"1.0"	"0.232"	"[ENSG00000136244]"	"3569"	"protein-coding"	"[]"	"[]"	"[P05231]"	"0.19935"	"29"	""	""	"1"	""	""	"0.95"	"IL6"	"2006"	"2006"
"0.9530201342281879"	""	"85234966"	"[]"	"[disease of anatomical entity (7), disease of cellular proliferation (14566)]"	"[Neoplasm (02664), Abnormality of the genitourinary system (00119)]"	"[Endocrine System Diseases (C19), Neoplasms (C04), Urogenital Diseases (C12)]"	"[Neoplastic Process (T191)]"	"ovarian neoplasm"	"[disease]"	"C0919267"	"[MESH_D010051, HPO_HP:0100615, NCI_C4984, ORDO_213500, DO_2394, MONDO_0008170, MONDO_0021068, EFO_0003893, UMLS_C0919267]"	""	""	""	""	"1.0"	"0.232"	"[ENSG00000136244]"	"3569"	"protein-coding"	"[]"	"[]"	"[P05231]"	"0.19935"	"16"	""	""	"1"	""	""	"0.95"	"IL6"	"2009"	"2009"
"0.85"	"Definitive"	"75156594"	"[]"	"[]"	"[]"	"[Hemic and Lymphatic Diseases (C15), Skin and Connective Tissue Diseases (C17), Immune System Diseases (C20), Neoplasms (C04)]"	"[Neoplastic Process (T191)]"	"Subcutaneous panniculitis-like T-cell lymphoma"	"[disease]"	"C0522624"	"[NCI_C6918, MESH_C537503, OMIM_618398, HPO_HP:0034403, ORDO_86884, MONDO_0019475, EFO_1000552, UMLS_C0522624]"	"Not applicable"	""	""	""	"0.913"	"0.429"	"[ENSG00000135077]"	"84868"	"protein-coding"	"[]"	"[]"	"[Q8TDQ0]"	"0.26632"	"0"	""	""	"3"	""	""	"1.0"	"HAVCR2"	"2019"	"2018"
"0.9545454545454546"	""	"5336075"	"[]"	"[disease of anatomical entity (7)]"	"[Abnormality of the respiratory system (02086), Abnormality of the immune system (02715)]"	"[Immune System Diseases (C20), Respiratory Tract Diseases (C08)]"	"[Disease or Syndrome (T047)]"	"Asthma"	"[disease]"	"C0004096"	"[ICD10_J45, MESH_D001249, ICD10_J45.9, HPO_HP:0002099, NCI_C28397, ICD9CM_493, ICD9CM_493.9, DO_9360, DO_9415, DO_2841, MONDO_0004979, UMLS_C0004096]"	""	""	""	""	"0.913"	"0.509"	"[ENSG00000115604]"	"8809"	"protein-coding"	"[DTO_05007575]"	"[Receptor]"	"[Q13478]"	"2.6372E-6"	"0"	""	""	"0"	""	""	"0.95"	"IL18R1"	""	""
"0.8518518518518519"	""	"45278966"	"[]"	"[disease of anatomical entity (7)]"	"[Abnormality of the immune system (02715)]"	"[Immune System Diseases (C20), Congenital, Hereditary, and Neonatal Diseases and Abnormalities (C16), Nutritional and Metabolic Diseases (C18)]"	"[Disease or Syndrome (T047)]"	"Severe Combined Immunodeficiency"	"[disease]"	"C0085110"	"[MESH_D016511, HPO_HP:0004430, NCI_C3472, ORDO_183660, DO_627, DO_5812, MONDO_0015974, UMLS_C0085110]"	"Autosomal recessive,X-linked recessive"	"1-9 / 100 000,1-9 / 100 000,1-9 / 100 000,1-9 / 100 000,1-9 / 100 000,1-9 / 100 000"	"Europe,France,Greece,Chile,Costa rica,United States"	"Prevalence at birth,Prevalence at birth,Prevalence at birth,Prevalence at birth,Prevalence at birth,Prevalence at birth"	"0.87"	"0.48"	"[ENSG00000115085]"	"7535"	"protein-coding"	"[DTO_03300101]"	"[Kinase]"	"[P43403]"	"0.0092607"	"0"	""	""	"6"	""	""	"0.9"	"ZAP70"	"2022"	"1994"
"0.9375"	""	"90302599"	"[]"	"[]"	"[Neoplasm (02664), Abnormality of the breast (00769)]"	"[Skin and Connective Tissue Diseases (C17), Neoplasms (C04)]"	"[Neoplastic Process (T191)]"	"Mammary Neoplasms"	"[disease]"	"C1458155"	"[MESH_D001943, HPO_HP:0100013, NCI_C2910, DO_3459, DO_1612, MONDO_0021100, EFO_0003869, UMLS_C1458155]"	""	""	""	""	"0.87"	"0.433"	"[ENSG00000126561]"	"6776"	"protein-coding"	"[DTO_05007557]"	"[Nucleic acid binding]"	"[P42229]"	"1.0"	"1"	""	""	"1"	""	""	"0.9"	"STAT5A"	"2004"	"2004"
"0.9"	""	"15410360"	"[]"	"[disease of anatomical entity (7), disease of metabolism (0014667), genetic disease (630)]"	"[Abnormality of the endocrine system (00818), Abnormality of metabolism/homeostasis (01939)]"	"[Immune System Diseases (C20), Endocrine System Diseases (C19), Nutritional and Metabolic Diseases (C18)]"	"[Disease or Syndrome (T047)]"	"Diabetes Mellitus, Insulin-Dependent"	"[disease]"	"C0011854"	"[MESH_D003922, ICD10_E10, OMIM_222100, NCI_C2986, HPO_HP:0100651, ORDO_243377, DO_0110745, DO_0110746, DO_0110747, DO_0110749, DO_0110750, DO_0110751, DO_0110752, DO_0110753, DO_0110754, DO_0110755, DO_0110756, DO_0110757, DO_0110758, DO_0110759, DO_0110760, DO_0110761, DO_0110741, DO_0110742, DO_0110743, DO_0110744, DO_9744, MONDO_0007454, MONDO_0010950, MONDO_0012919, MONDO_0012920, MONDO_0012921, MONDO_0012961, MONDO_0011016, MONDO_0011033, MONDO_0011068, MONDO_0011123, MONDO_0011572, MONDO_0013078, MONDO_0011167, MONDO_0011168, MONDO_0012422, MONDO_0011302, MONDO_0005147, MONDO_0010861, MONDO_0010862, MONDO_0010863, MONDO_0010864, UMLS_C0011854]"	""	""	""	""	"0.913"	"0.4"	"[ENSG00000121807]"	"729230"	"protein-coding"	"[DTO_02300001]"	"[G-protein coupled receptor]"	"[P41597]"	"0.048059"	"1"	""	""	"0"	""	""	"0.9"	"CCR2"	""	""
"0.7857142857142857"	""	"35160191"	"[]"	"[disease of anatomical entity (7)]"	"[Abnormality of the cardiovascular system (01626)]"	"[Cardiovascular Diseases (C14), Pathological Conditions, Signs and Symptoms (C23)]"	"[Disease or Syndrome (T047)]"	"Myocardial Infarction"	"[disease]"	"C0027051"	"[MESH_D009203, NCI_C27996, HPO_HP:0001658, DO_11847, DO_9408, DO_5844, DO_5854, MONDO_0005068, EFO_0000612, EFO_1000883, UMLS_C0027051]"	""	""	""	""	"0.913"	"0.4"	"[ENSG00000121807]"	"729230"	"protein-coding"	"[DTO_02300001]"	"[G-protein coupled receptor]"	"[P41597]"	"0.048059"	"1"	""	""	"0"	""	""	"0.9"	"CCR2"	""	""
"1.0"	"Definitive"	"115225704"	"[]"	"[genetic disease (630), syndrome (225)]"	"[]"	"[]"	"[Disease or Syndrome (T047)]"	"GROWTH HORMONE INSENSITIVITY SYNDROME WITH IMMUNE DYSREGULATION 1, AUTOSOMAL RECESSIVE"	"[disease]"	"C5435698"	"[OMIM_604260, OMIM_245590, DO_0080836, MONDO_0100210, MONDO_0100211, UMLS_C5435698]"	""	""	""	""	"0.826"	"0.476"	"[ENSG00000173757]"	"6777"	"protein-coding"	"[DTO_05007557]"	"[Nucleic acid binding]"	"[P51692]"	"1.0"	"0"	""	""	"21"	""	""	"0.85"	"STAT5B"	"2021"	"1998"
"0.8"	""	"10237426"	"[]"	"[disease of cellular proliferation (14566)]"	"[Neoplasm (02664)]"	"[Neoplasms (C04)]"	"[Neoplastic Process (T191)]"	"Carcinoma"	"[disease]"	"C0007097"	"[MESH_D002277, NCI_C2916, HPO_HP:0030731, DO_305, DO_4015, DO_162, MONDO_0004993, EFO_0000313, UMLS_C0007097]"	""	""	""	""	"0.87"	"0.433"	"[ENSG00000126561]"	"6776"	"protein-coding"	"[DTO_05007557]"	"[Nucleic acid binding]"	"[P42229]"	"1.0"	"1"	""	""	"3"	""	""	"0.85"	"STAT5A"	"2007"	"2002"
"0.8421052631578947"	""	"25144144"	"[]"	"[disease by infectious agent (0050117)]"	"[]"	"[Infections (C01), Immune System Diseases (C20), Urogenital Diseases (C12)]"	"[Disease or Syndrome (T047)]"	"HIV Infections"	"[disease]"	"C0019693"	"[MESH_D015658, ICD10_B20-B24.9, ICD10_B24, ICD9CM_042, NCI_C3108, ICD9CM_042-042.99, DO_526, DO_635, MONDO_0005109, EFO_0000764, UMLS_C0019693]"	""	""	""	""	"0.913"	"0.4"	"[ENSG00000121807]"	"729230"	"protein-coding"	"[DTO_02300001]"	"[G-protein coupled receptor]"	"[P41597]"	"0.048059"	"1"	""	""	"0"	""	""	"0.85"	"CCR2"	""	""
"0.9523809523809523"	""	"100245697"	"[]"	"[disease of anatomical entity (7), disease of cellular proliferation (14566)]"	"[Neoplasm (02664), Abnormality of the digestive system (25031)]"	"[Digestive System Diseases (C06), Neoplasms (C04)]"	"[Neoplastic Process (T191)]"	"Liver carcinoma"	"[disease]"	"C2239176"	"[ICD10_C22.0, MESH_D006528, OMIM_114550, NCI_C3099, HPO_HP:0001402, ORDO_88673, DO_3571, DO_684, MONDO_0007256, EFO_0000182, EFO_0000762, EFO_1000256, UMLS_C2239176]"	"Not applicable"	"1-9 / 100 000,1-5 / 10 000,1-9 / 100 000,1-9 / 100 000,1-9 / 100 000,1-9 / 100 000,1-9 / 100 000,1-5 / 10 000,1-9 / 100 000,1-9 / 100 000,1-5 / 10 000,1-5 / 10 000,1-5 / 10 000,1-5 / 10 000,6-9 / 10 000,1-5 / 10 000,1-9 / 100 000,1-9 / 100 000,1-9 / 100 000,1-9 / 100 000,1-9 / 100 000,1-9 / 100 000,1-9 / 100 000,1-9 / 100 000,1-9 / 100 000,1-9 / 100 000,1-9 / 100 000,1-9 / 100 000,1-9 / 100 000,1-9 / 1 000 000,1-9 / 100 000,1-9 / 100 000,1-9 / 100 000,1-9 / 100 000"	"United States,Europe,France,United Kingdom,Germany,Spain,Italy,Greece,Canada,Oceania,Latin America,China,Japan,Korea, Republic of,Mongolia,Africa,Europe,Austria,Belgium,Bulgaria,Croatia,Czech Republic,Estonia,Finland,Iceland,Ireland,Latvia,Lithuania,Norway,Poland,Portugal,Slovakia,Switzerland,Netherlands"	"Annual incidence,Point prevalence,Annual incidence,Annual incidence,Annual incidence,Annual incidence,Annual incidence,Annual incidence,Annual incidence,Annual incidence,Annual incidence,Annual incidence,Annual incidence,Annual incidence,Annual incidence,Annual incidence,Annual incidence,Annual incidence,Annual incidence,Annual incidence,Annual incidence,Annual incidence,Annual incidence,Annual incidence,Annual incidence,Annual incidence,Annual incidence,Annual incidence,Annual incidence,Annual incidence,Annual incidence,Annual incidence,Annual incidence,Annual incidence"	"0.913"	"0.429"	"[ENSG00000135077]"	"84868"	"protein-coding"	"[]"	"[]"	"[Q8TDQ0]"	"0.26632"	"2"	""	""	"0"	""	""	"0.85"	"HAVCR2"	""	""
"1.0"	""	"115190383"	"[]"	"[disease by infectious agent (0050117)]"	"[]"	"[Infections (C01), Respiratory Tract Diseases (C08)]"	"[Disease or Syndrome (T047)]"	"COVID-19 Virus Disease"	"[disease]"	"C5203670"	"[MESH_D000086382, NCI_C171133, DO_0080600, MONDO_0100096, UMLS_C5203670]"	""	""	""	""	"0.913"	"0.4"	"[ENSG00000121807]"	"729230"	"protein-coding"	"[DTO_02300001]"	"[G-protein coupled receptor]"	"[P41597]"	"0.048059"	"1"	""	""	"1"	""	""	"0.8"	"CCR2"	"2021"	"2021"
"1.0"	""	"40125103"	"[]"	"[disease of anatomical entity (7)]"	"[Abnormality of the respiratory system (02086), Abnormality of the immune system (02715)]"	"[Infections (C01), Respiratory Tract Diseases (C08)]"	"[Disease or Syndrome (T047)]"	"Pneumonia"	"[disease]"	"C0032285"	"[MESH_D011014, ICD10_J18.9, HPO_HP:0002090, NCI_C3333, DO_552, MONDO_0005249, EFO_0003106, UMLS_C0032285]"	""	""	""	""	"0.913"	"0.4"	"[ENSG00000121807]"	"729230"	"protein-coding"	"[DTO_02300001]"	"[G-protein coupled receptor]"	"[P41597]"	"0.048059"	"1"	""	""	"1"	""	""	"0.8"	"CCR2"	"2011"	"2011"
"0.75"	""	"5334307"	"[]"	"[disease of anatomical entity (7)]"	"[Abnormality of the respiratory system (02086), Abnormality of the immune system (02715)]"	"[Immune System Diseases (C20), Respiratory Tract Diseases (C08)]"	"[Disease or Syndrome (T047)]"	"Asthma"	"[disease]"	"C0004096"	"[ICD10_J45, MESH_D001249, ICD10_J45.9, HPO_HP:0002099, NCI_C28397, ICD9CM_493, ICD9CM_493.9, DO_9360, DO_9415, DO_2841, MONDO_0004979, UMLS_C0004096]"	""	""	""	""	"0.913"	"0.4"	"[ENSG00000121807]"	"729230"	"protein-coding"	"[DTO_02300001]"	"[G-protein coupled receptor]"	"[P41597]"	"0.048059"	"0"	""	""	"0"	""	""	"0.8"	"CCR2"	""	""
"0.8947368421052632"	""	"30182088"	"[]"	"[disease of cellular proliferation (14566), disease of anatomical entity (7)]"	"[Neoplasm (02664), Abnormality of blood and blood-forming tissues (01871), Abnormality of the immune system (02715)]"	"[Hemic and Lymphatic Diseases (C15), Neoplasms (C04)]"	"[Neoplastic Process (T191)]"	"Acute Promyelocytic Leukemia"	"[disease]"	"C0023487"	"[MESH_D015473, ICD10_C92.4, OMIM_612376, NCI_C3182, HPO_HP:0004836, ORDO_520, DO_0060318, DO_0081081, MONDO_0012883, EFO_0000224, UMLS_C0023487]"	"Not applicable"	"1-9 / 1 000 000,1-9 / 1 000 000,1-9 / 1 000 000"	"United States,Europe,France"	"Annual incidence,Annual incidence,Annual incidence"	"0.826"	"0.476"	"[ENSG00000173757]"	"6777"	"protein-coding"	"[DTO_05007557]"	"[Nucleic acid binding]"	"[P51692]"	"1.0"	"0"	""	""	"1"	""	""	"0.75"	"STAT5B"	"2008"	"2008"
"0.9444444444444444"	""	"25295617"	"[]"	"[disease of anatomical entity (7)]"	"[Abnormality of the immune system (02715)]"	"[Immune System Diseases (C20)]"	"[Disease or Syndrome (T047)]"	"Immunologic Deficiency Syndromes"	"[disease]"	"C0021051"	"[MESH_D007153, ICD10_D84.9, NCI_C39725, ICD9CM_279.3, HPO_HP:0002721, NCI_C3131, DO_612, MONDO_0003778, MONDO_0021094, UMLS_C0021051]"	""	""	""	""	"0.87"	"0.48"	"[ENSG00000115085]"	"7535"	"protein-coding"	"[DTO_03300101]"	"[Kinase]"	"[P43403]"	"0.0092607"	"0"	""	""	"1"	""	""	"0.75"	"ZAP70"	"2008"	"2008"
"1.0"	""	"10384283"	"[]"	"[disease of anatomical entity (7), disease of cellular proliferation (14566)]"	"[Neoplasm (02664), Abnormality of the genitourinary system (00119)]"	"[Neoplasms (C04), Urogenital Diseases (C12)]"	"[Neoplastic Process (T191)]"	"Renal Cell Carcinoma"	"[disease]"	"C0007134"	"[MESH_D002292, OMIM_144700, HPO_HP:0005584, NCI_C9385, ORDO_217071, DO_4450, DO_4451, DO_4464, DO_4465, DO_4467, DO_4471, DO_4473, MONDO_0005549, MONDO_0005086, EFO_0000349, EFO_0000681, EFO_0005708, UMLS_C0007134]"	"Not applicable"	"1-5 / 10 000,1-9 / 100 000"	"Europe,Europe"	"Point prevalence,Annual incidence"	"0.913"	"0.429"	"[ENSG00000135077]"	"84868"	"protein-coding"	"[]"	"[]"	"[Q8TDQ0]"	"0.26632"	"4"	""	""	"0"	""	""	"0.75"	"HAVCR2"	""	""
"0.8"	""	"70324130"	"[]"	"[disease of metabolism (0014667), disease of anatomical entity (7), genetic disease (630)]"	"[]"	"[Digestive System Diseases (C06)]"	"[Disease or Syndrome (T047)]"	"Non-alcoholic Fatty Liver Disease"	"[disease]"	"C0400966"	"[NCI_C84444, MESH_D065626, DO_0080208, MONDO_0013209, EFO_0003095, EFO_1001248, UMLS_C0400966]"	""	""	""	""	"0.913"	"0.4"	"[ENSG00000121807]"	"729230"	"protein-coding"	"[DTO_02300001]"	"[G-protein coupled receptor]"	"[P41597]"	"0.048059"	"2"	""	""	"0"	""	""	"0.75"	"CCR2"	""	""
"0.9"	""	"15189045"	"[]"	"[disease of anatomical entity (7)]"	"[Abnormality of the cardiovascular system (01626)]"	"[Cardiovascular Diseases (C14)]"	"[Disease or Syndrome (T047)]"	"Coronary Arteriosclerosis"	"[disease]"	"C0010054"	"[MESH_D003324, ICD10_I25.1, HPO_HP:0001677, NCI_C35505, ICD9CM_414.0, DO_0061139, DO_13739, DO_3393, MONDO_0001788, MONDO_0005010, MONDO_0021661, EFO_0001645, UMLS_C0010054]"	""	""	""	""	"0.913"	"0.4"	"[ENSG00000121807]"	"729230"	"protein-coding"	"[DTO_02300001]"	"[G-protein coupled receptor]"	"[P41597]"	"0.048059"	"0"	""	""	"0"	""	""	"0.75"	"CCR2"	""	""
"0.75"	""	"15198194"	"[]"	"[disease of anatomical entity (7)]"	"[]"	"[Cardiovascular Diseases (C14)]"	"[Disease or Syndrome (T047)]"	"Coronary heart disease"	"[disease]"	"C0010068"	"[MESH_D003327, DO_3393, MONDO_0005010, EFO_0001645, UMLS_C0010068]"	""	""	""	""	"0.913"	"0.4"	"[ENSG00000121807]"	"729230"	"protein-coding"	"[DTO_02300001]"	"[G-protein coupled receptor]"	"[P41597]"	"0.048059"	"1"	""	""	"0"	""	""	"0.75"	"CCR2"	""	""
"1.0"	"Limited"	"105118655"	"[]"	"[disease of anatomical entity (7), genetic disease (630)]"	"[]"	"[]"	"[Disease or Syndrome (T047)]"	"IMMUNODEFICIENCY, COMMON VARIABLE, 5"	"[disease]"	"C3150740"	"[OMIM_613495, OMIM_112210, DO_0081148, MONDO_0013285, UMLS_C3150740]"	""	""	""	""	"0.913"	"0.388"	"[ENSG00000156738]"	"931"	"protein-coding"	"[DTO_05007575]"	"[Receptor]"	"[P11836]"	"2.9438E-4"	"0"	""	""	"10"	""	""	"0.7"	"MS4A1"	"2021"	"2004"
"1.0"	"Strong"	"115226391"	"[]"	"[genetic disease (630), syndrome (225)]"	"[]"	"[]"	"[Disease or Syndrome (T047)]"	"GROWTH HORMONE INSENSITIVITY SYNDROME WITH IMMUNE DYSREGULATION 2, AUTOSOMAL DOMINANT"	"[disease]"	"C5436546"	"[OMIM_618985, OMIM_604260, DO_0080837, MONDO_0100219, UMLS_C5436546]"	""	""	""	""	"0.826"	"0.476"	"[ENSG00000173757]"	"6777"	"protein-coding"	"[DTO_05007557]"	"[Nucleic acid binding]"	"[P51692]"	"1.0"	"0"	""	""	"3"	""	""	"0.7"	"STAT5B"	"2020"	"2018"
"1.0"	""	"100329824"	"[]"	"[disease of anatomical entity (7)]"	"[Abnormality of the immune system (02715)]"	"[Immune System Diseases (C20), Congenital, Hereditary, and Neonatal Diseases and Abnormalities (C16), Nutritional and Metabolic Diseases (C18)]"	"[Disease or Syndrome (T047)]"	"Combined immunodeficiency disease"	"[disease]"	"C2711630"	"[ICD10_D81, ICD10_D81.9, ICD9CM_279.2, HPO_HP:0005387, NCI_C27871, ORDO_331217, ORDO_101972, DO_0111962, DO_628, MONDO_0015131, UMLS_C2711630]"	""	""	""	""	"0.87"	"0.48"	"[ENSG00000115085]"	"7535"	"protein-coding"	"[DTO_03300101]"	"[Kinase]"	"[P43403]"	"0.0092607"	"0"	""	""	"2"	""	""	"0.7"	"ZAP70"	"2016"	"2015"
"1.0"	"Supportive"	"15162050"	"[]"	"[disease of anatomical entity (7), genetic disease (630)]"	"[]"	"[Immune System Diseases (C20)]"	"[Disease or Syndrome (T047)]"	"Common Variable Immunodeficiency"	"[disease]"	"C0009447"	"[MESH_D017074, ICD10_D83, ICD10_D83.9, ICD9CM_279.06, OMIM_607594, DO_12177, MONDO_0015517, UMLS_C0009447]"	""	""	""	""	"0.913"	"0.388"	"[ENSG00000156738]"	"931"	"protein-coding"	"[DTO_05007575]"	"[Receptor]"	"[P11836]"	"2.9438E-4"	"0"	""	""	"2"	""	""	"0.7"	"MS4A1"	"2011"	"2010"
"1.0"	""	"10408396"	"[]"	"[disease of cellular proliferation (14566)]"	"[Neoplasm (02664), Abnormality of the integument (01574)]"	"[Neoplasms (C04)]"	"[Neoplastic Process (T191)]"	"Squamous cell carcinoma"	"[disease]"	"C0007137"	"[MESH_D002294, NCI_C2929, HPO_HP:0002860, DO_1749, MONDO_0005096, EFO_0000707, UMLS_C0007137]"	""	""	""	""	"0.913"	"0.388"	"[ENSG00000156738]"	"931"	"protein-coding"	"[DTO_05007575]"	"[Receptor]"	"[P11836]"	"2.9438E-4"	"1"	""	""	"1"	""	""	"0.7"	"MS4A1"	"2012"	"2012"
"0.8571428571428571"	""	"30300668"	"[]"	"[disease of anatomical entity (7)]"	"[]"	"[Hemic and Lymphatic Diseases (C15)]"	"[Disease or Syndrome (T047)]"	"Lymphohistiocytosis, Hemophagocytic"	"[disease]"	"C0024291"	"[ICD10_D76.1, NCI_C34792, MESH_D051359, ORDO_158032, DO_0050120, MONDO_0015540, UMLS_C0024291]"	""	"1-9 / 100 000"	"United Kingdom"	"Annual incidence"	"0.913"	"0.429"	"[ENSG00000135077]"	"84868"	"protein-coding"	"[]"	"[]"	"[Q8TDQ0]"	"0.26632"	"0"	""	""	"1"	""	""	"0.7"	"HAVCR2"	"2018"	"2018"
"0.8571428571428571"	""	"40224313"	"[]"	"[disease of anatomical entity (7)]"	"[Abnormality of the respiratory system (02086)]"	"[Respiratory Tract Diseases (C08), Pathological Conditions, Signs and Symptoms (C23)]"	"[Disease or Syndrome (T047)]"	"Pulmonary Fibrosis"	"[disease]"	"C0034069"	"[MESH_D011658, HPO_HP:0002206, NCI_C26869, DO_3770, MONDO_0002771, EFO_0009448, UMLS_C0034069]"	""	""	""	""	"0.913"	"0.4"	"[ENSG00000121807]"	"729230"	"protein-coding"	"[DTO_02300001]"	"[G-protein coupled receptor]"	"[P41597]"	"0.048059"	"0"	""	""	"1"	""	""	"0.7"	"CCR2"	"2003"	"2003"
"1.0"	""	"10301081"	"[]"	"[]"	"[Abnormality of the breast (00769), Neoplasm (02664)]"	"[Neoplasms (C04)]"	"[Neoplastic Process (T191)]"	"Noninfiltrating Intraductal Carcinoma"	"[disease]"	"C0007124"	"[MESH_D002285, ICD10_D05.1, NCI_C2924, HPO_HP:0030075, MONDO_0005023, EFO_0000313, EFO_0000432, UMLS_C0007124]"	""	""	""	""	"0.87"	"0.433"	"[ENSG00000126561]"	"6776"	"protein-coding"	"[DTO_05007557]"	"[Nucleic acid binding]"	"[P42229]"	"1.0"	"0"	""	""	"1"	""	""	"0.7"	"STAT5A"	"2004"	"2004"
"1.0"	""	"10365829"	"[]"	"[disease of anatomical entity (7), disease of cellular proliferation (14566)]"	"[Abnormality of the respiratory system (02086), Neoplasm (02664)]"	"[Respiratory Tract Diseases (C08), Neoplasms (C04)]"	"[Neoplastic Process (T191)]"	"Non-Small Cell Lung Carcinoma"	"[disease]"	"C0007131"	"[MESH_D002289, OMIM_211980, HPO_HP:0030358, NCI_C2926, DO_3908, MONDO_0005233, EFO_0003060, UMLS_C0007131]"	""	""	""	""	"0.913"	"0.388"	"[ENSG00000156738]"	"931"	"protein-coding"	"[DTO_05007575]"	"[Receptor]"	"[P11836]"	"2.9438E-4"	"1"	""	""	"1"	""	""	"0.7"	"MS4A1"	"2012"	"2012"
"1.0"	""	"15412266"	"[]"	"[disease of anatomical entity (7), disease of metabolism (0014667), genetic disease (630)]"	"[Abnormality of the endocrine system (00818), Abnormality of metabolism/homeostasis (01939)]"	"[Immune System Diseases (C20), Endocrine System Diseases (C19), Nutritional and Metabolic Diseases (C18)]"	"[Disease or Syndrome (T047)]"	"Diabetes Mellitus, Insulin-Dependent"	"[disease]"	"C0011854"	"[MESH_D003922, ICD10_E10, OMIM_222100, NCI_C2986, HPO_HP:0100651, ORDO_243377, DO_0110745, DO_0110746, DO_0110747, DO_0110749, DO_0110750, DO_0110751, DO_0110752, DO_0110753, DO_0110754, DO_0110755, DO_0110756, DO_0110757, DO_0110758, DO_0110759, DO_0110760, DO_0110761, DO_0110741, DO_0110742, DO_0110743, DO_0110744, DO_9744, MONDO_0007454, MONDO_0010950, MONDO_0012919, MONDO_0012920, MONDO_0012921, MONDO_0012961, MONDO_0011016, MONDO_0011033, MONDO_0011068, MONDO_0011123, MONDO_0011572, MONDO_0013078, MONDO_0011167, MONDO_0011168, MONDO_0012422, MONDO_0011302, MONDO_0005147, MONDO_0010861, MONDO_0010862, MONDO_0010863, MONDO_0010864, UMLS_C0011854]"	""	""	""	""	"0.87"	"0.425"	"[ENSG00000121594]"	"941"	"protein-coding"	"[]"	"[]"	"[P33681]"	"0.10192"	"0"	""	""	"0"	""	""	"0.7"	"CD80"	""	""
"0.75"	""	"25046688"	"[]"	"[disease of anatomical entity (7)]"	"[Abnormality of the cardiovascular system (01626)]"	"[Cardiovascular Diseases (C14)]"	"[Disease or Syndrome (T047)]"	"Congestive heart failure"	"[disease]"	"C0018802"	"[ICD10_I50.0, ICD9CM_428.0, NCI_C3080, HPO_HP:0001635, MESH_D006333, DO_6000, MONDO_0005252, MONDO_0005009, EFO_0000373, EFO_0003144, UMLS_C0018802]"	""	""	""	""	"0.913"	"0.4"	"[ENSG00000121807]"	"729230"	"protein-coding"	"[DTO_02300001]"	"[G-protein coupled receptor]"	"[P41597]"	"0.048059"	"0"	""	""	"0"	""	""	"0.7"	"CCR2"	""	""
"0.8947368421052632"	"Supportive"	"30275771"	"[]"	"[disease of anatomical entity (7)]"	"[Abnormality of the immune system (02715)]"	"[Immune System Diseases (C20), Skin and Connective Tissue Diseases (C17)]"	"[Disease or Syndrome (T047)]"	"Lupus Erythematosus, Systemic"	"[disease]"	"C0024141"	"[MESH_D008180, ICD10_M32, NCI_C3201, ICD10_M32.9, OMIM_152700, ICD9CM_710.0, HPO_HP:0002725, ORDO_536, DO_9074, MONDO_0007915, UMLS_C0024141]"	"Not applicable"	"1-5 / 10 000,6-9 / 10 000,1-5 / 10 000,1-5 / 10 000,1-5 / 10 000,1-5 / 10 000,1-5 / 10 000,1-5 / 10 000,1-9 / 100 000,1-5 / 10 000,6-9 / 10 000"	"France,Martinique,New Zealand,Korea, Republic of,United States,Taiwan, Province of China,Europe,Finland,Worldwide,Worldwide,Poland"	"Point prevalence,Point prevalence,Point prevalence,Point prevalence,Point prevalence,Point prevalence,Point prevalence,Point prevalence,Annual incidence,Point prevalence,Annual incidence"	"0.87"	"0.474"	"[ENSG00000117322]"	"1380"	"protein-coding"	"[]"	"[]"	"[P20023]"	"1.75E-20"	"1"	""	""	"2"	""	""	"1.0"	"CR2"	"2012"	"2007"
"0.8823529411764706"	"Supportive"	"15160795"	"[]"	"[disease of anatomical entity (7), genetic disease (630)]"	"[]"	"[Immune System Diseases (C20)]"	"[Disease or Syndrome (T047)]"	"Common Variable Immunodeficiency"	"[disease]"	"C0009447"	"[MESH_D017074, ICD10_D83, ICD10_D83.9, ICD9CM_279.06, OMIM_607594, DO_12177, MONDO_0015517, UMLS_C0009447]"	""	""	""	""	"0.87"	"0.474"	"[ENSG00000117322]"	"1380"	"protein-coding"	"[]"	"[]"	"[P20023]"	"1.75E-20"	"1"	""	""	"1"	""	""	"0.9"	"CR2"	"2012"	"2012"
"0.9375"	""	"45219539"	"[]"	"[disease of anatomical entity (7)]"	"[Abnormality of the integument (01574)]"	"[Skin and Connective Tissue Diseases (C17)]"	"[Disease or Syndrome (T047)]"	"Vitiligo"	"[disease]"	"C0042900"	"[ICD10_L80, MESH_D014820, ICD9CM_709.01, HPO_HP:0001045, NCI_C26915, ORDO_3435, DO_12306, MONDO_0008661, EFO_0004208, UMLS_C0042900]"	""	""	""	""	"0.913"	"0.487"	"[ENSG00000091592]"	"22861"	"protein-coding"	"[]"	"[]"	"[Q9C000]"	"6.0993E-22"	"0"	""	""	"0"	""	""	"0.85"	"NLRP1"	""	""
"1.0"	"Strong"	"110195671"	"[]"	"[]"	"[]"	"[]"	"[Disease or Syndrome (T047)]"	"AUTOINFLAMMATION WITH ARTHRITIS AND DYSKERATOSIS"	"[disease]"	"C4479278"	"[OMIM_606636, OMIM_617388, MONDO_0060457, UMLS_C4479278]"	""	""	""	""	"0.913"	"0.487"	"[ENSG00000091592]"	"22861"	"protein-coding"	"[]"	"[]"	"[Q9C000]"	"6.0993E-22"	"0"	""	""	"8"	""	""	"0.8"	"NLRP1"	"2023"	"2006"
"1.0"	"Moderate"	"100329587"	"[]"	"[disease of anatomical entity (7)]"	"[Abnormality of the immune system (02715)]"	"[Immune System Diseases (C20), Congenital, Hereditary, and Neonatal Diseases and Abnormalities (C16), Nutritional and Metabolic Diseases (C18)]"	"[Disease or Syndrome (T047)]"	"Combined immunodeficiency disease"	"[disease]"	"C2711630"	"[ICD10_D81, ICD10_D81.9, ICD9CM_279.2, HPO_HP:0005387, NCI_C27871, ORDO_331217, ORDO_101972, DO_0111962, DO_628, MONDO_0015131, UMLS_C2711630]"	""	""	""	""	"0.783"	"0.52"	"[ENSG00000160223]"	"23308"	"protein-coding"	"[DTO_05007584]"	"[Enzyme modulator]"	"[O75144]"	""	"0"	""	""	"7"	""	""	"0.8"	"ICOSLG"	"2022"	"1988"
"0.9411764705882353"	""	"95265795"	"[]"	"[]"	"[]"	"[]"	"[Finding (T033)]"	"VITILIGO-ASSOCIATED MULTIPLE AUTOIMMUNE DISEASE SUSCEPTIBILITY 1"	"[phenotype]"	"C1847835"	"[OMIM_606579, OMIM_606636, MONDO_0011684, UMLS_C1847835]"	""	""	""	""	"0.913"	"0.487"	"[ENSG00000091592]"	"22861"	"protein-coding"	"[]"	"[]"	"[Q9C000]"	"6.0993E-22"	"0"	""	""	"1"	""	""	"0.75"	"NLRP1"	"2007"	"2007"
"0.8181818181818182"	""	"30336749"	"[]"	"[disease by infectious agent (0050117)]"	"[]"	"[Infections (C01)]"	"[Disease or Syndrome (T047)]"	"Malaria"	"[disease]"	"C0024530"	"[MESH_D008288, ICD10_B54, ICD9CM_084.6, NCI_C34797, ICD9CM_084, ORDO_673, DO_12365, MONDO_0005136, EFO_0001068, UMLS_C0024530]"	"Not applicable"	"1-9 / 100 000,1-9 / 100 000,1-9 / 100 000,1-9 / 1 000 000,1-9 / 1 000 000,1-9 / 100 000,1-9 / 1 000 000,1-9 / 1 000 000,1-9 / 1 000 000,1-9 / 1 000 000,1-9 / 1 000 000,1-9 / 1 000 000,1-9 / 1 000 000,1-9 / 1 000 000,1-9 / 100 000,1-9 / 1 000 000,1-9 / 1 000 000,1-9 / 1 000 000,1-9 / 100 000,1-9 / 100 000,<1 / 1 000 000,1-9 / 100 000,1-9 / 1 000 000,<1 / 1 000 000,1-9 / 1 000 000,1-9 / 100 000,1-9 / 100 000,1-9 / 100 000,1-9 / 100 000"	"Europe,Europe,Denmark,Iceland,Austria,Belgium,Bulgaria,Croatia,Cyprus,Czech Republic,Estonia,Finland,Greece,Hungary,Ireland,Latvia,Lithuania,Luxembourg,Malta,Netherlands,Poland,Portugal,Romania,Slovakia,Slovenia,Spain,Sweden,United Kingdom,Norway"	"Point prevalence,Annual incidence,Annual incidence,Annual incidence,Annual incidence,Annual incidence,Annual incidence,Annual incidence,Annual incidence,Annual incidence,Annual incidence,Annual incidence,Annual incidence,Annual incidence,Annual incidence,Annual incidence,Annual incidence,Annual incidence,Annual incidence,Annual incidence,Annual incidence,Annual incidence,Annual incidence,Annual incidence,Annual incidence,Annual incidence,Annual incidence,Annual incidence,Annual incidence"	"0.957"	"0.452"	"[ENSG00000203710]"	"1378"	"protein-coding"	"[]"	"[]"	"[P17927]"	"1.0943E-19"	"0"	""	""	"0"	""	""	"0.75"	"CR1"	""	""
"1.0"	"Definitive"	"105234198"	"[]"	"[disease of anatomical entity (7), genetic disease (630)]"	"[]"	"[]"	"[Disease or Syndrome (T047)]"	"IMMUNODEFICIENCY, COMMON VARIABLE, 7"	"[disease]"	"C3542922"	"[OMIM_614699, OMIM_120650, ORDO_696894, DO_0081150, MONDO_0013862, UMLS_C3542922]"	""	""	""	""	"0.87"	"0.474"	"[ENSG00000117322]"	"1380"	"protein-coding"	"[]"	"[]"	"[P20023]"	"1.75E-20"	"0"	""	""	"19"	""	""	"0.7"	"CR2"	"2024"	"1984"
"1.0"	"Strong"	"70309297"	"[]"	"[]"	"[]"	"[Congenital, Hereditary, and Neonatal Diseases and Abnormalities (C16), Immune System Diseases (C20), Urogenital Diseases (C12)]"	"[Disease or Syndrome (T047)]"	"Complement Factor D Deficiency"	"[disease]"	"C0398764"	"[OMIM_613912, MESH_C565027, OMIM_134350, ORDO_169467, MONDO_0013487, UMLS_C0398764]"	""	""	""	""	"0.739"	"0.541"	"[ENSG00000197766]"	"1675"	"protein-coding"	"[DTO_05007624]"	"[Enzyme]"	"[P00746]"	"2.3934E-12"	"0"	""	""	"4"	""	""	"0.7"	"CFD"	"2019"	"2001"
"1.0"	""	"70213579"	"[]"	"[disease of cellular proliferation (14566), disease of anatomical entity (7)]"	"[Abnormality of the genitourinary system (00119), Neoplasm (02664)]"	"[Neoplasms (C04), Urogenital Diseases (C12)]"	"[Neoplastic Process (T191)]"	"Malignant neoplasm of prostate"	"[disease]"	"C0376358"	"[ICD10_C61, MESH_D011471, OMIM_176807, ICD9CM_185, OMIM_600020, OMIM_600185, HPO_HP:0012125, NCI_C7378, DO_10283, MONDO_0008315, MONDO_0700275, EFO_0000673, EFO_0001663, UMLS_C0376358]"	""	""	""	""	"0.913"	"0.487"	"[ENSG00000091592]"	"22861"	"protein-coding"	"[]"	"[]"	"[Q9C000]"	"6.0993E-22"	"0"	""	""	"8"	""	""	"0.65"	"NLRP1"	"2022"	"2002"
"1.0"	""	"20294920"	"[]"	"[disease of anatomical entity (7)]"	"[Abnormality of the genitourinary system (00119), Abnormality of the immune system (02715)]"	"[Urogenital Diseases (C12)]"	"[Disease or Syndrome (T047)]"	"Glomerulonephritis"	"[disease]"	"C0017658"	"[MESH_D005921, HPO_HP:0000099, NCI_C26784, DO_2921, DO_10952, DO_557, MONDO_0002462, UMLS_C0017658]"	""	""	""	""	"0.739"	"0.541"	"[ENSG00000197766]"	"1675"	"protein-coding"	"[DTO_05007624]"	"[Enzyme]"	"[P00746]"	"2.3934E-12"	"1"	""	""	"1"	""	""	"0.65"	"CFD"	"2004"	"2004"
"1.0"	"Limited"	"115346558"	"[]"	"[genetic disease (630), disease of anatomical entity (7)]"	"[]"	"[]"	"[Disease or Syndrome (T047)]"	"IMMUNODEFICIENCY 119"	"[disease]"	"C5935621"	"[OMIM_620825, OMIM_605717, DO_0061085, MONDO_0970993, UMLS_C5935621]"	""	""	""	""	"0.783"	"0.52"	"[ENSG00000160223]"	"23308"	"protein-coding"	"[DTO_05007584]"	"[Enzyme modulator]"	"[O75144]"	""	"0"	""	""	"1"	""	""	"0.6"	"ICOSLG"	"2018"	"2018"
"1.0"	""	"15064922"	"[]"	"[disease of anatomical entity (7)]"	"[Abnormality of the digestive system (25031), Abnormality of the immune system (02715)]"	"[Digestive System Diseases (C06)]"	"[Disease or Syndrome (T047)]"	"Ulcerative Colitis"	"[disease]"	"C0009324"	"[ICD10_K51, MESH_D003093, ICD10_K51.9, OMIM_266600, ICD9CM_556.9, HPO_HP:0100279, NCI_C2952, ICD9CM_556, DO_8577, MONDO_0005101, EFO_0000729, UMLS_C0009324]"	""	""	""	""	"0.783"	"0.52"	"[ENSG00000160223]"	"23308"	"protein-coding"	"[DTO_05007584]"	"[Enzyme modulator]"	"[O75144]"	""	"0"	""	""	"1"	""	""	"0.6"	"ICOSLG"	"2010"	"2010"
"0.5"	""	"90017330"	"[]"	"[]"	"[]"	"[Infections (C01), Pathological Conditions, Signs and Symptoms (C23), Respiratory Tract Diseases (C08), Urogenital Diseases (C12)]"	"[Neoplastic Process (T191)]"	"Recurrent respiratory papillomatosis"	"[disease]"	"C1168198"	"[MESH_C535297, NCI_C128637, ORDO_60032, MONDO_0018955, UMLS_C1168198]"	"Not applicable"	"1-9 / 100 000,1-9 / 1 000 000,1-9 / 100 000,1-9 / 1 000 000,1-9 / 100 000,1-9 / 100 000"	"Netherlands,Netherlands,United States,Denmark,United Kingdom,Europe"	"Point prevalence,Annual incidence,Annual incidence,Annual incidence,Point prevalence,Point prevalence"	"0.913"	"0.487"	"[ENSG00000091592]"	"22861"	"protein-coding"	"[]"	"[]"	"[Q9C000]"	"6.0993E-22"	"0"	""	""	"0"	""	""	"0.6"	"NLRP1"	""	""
"1.0"	"Strong"	"105308147"	"[]"	"[]"	"[]"	"[]"	"[Neoplastic Process (T191)]"	"PALMOPLANTAR CARCINOMA, MULTIPLE SELF-HEALING"	"[disease]"	"C3808876"	"[OMIM_615225, OMIM_606636, ORDO_352662, MONDO_0014089, UMLS_C3808876]"	""	""	""	""	"0.913"	"0.487"	"[ENSG00000091592]"	"22861"	"protein-coding"	"[]"	"[]"	"[Q9C000]"	"6.0993E-22"	"0"	""	""	"6"	""	""	"0.5"	"NLRP1"	"2020"	"2007"
"1.0"	""	"20083266"	"[]"	"[disease of anatomical entity (7)]"	"[Abnormality of the genitourinary system (00119)]"	"[Urogenital Diseases (C12)]"	"[Disease or Syndrome (T047)]"	"Endometriosis"	"[disease]"	"C0014175"	"[MESH_D004715, ICD10_N80, ICD10_N80.9, ICD9CM_617.9, HPO_HP:0030127, NCI_C3014, ICD9CM_617, DO_289, MONDO_0005133, EFO_0001065, UMLS_C0014175]"	""	""	""	""	"0.739"	"0.541"	"[ENSG00000197766]"	"1675"	"protein-coding"	"[DTO_05007624]"	"[Enzyme]"	"[P00746]"	"2.3934E-12"	"1"	""	""	"1"	""	""	"0.5"	"CFD"	"2011"	"2011"
"1.0"	""	"35027494"	"[]"	"[]"	"[]"	"[Infections (C01)]"	"[Disease or Syndrome (T047)]"	"Meningococcal Infections"	"[disease]"	"C0025303"	"[ICD10_A39, MESH_D008589, ICD10_A39.9, ICD9CM_036.9, ICD9CM_036, MONDO_0005373, EFO_0004249, UMLS_C0025303]"	""	""	""	""	"0.739"	"0.541"	"[ENSG00000197766]"	"1675"	"protein-coding"	"[DTO_05007624]"	"[Enzyme]"	"[P00746]"	"2.3934E-12"	"0"	""	""	"1"	""	""	"0.5"	"CFD"	"2006"	"2006"
"1.0"	""	"115213802"	"[]"	"[]"	"[]"	"[]"	"[Disease or Syndrome (T047)]"	"RESPIRATORY PAPILLOMATOSIS, JUVENILE RECURRENT, CONGENITAL"	"[disease]"	"C5394112"	"[OMIM_606636, OMIM_618803, MONDO_0032925, UMLS_C5394112]"	""	""	""	""	"0.913"	"0.487"	"[ENSG00000091592]"	"22861"	"protein-coding"	"[]"	"[]"	"[Q9C000]"	"6.0993E-22"	"0"	""	""	"1"	""	""	"0.45"	"NLRP1"	"2019"	"2019"
"1.0"	""	"10456206"	"[]"	"[disease of anatomical entity (7)]"	"[Abnormality of the digestive system (25031), Abnormality of the immune system (02715)]"	"[Digestive System Diseases (C06), Nutritional and Metabolic Diseases (C18)]"	"[Disease or Syndrome (T047)]"	"Celiac Disease"	"[disease]"	"C0007570"	"[MESH_D002446, ICD10_K90.0, NCI_C26714, ICD9CM_579.0, HPO_HP:0002608, ORDO_555, DO_10608, MONDO_0005130, EFO_0001060, EFO_0009266, UMLS_C0007570]"	""	""	""	""	"0.783"	"0.52"	"[ENSG00000160223]"	"23308"	"protein-coding"	"[DTO_05007584]"	"[Enzyme modulator]"	"[O75144]"	""	"0"	""	""	"1"	""	""	"0.45"	"ICOSLG"	"2010"	"2010"
"1.0"	""	"50201500"	"[]"	"[disease of anatomical entity (7), disease of cellular proliferation (14566)]"	"[]"	"[Stomatognathic Diseases (C07), Otorhinolaryngologic Diseases (C09), Neoplasms (C04)]"	"[Neoplastic Process (T191)]"	"Malignant tumor of anterior wall of nasopharynx"	"[disease]"	"C0153396"	"[ICD10_C11.3, ICD9CM_147.3, NCI_C194057, DO_9261, MONDO_0015459, UMLS_C0153396]"	""	""	""	""	"0.87"	"0.474"	"[ENSG00000117322]"	"1380"	"protein-coding"	"[]"	"[]"	"[P20023]"	"1.75E-20"	"0"	""	""	"0"	""	""	"0.45"	"CR2"	""	""
"1.0"	""	"50201263"	"[]"	"[disease of anatomical entity (7), disease of cellular proliferation (14566)]"	"[]"	"[Stomatognathic Diseases (C07), Otorhinolaryngologic Diseases (C09), Neoplasms (C04)]"	"[Neoplastic Process (T191)]"	"Malignant neoplasm of superior wall of nasopharynx"	"[disease]"	"C0153393"	"[ICD10_C11.0, ICD9CM_147.0, NCI_C194054, DO_9261, MONDO_0015459, UMLS_C0153393]"	""	""	""	""	"0.87"	"0.474"	"[ENSG00000117322]"	"1380"	"protein-coding"	"[]"	"[]"	"[P20023]"	"1.75E-20"	"0"	""	""	"0"	""	""	"0.45"	"CR2"	""	""
"1.0"	""	"50201342"	"[]"	"[disease of anatomical entity (7), disease of cellular proliferation (14566)]"	"[]"	"[Stomatognathic Diseases (C07), Otorhinolaryngologic Diseases (C09), Neoplasms (C04)]"	"[Neoplastic Process (T191)]"	"Malignant tumor of posterior wall of nasopharynx"	"[disease]"	"C0153394"	"[ICD10_C11.1, ICD9CM_147.1, NCI_C194055, DO_9261, MONDO_0015459, UMLS_C0153394]"	""	""	""	""	"0.87"	"0.474"	"[ENSG00000117322]"	"1380"	"protein-coding"	"[]"	"[]"	"[P20023]"	"1.75E-20"	"0"	""	""	"0"	""	""	"0.45"	"CR2"	""	""
"1.0"	""	"50201421"	"[]"	"[disease of anatomical entity (7), disease of cellular proliferation (14566)]"	"[]"	"[Stomatognathic Diseases (C07), Otorhinolaryngologic Diseases (C09), Neoplasms (C04)]"	"[Neoplastic Process (T191)]"	"Malignant tumor of lateral wall of nasopharynx"	"[disease]"	"C0153395"	"[ICD10_C11.2, ICD9CM_147.2, NCI_C194056, DO_9261, MONDO_0015459, UMLS_C0153395]"	""	""	""	""	"0.87"	"0.474"	"[ENSG00000117322]"	"1380"	"protein-coding"	"[]"	"[]"	"[P20023]"	"1.75E-20"	"0"	""	""	"0"	""	""	"0.45"	"CR2"	""	""
"1.0"	""	"50200563"	"[]"	"[disease of anatomical entity (7), disease of cellular proliferation (14566)]"	"[]"	"[Stomatognathic Diseases (C07), Otorhinolaryngologic Diseases (C09), Neoplasms (C04)]"	"[Neoplastic Process (T191)]"	"Malignant neoplasm of nasopharynx"	"[disease]"	"C0153392"	"[ICD10_C11, ICD10_C11.9, MESH_D009303, ICD9CM_147.9, NCI_C9321, ICD9CM_147, DO_9261, MONDO_0005375, MONDO_0015459, MONDO_0021315, EFO_0004252, UMLS_C0153392]"	""	""	""	""	"0.87"	"0.474"	"[ENSG00000117322]"	"1380"	"protein-coding"	"[]"	"[]"	"[P20023]"	"1.75E-20"	"0"	""	""	"0"	""	""	"0.45"	"CR2"	""	""
"1.0"	""	"100052561"	"[]"	"[disease of anatomical entity (7), physical disorder (0080015), genetic disease (630)]"	"[]"	"[Hemic and Lymphatic Diseases (C15)]"	"[Disease or Syndrome (T047)]"	"Neutropenia, Severe Congenital, Autosomal Dominant 1"	"[disease]"	"C1859966"	"[OMIM_202700, MESH_C565969, OMIM_130130, NCI_C176827, ORDO_486, DO_0080625, MONDO_0018542, MONDO_0042490, UMLS_C1859966]"	""	""	""	""	"0.739"	"0.541"	"[ENSG00000197766]"	"1675"	"protein-coding"	"[DTO_05007624]"	"[Enzyme]"	"[P00746]"	"2.3934E-12"	"0"	""	""	"17"	""	""	"0.4"	"CFD"	"2019"	"1993"
"1.0"	""	"55207348"	"[]"	"[disease of anatomical entity (7)]"	"[]"	"[Hemic and Lymphatic Diseases (C15)]"	"[Disease or Syndrome (T047)]"	"Cyclic neutropenia"	"[disease]"	"C0221023"	"[ICD9CM_288.02, MESH_C536227, OMIM_162800, OMIM_130130, HPO_HP:0040289, NCI_C3820, ORDO_2686, DO_5339, MONDO_0008090, UMLS_C0221023]"	"Autosomal dominant"	""	""	""	"0.739"	"0.541"	"[ENSG00000197766]"	"1675"	"protein-coding"	"[DTO_05007624]"	"[Enzyme]"	"[P00746]"	"2.3934E-12"	"0"	""	""	"15"	""	""	"0.4"	"CFD"	"2019"	"1993"
"1.0"	""	"100163519"	"[]"	"[]"	"[]"	"[]"	"[Finding (T033)]"	"MALARIA, SEVERE, RESISTANCE TO"	"[phenotype]"	"C1970030"	"[OMIM_611162, OMIM_120620, OMIM_163730, UMLS_C1970030]"	""	""	""	""	"0.957"	"0.452"	"[ENSG00000203710]"	"1378"	"protein-coding"	"[]"	"[]"	"[P17927]"	"1.0943E-19"	"0"	""	""	"3"	""	""	"0.4"	"CR1"	"2010"	"1999"
"1.0"	""	"100165194"	"[]"	"[]"	"[]"	"[]"	"[Finding (T033)]"	"SYSTEMIC LUPUS ERYTHEMATOSUS, SUSCEPTIBILITY TO, 9"	"[phenotype]"	"C1970455"	"[OMIM_610927, OMIM_120650, MONDO_0012584, UMLS_C1970455]"	""	""	""	""	"0.87"	"0.474"	"[ENSG00000117322]"	"1380"	"protein-coding"	"[]"	"[]"	"[P20023]"	"1.75E-20"	"0"	""	""	"2"	""	""	"0.4"	"CR2"	"2014"	"2007"
"1.0"	""	"25293179"	"[]"	"[disease of anatomical entity (7)]"	"[Abnormality of the immune system (02715)]"	"[Immune System Diseases (C20)]"	"[Disease or Syndrome (T047)]"	"Immunologic Deficiency Syndromes"	"[disease]"	"C0021051"	"[MESH_D007153, ICD10_D84.9, NCI_C39725, ICD9CM_279.3, HPO_HP:0002721, NCI_C3131, DO_612, MONDO_0003778, MONDO_0021094, UMLS_C0021051]"	""	""	""	""	"0.739"	"0.541"	"[ENSG00000197766]"	"1675"	"protein-coding"	"[DTO_05007624]"	"[Enzyme]"	"[P00746]"	"2.3934E-12"	"0"	""	""	"2"	""	""	"0.4"	"CFD"	"2006"	"2001"
"1.0"	""	"115111204"	"[]"	"[]"	"[]"	"[Eye Diseases (C11), Skin and Connective Tissue Diseases (C17), Congenital, Hereditary, and Neonatal Diseases and Abnormalities (C16)]"	"[Disease or Syndrome (T047)]"	"Corneal intraepithelial dyskeratosis, palmoplantar hyperkeratosis, laryngeal dyskeratosis syndrome (disorder)"	"[disease]"	"C4751001"	"[ORDO_352662, MONDO_0014089, UMLS_C4751001]"	"Autosomal dominant"	"<1 / 1 000 000"	"Worldwide"	"Point prevalence"	"0.913"	"0.487"	"[ENSG00000091592]"	"22861"	"protein-coding"	"[]"	"[]"	"[Q9C000]"	"6.0993E-22"	"0"	""	""	"1"	""	""	"0.4"	"NLRP1"	"2013"	"2013"
